t_s,phase,drone_id,mode,armed,landed_state,z_local_m
10.04,boot,1,,0,0,nan
10.04,boot,2,,0,0,nan
10.04,boot,3,,0,0,nan
10.04,boot,4,,0,0,nan
10.04,boot,5,,0,0,nan
10.04,boot,6,,0,0,nan
10.04,boot,7,,0,0,nan
10.04,boot,8,,0,0,nan
10.04,boot,9,,0,0,nan
10.04,boot,10,,0,0,nan
10.24,boot,1,,0,0,nan
10.24,boot,2,,0,0,nan
10.24,boot,3,,0,0,nan
10.24,boot,4,,0,0,nan
10.24,boot,5,,0,0,nan
10.24,boot,6,,0,0,nan
10.24,boot,7,,0,0,nan
10.24,boot,8,,0,0,nan
10.24,boot,9,,0,0,nan
10.24,boot,10,,0,0,nan
10.45,boot,1,,0,0,nan
10.45,boot,2,,0,0,nan
10.45,boot,3,,0,0,nan
10.45,boot,4,,0,0,nan
10.45,boot,5,,0,0,nan
10.45,boot,6,,0,0,nan
10.45,boot,7,,0,0,nan
10.45,boot,8,,0,0,nan
10.45,boot,9,,0,0,nan
10.45,boot,10,,0,0,nan
10.66,boot,1,,0,0,nan
10.66,boot,2,,0,0,nan
10.66,boot,3,,0,0,nan
10.66,boot,4,,0,0,nan
10.66,boot,5,,0,0,nan
10.66,boot,6,,0,0,nan
10.66,boot,7,,0,0,nan
10.66,boot,8,,0,0,nan
10.66,boot,9,,0,0,nan
10.66,boot,10,,0,0,nan
10.89,boot,1,,0,0,nan
10.89,boot,2,,0,0,nan
10.89,boot,3,,0,0,nan
10.89,boot,4,,0,0,nan
10.89,boot,5,,0,0,nan
10.89,boot,6,,0,0,nan
10.89,boot,7,,0,0,nan
10.89,boot,8,,0,0,nan
10.89,boot,9,,0,0,nan
10.89,boot,10,,0,0,nan
11.14,boot,1,,0,0,nan
11.14,boot,2,,0,0,nan
11.14,boot,3,,0,0,nan
11.14,boot,4,,0,0,nan
11.14,boot,5,,0,0,nan
11.14,boot,6,,0,0,nan
11.14,boot,7,,0,0,nan
11.14,boot,8,,0,0,nan
11.14,boot,9,,0,0,nan
11.14,boot,10,,0,0,nan
11.37,boot,1,,0,0,nan
11.37,boot,2,,0,0,nan
11.37,boot,3,,0,0,nan
11.37,boot,4,,0,0,nan
11.37,boot,5,,0,0,nan
11.37,boot,6,,0,0,nan
11.37,boot,7,,0,0,0.004
11.37,boot,8,,0,0,nan
11.37,boot,9,,0,0,0.027
11.37,boot,10,,0,0,nan
11.57,boot,1,,0,0,nan
11.57,boot,2,,0,0,nan
11.57,boot,3,,0,0,nan
11.57,boot,4,,0,0,nan
11.57,boot,5,,0,0,nan
11.57,boot,6,,0,0,nan
11.57,boot,7,CMODE(50593792),0,1,0.004
11.57,boot,8,,0,0,nan
11.57,boot,9,CMODE(50593792),0,1,0.027
11.57,boot,10,,0,0,nan
11.8,boot,1,,0,0,nan
11.8,boot,2,,0,0,nan
11.8,boot,3,,0,0,nan
11.8,boot,4,,0,0,nan
11.8,boot,5,,0,0,nan
11.8,boot,6,,0,0,nan
11.8,boot,7,CMODE(50593792),0,1,0.004
11.8,boot,8,,0,0,nan
11.8,boot,9,CMODE(50593792),0,1,0.025
11.8,boot,10,,0,0,nan
12.02,boot,1,,0,0,nan
12.02,boot,2,,0,0,nan
12.02,boot,3,,0,0,nan
12.02,boot,4,,0,0,nan
12.02,boot,5,,0,0,nan
12.02,boot,6,,0,0,nan
12.02,boot,7,CMODE(50593792),0,1,0.004
12.02,boot,8,,0,0,nan
12.02,boot,9,CMODE(50593792),0,1,0.022
12.02,boot,10,,0,0,nan
12.26,boot,1,,0,0,nan
12.26,boot,2,,0,0,nan
12.26,boot,3,,0,0,nan
12.26,boot,4,,0,0,nan
12.26,boot,5,,0,0,nan
12.26,boot,6,,0,0,nan
12.26,boot,7,CMODE(50593792),0,1,0.005
12.26,boot,8,,0,0,nan
12.26,boot,9,CMODE(50593792),0,1,0.017
12.26,boot,10,,0,0,nan
12.5,boot,1,,0,1,0.004
12.5,boot,2,,0,0,0.02
12.5,boot,3,,0,0,nan
12.5,boot,4,,0,0,nan
12.5,boot,5,,0,0,nan
12.5,boot,6,,0,0,nan
12.5,boot,7,CMODE(50593792),0,1,0.005
12.5,boot,8,,0,0,nan
12.5,boot,9,CMODE(50593792),0,1,0.013
12.5,boot,10,,0,0,nan
12.72,boot,1,CMODE(50593792),0,1,0.003
12.72,boot,2,,0,1,0.02
12.72,boot,3,CMODE(50593792),0,1,0.006
12.72,boot,4,,0,0,0.011
12.72,boot,5,,0,0,nan
12.72,boot,6,,0,0,nan
12.72,boot,7,AUTO.LOITER,0,1,0.006
12.72,boot,8,,0,0,0.028
12.72,boot,9,AUTO.LOITER,0,1,0.01
12.72,boot,10,,0,0,nan
12.94,boot,1,CMODE(50593792),0,1,0.002
12.94,boot,2,CMODE(50593792),0,1,0.02
12.94,boot,3,CMODE(50593792),0,1,0.007
12.94,boot,4,CMODE(50593792),0,1,0.01
12.94,boot,5,,0,0,0.01
12.94,boot,6,,0,0,nan
12.94,boot,7,AUTO.LOITER,0,1,0.008
12.94,boot,8,,0,1,0.027
12.94,boot,9,AUTO.LOITER,0,1,0.008
12.94,boot,10,,0,0,nan
13.18,boot,1,CMODE(50593792),0,1,0.002
13.18,boot,2,CMODE(50593792),0,1,0.019
13.18,boot,3,CMODE(50593792),0,1,0.008
13.18,boot,4,CMODE(50593792),0,1,0.01
13.18,boot,5,,0,1,0.01
13.18,boot,6,,0,1,0.014
13.18,boot,7,AUTO.LOITER,0,1,0.01
13.18,boot,8,,0,1,0.025
13.18,boot,9,AUTO.LOITER,0,1,0.002
13.18,boot,10,,0,1,0.039
13.38,boot,1,CMODE(50593792),0,1,0.001
13.38,boot,2,CMODE(50593792),0,1,0.018
13.38,boot,3,CMODE(50593792),0,1,0.009
13.38,boot,4,CMODE(50593792),0,1,0.01
13.38,boot,5,,0,1,0.008
13.38,boot,6,,0,1,0.013
13.38,boot,7,AUTO.LOITER,0,1,0.011
13.38,boot,8,,0,1,0.024
13.38,boot,9,AUTO.LOITER,0,1,0.001
13.38,boot,10,,0,1,0.038
13.6,boot,1,CMODE(50593792),0,1,0.001
13.6,boot,2,CMODE(50593792),0,1,0.017
13.6,boot,3,CMODE(50593792),0,1,0.01
13.6,boot,4,CMODE(50593792),0,1,0.011
13.6,boot,5,,0,1,0.007
13.6,boot,6,,0,1,0.013
13.6,boot,7,AUTO.LOITER,0,1,0.013
13.6,boot,8,,0,1,0.026
13.6,boot,9,AUTO.LOITER,0,1,-0.002
13.6,boot,10,,0,1,0.033
16.82,arm_climb,1,AUTO.LOITER,0,1,0.003
16.82,arm_climb,2,AUTO.LOITER,0,1,0.021
16.82,arm_climb,3,AUTO.LOITER,0,1,0.008
16.82,arm_climb,4,AUTO.LOITER,0,1,0.008
16.82,arm_climb,5,AUTO.LOITER,0,1,0.001
16.82,arm_climb,6,AUTO.LOITER,0,1,0.01
16.82,arm_climb,7,AUTO.LOITER,0,1,0.01
16.82,arm_climb,8,AUTO.LOITER,0,1,0.027
16.82,arm_climb,9,AUTO.LOITER,0,1,0.007
16.82,arm_climb,10,AUTO.LOITER,0,1,0.016
17.02,arm_climb,1,AUTO.LOITER,0,1,0.003
17.02,arm_climb,2,AUTO.LOITER,0,1,0.021
17.02,arm_climb,3,OFFBOARD,0,1,0.009
17.02,arm_climb,4,AUTO.LOITER,0,1,0.009
17.02,arm_climb,5,AUTO.LOITER,0,1,-0.0
17.02,arm_climb,6,OFFBOARD,0,1,0.01
17.02,arm_climb,7,AUTO.LOITER,0,1,0.011
17.02,arm_climb,8,OFFBOARD,0,1,0.027
17.02,arm_climb,9,OFFBOARD,0,1,0.006
17.02,arm_climb,10,AUTO.LOITER,0,1,0.017
17.24,arm_climb,1,OFFBOARD,0,1,0.002
17.24,arm_climb,2,OFFBOARD,0,1,0.019
17.24,arm_climb,3,OFFBOARD,0,1,0.009
17.24,arm_climb,4,OFFBOARD,0,1,0.009
17.24,arm_climb,5,OFFBOARD,0,1,-0.001
17.24,arm_climb,6,OFFBOARD,0,1,0.009
17.24,arm_climb,7,OFFBOARD,0,1,0.012
17.24,arm_climb,8,OFFBOARD,0,1,0.028
17.24,arm_climb,9,OFFBOARD,0,1,0.006
17.24,arm_climb,10,OFFBOARD,0,1,0.018
17.44,arm_climb,1,OFFBOARD,0,1,0.001
17.44,arm_climb,2,OFFBOARD,0,1,0.018
17.44,arm_climb,3,OFFBOARD,0,1,0.01
17.44,arm_climb,4,OFFBOARD,0,1,0.011
17.44,arm_climb,5,OFFBOARD,0,1,-0.0
17.44,arm_climb,6,OFFBOARD,0,1,0.009
17.44,arm_climb,7,OFFBOARD,0,1,0.012
17.44,arm_climb,8,OFFBOARD,0,1,0.029
17.44,arm_climb,9,OFFBOARD,0,1,0.005
17.44,arm_climb,10,OFFBOARD,0,1,0.018
17.65,arm_climb,1,OFFBOARD,0,1,-0.002
17.65,arm_climb,2,OFFBOARD,0,1,0.016
17.65,arm_climb,3,OFFBOARD,0,1,0.011
17.65,arm_climb,4,OFFBOARD,0,1,0.012
17.65,arm_climb,5,OFFBOARD,0,1,-0.0
17.65,arm_climb,6,OFFBOARD,0,1,0.008
17.65,arm_climb,7,OFFBOARD,0,1,0.012
17.65,arm_climb,8,OFFBOARD,0,1,0.03
17.65,arm_climb,9,OFFBOARD,0,1,0.004
17.65,arm_climb,10,OFFBOARD,0,1,0.018
17.87,arm_climb,1,OFFBOARD,0,1,-0.003
17.87,arm_climb,2,OFFBOARD,0,1,0.015
17.87,arm_climb,3,OFFBOARD,0,1,0.01
17.87,arm_climb,4,OFFBOARD,0,1,0.012
17.87,arm_climb,5,OFFBOARD,0,1,0.0
17.87,arm_climb,6,OFFBOARD,0,1,0.007
17.87,arm_climb,7,OFFBOARD,0,1,0.012
17.87,arm_climb,8,OFFBOARD,0,1,0.033
17.87,arm_climb,9,OFFBOARD,0,1,0.003
17.87,arm_climb,10,OFFBOARD,0,1,0.017
18.08,arm_climb,1,OFFBOARD,0,1,-0.011
18.08,arm_climb,2,OFFBOARD,0,1,0.018
18.08,arm_climb,3,OFFBOARD,0,1,0.006
18.08,arm_climb,4,OFFBOARD,0,1,0.008
18.08,arm_climb,5,OFFBOARD,0,1,0.002
18.08,arm_climb,6,OFFBOARD,0,1,0.008
18.08,arm_climb,7,OFFBOARD,0,1,0.004
18.08,arm_climb,8,OFFBOARD,1,1,0.036
18.08,arm_climb,9,OFFBOARD,0,1,0.003
18.08,arm_climb,10,OFFBOARD,0,1,0.021
18.28,arm_climb,1,OFFBOARD,1,1,-0.016
18.28,arm_climb,2,OFFBOARD,1,1,0.021
18.28,arm_climb,3,OFFBOARD,1,1,-0.009
18.28,arm_climb,4,OFFBOARD,1,1,0.013
18.28,arm_climb,5,OFFBOARD,1,1,0.003
18.28,arm_climb,6,OFFBOARD,1,1,0.011
18.28,arm_climb,7,OFFBOARD,1,1,-0.012
18.28,arm_climb,8,OFFBOARD,1,1,0.024
18.28,arm_climb,9,OFFBOARD,1,1,0.011
18.28,arm_climb,10,OFFBOARD,1,1,0.026
18.49,arm_climb,1,OFFBOARD,1,1,-0.025
18.49,arm_climb,2,OFFBOARD,1,1,0.013
18.49,arm_climb,3,OFFBOARD,1,1,-0.026
18.49,arm_climb,4,OFFBOARD,1,1,0.021
18.49,arm_climb,5,OFFBOARD,1,1,0.016
18.49,arm_climb,6,OFFBOARD,1,1,0.011
18.49,arm_climb,7,OFFBOARD,1,1,-0.024
18.49,arm_climb,8,OFFBOARD,1,1,0.01
18.49,arm_climb,9,OFFBOARD,1,1,0.026
18.49,arm_climb,10,OFFBOARD,1,1,0.025
18.7,arm_climb,1,OFFBOARD,1,1,-0.035
18.7,arm_climb,2,OFFBOARD,1,1,-0.009
18.7,arm_climb,3,OFFBOARD,1,1,-0.05
18.7,arm_climb,4,OFFBOARD,1,1,0.029
18.7,arm_climb,5,OFFBOARD,1,1,0.032
18.7,arm_climb,6,OFFBOARD,1,1,0.006
18.7,arm_climb,7,OFFBOARD,1,1,-0.034
18.7,arm_climb,8,OFFBOARD,1,1,0.011
18.7,arm_climb,9,OFFBOARD,1,1,0.033
18.7,arm_climb,10,OFFBOARD,1,1,0.021
18.9,arm_climb,1,OFFBOARD,1,1,-0.049
18.9,arm_climb,2,OFFBOARD,1,1,-0.027
18.9,arm_climb,3,OFFBOARD,1,1,-0.061
18.9,arm_climb,4,OFFBOARD,1,1,0.034
18.9,arm_climb,5,OFFBOARD,1,1,0.04
18.9,arm_climb,6,OFFBOARD,1,1,0.002
18.9,arm_climb,7,OFFBOARD,1,1,-0.051
18.9,arm_climb,8,OFFBOARD,1,1,0.016
18.9,arm_climb,9,OFFBOARD,1,1,0.053
18.9,arm_climb,10,OFFBOARD,1,1,0.018
19.12,arm_climb,1,OFFBOARD,1,1,-0.063
19.12,arm_climb,2,OFFBOARD,1,1,-0.057
19.12,arm_climb,3,OFFBOARD,1,1,-0.065
19.12,arm_climb,4,OFFBOARD,1,1,0.027
19.12,arm_climb,5,OFFBOARD,1,1,0.05
19.12,arm_climb,6,OFFBOARD,1,1,0.009
19.12,arm_climb,7,OFFBOARD,1,1,-0.065
19.12,arm_climb,8,OFFBOARD,1,1,0.024
19.12,arm_climb,9,OFFBOARD,1,1,0.076
19.12,arm_climb,10,OFFBOARD,1,1,0.019
19.33,arm_climb,1,OFFBOARD,1,1,-0.066
19.33,arm_climb,2,OFFBOARD,1,1,-0.083
19.33,arm_climb,3,OFFBOARD,1,1,-0.074
19.33,arm_climb,4,OFFBOARD,1,1,0.017
19.33,arm_climb,5,OFFBOARD,1,1,0.069
19.33,arm_climb,6,OFFBOARD,1,1,0.016
19.33,arm_climb,7,OFFBOARD,1,1,-0.078
19.33,arm_climb,8,OFFBOARD,1,1,0.041
19.33,arm_climb,9,OFFBOARD,1,1,0.099
19.33,arm_climb,10,OFFBOARD,1,1,0.02
19.53,arm_climb,1,OFFBOARD,1,1,-0.076
19.53,arm_climb,2,OFFBOARD,1,1,-0.106
19.53,arm_climb,3,OFFBOARD,1,1,-0.092
19.53,arm_climb,4,OFFBOARD,1,1,0.003
19.53,arm_climb,5,OFFBOARD,1,1,0.094
19.53,arm_climb,6,OFFBOARD,1,1,0.034
19.53,arm_climb,7,OFFBOARD,1,1,-0.093
19.53,arm_climb,8,OFFBOARD,1,1,0.056
19.53,arm_climb,9,OFFBOARD,1,1,0.125
19.53,arm_climb,10,OFFBOARD,1,1,0.024
19.73,arm_climb,1,OFFBOARD,1,1,-0.081
19.73,arm_climb,2,OFFBOARD,1,1,-0.116
19.73,arm_climb,3,OFFBOARD,1,1,-0.125
19.73,arm_climb,4,OFFBOARD,1,2,-0.018
19.73,arm_climb,5,OFFBOARD,1,1,0.123
19.73,arm_climb,6,OFFBOARD,1,1,0.047
19.73,arm_climb,7,OFFBOARD,1,1,-0.108
19.73,arm_climb,8,OFFBOARD,1,1,0.065
19.73,arm_climb,9,OFFBOARD,1,1,0.148
19.73,arm_climb,10,OFFBOARD,1,1,0.029
19.94,arm_climb,1,OFFBOARD,1,1,-0.086
19.94,arm_climb,2,OFFBOARD,1,1,-0.116
19.94,arm_climb,3,OFFBOARD,1,2,-0.148
19.94,arm_climb,4,OFFBOARD,1,2,-0.032
19.94,arm_climb,5,OFFBOARD,1,1,0.147
19.94,arm_climb,6,OFFBOARD,1,1,0.055
19.94,arm_climb,7,OFFBOARD,1,2,-0.126
19.94,arm_climb,8,OFFBOARD,1,1,0.072
19.94,arm_climb,9,OFFBOARD,1,1,0.175
19.94,arm_climb,10,OFFBOARD,1,1,0.04
20.15,arm_climb,1,OFFBOARD,1,2,-0.079
20.15,arm_climb,2,OFFBOARD,1,2,-0.119
20.15,arm_climb,3,OFFBOARD,1,2,-0.185
20.15,arm_climb,4,OFFBOARD,1,2,-0.037
20.15,arm_climb,5,OFFBOARD,1,2,0.166
20.15,arm_climb,6,OFFBOARD,1,2,0.061
20.15,arm_climb,7,OFFBOARD,1,2,-0.138
20.15,arm_climb,8,OFFBOARD,1,2,0.077
20.15,arm_climb,9,OFFBOARD,1,2,0.202
20.15,arm_climb,10,OFFBOARD,1,2,0.057
20.37,arm_climb,1,OFFBOARD,1,2,-0.071
20.37,arm_climb,2,OFFBOARD,1,2,-0.117
20.37,arm_climb,3,OFFBOARD,1,2,-0.221
20.37,arm_climb,4,OFFBOARD,1,2,-0.036
20.37,arm_climb,5,OFFBOARD,1,2,0.181
20.37,arm_climb,6,OFFBOARD,1,2,0.076
20.37,arm_climb,7,OFFBOARD,1,2,-0.145
20.37,arm_climb,8,OFFBOARD,1,2,0.087
20.37,arm_climb,9,OFFBOARD,1,2,0.215
20.37,arm_climb,10,OFFBOARD,1,2,0.092
20.58,arm_climb,1,OFFBOARD,1,2,-0.061
20.58,arm_climb,2,OFFBOARD,1,2,-0.119
20.58,arm_climb,3,OFFBOARD,1,2,-0.25
20.58,arm_climb,4,OFFBOARD,1,2,-0.048
20.58,arm_climb,5,OFFBOARD,1,2,0.189
20.58,arm_climb,6,OFFBOARD,1,2,0.101
20.58,arm_climb,7,OFFBOARD,1,2,-0.147
20.58,arm_climb,8,OFFBOARD,1,2,0.096
20.58,arm_climb,9,OFFBOARD,1,2,0.234
20.58,arm_climb,10,OFFBOARD,1,2,0.114
20.79,arm_climb,1,OFFBOARD,1,2,-0.052
20.79,arm_climb,2,OFFBOARD,1,2,-0.122
20.79,arm_climb,3,OFFBOARD,1,2,-0.284
20.79,arm_climb,4,OFFBOARD,1,2,-0.079
20.79,arm_climb,5,OFFBOARD,1,2,0.191
20.79,arm_climb,6,OFFBOARD,1,2,0.132
20.79,arm_climb,7,OFFBOARD,1,2,-0.141
20.79,arm_climb,8,OFFBOARD,1,2,0.102
20.79,arm_climb,9,OFFBOARD,1,2,0.242
20.79,arm_climb,10,OFFBOARD,1,2,0.134
20.99,arm_climb,1,OFFBOARD,1,2,-0.045
20.99,arm_climb,2,OFFBOARD,1,2,-0.119
20.99,arm_climb,3,OFFBOARD,1,2,-0.313
20.99,arm_climb,4,OFFBOARD,1,2,-0.096
20.99,arm_climb,5,OFFBOARD,1,2,0.194
20.99,arm_climb,6,OFFBOARD,1,2,0.152
20.99,arm_climb,7,OFFBOARD,1,2,-0.142
20.99,arm_climb,8,OFFBOARD,1,2,0.108
20.99,arm_climb,9,OFFBOARD,1,2,0.246
20.99,arm_climb,10,OFFBOARD,1,2,0.151
21.2,arm_climb,1,OFFBOARD,1,2,-0.024
21.2,arm_climb,2,OFFBOARD,1,2,-0.081
21.2,arm_climb,3,OFFBOARD,1,2,-0.3
21.2,arm_climb,4,OFFBOARD,1,2,-0.079
21.2,arm_climb,5,OFFBOARD,1,2,0.218
21.2,arm_climb,6,OFFBOARD,1,2,0.165
21.2,arm_climb,7,OFFBOARD,1,2,-0.119
21.2,arm_climb,8,OFFBOARD,1,2,0.127
21.2,arm_climb,9,OFFBOARD,1,2,0.261
21.2,arm_climb,10,OFFBOARD,1,2,0.176
21.4,arm_climb,1,OFFBOARD,1,2,0.043
21.4,arm_climb,2,OFFBOARD,1,2,-0.009
21.4,arm_climb,3,OFFBOARD,1,2,-0.234
21.4,arm_climb,4,OFFBOARD,1,2,0.002
21.4,arm_climb,5,OFFBOARD,1,2,0.284
21.4,arm_climb,6,OFFBOARD,1,2,0.199
21.4,arm_climb,7,OFFBOARD,1,2,-0.047
21.4,arm_climb,8,OFFBOARD,1,2,0.168
21.4,arm_climb,9,OFFBOARD,1,2,0.315
21.4,arm_climb,10,OFFBOARD,1,2,0.215
21.62,arm_climb,1,OFFBOARD,1,2,0.163
21.62,arm_climb,2,OFFBOARD,1,2,0.13
21.62,arm_climb,3,OFFBOARD,1,2,-0.095
21.62,arm_climb,4,OFFBOARD,1,2,0.121
21.62,arm_climb,5,OFFBOARD,1,2,0.397
21.62,arm_climb,6,OFFBOARD,1,2,0.291
21.62,arm_climb,7,OFFBOARD,1,2,0.1
21.62,arm_climb,8,OFFBOARD,1,2,0.273
21.62,arm_climb,9,OFFBOARD,1,2,0.447
21.62,arm_climb,10,OFFBOARD,1,2,0.316
21.82,arm_climb,1,OFFBOARD,1,2,0.302
21.82,arm_climb,2,OFFBOARD,1,2,0.304
21.82,arm_climb,3,OFFBOARD,1,2,0.093
21.82,arm_climb,4,OFFBOARD,1,2,0.295
21.82,arm_climb,5,OFFBOARD,1,2,0.538
21.82,arm_climb,6,OFFBOARD,1,2,0.43
21.82,arm_climb,7,OFFBOARD,1,2,0.289
21.82,arm_climb,8,OFFBOARD,1,2,0.423
21.82,arm_climb,9,OFFBOARD,1,2,0.603
21.82,arm_climb,10,OFFBOARD,1,2,0.467
22.03,arm_climb,1,OFFBOARD,1,2,0.468
22.03,arm_climb,2,OFFBOARD,1,2,0.456
22.03,arm_climb,3,OFFBOARD,1,2,0.296
22.03,arm_climb,4,OFFBOARD,1,2,0.483
22.03,arm_climb,5,OFFBOARD,1,2,0.681
22.03,arm_climb,6,OFFBOARD,1,2,0.6
22.03,arm_climb,7,OFFBOARD,1,2,0.485
22.03,arm_climb,8,OFFBOARD,1,2,0.584
22.03,arm_climb,9,OFFBOARD,1,2,0.775
22.03,arm_climb,10,OFFBOARD,1,2,0.621
22.23,arm_climb,1,OFFBOARD,1,2,0.621
22.23,arm_climb,2,OFFBOARD,1,2,0.657
22.23,arm_climb,3,OFFBOARD,1,2,0.513
22.23,arm_climb,4,OFFBOARD,1,2,0.65
22.23,arm_climb,5,OFFBOARD,1,2,0.869
22.23,arm_climb,6,OFFBOARD,1,2,0.76
22.23,arm_climb,7,OFFBOARD,1,2,0.647
22.23,arm_climb,8,OFFBOARD,1,2,0.73
22.23,arm_climb,9,OFFBOARD,1,2,0.933
22.23,arm_climb,10,OFFBOARD,1,2,0.768
22.44,arm_climb,1,OFFBOARD,1,2,0.807
22.44,arm_climb,2,OFFBOARD,1,2,0.846
22.44,arm_climb,3,OFFBOARD,1,2,0.882
22.44,arm_climb,4,OFFBOARD,1,2,0.962
22.44,arm_climb,5,OFFBOARD,1,2,1.075
22.44,arm_climb,6,OFFBOARD,1,2,0.956
22.44,arm_climb,7,OFFBOARD,1,2,0.839
22.44,arm_climb,8,OFFBOARD,1,2,0.926
22.44,arm_climb,9,OFFBOARD,1,2,1.125
22.44,arm_climb,10,OFFBOARD,1,2,0.98
22.65,arm_climb,1,OFFBOARD,1,2,0.948
22.65,arm_climb,2,OFFBOARD,1,2,0.98
22.65,arm_climb,3,OFFBOARD,1,2,1.148
22.65,arm_climb,4,OFFBOARD,1,2,1.259
22.65,arm_climb,5,OFFBOARD,1,2,1.267
22.65,arm_climb,6,OFFBOARD,1,2,1.109
22.65,arm_climb,7,OFFBOARD,1,2,1.028
22.65,arm_climb,8,OFFBOARD,1,2,1.099
22.65,arm_climb,9,OFFBOARD,1,2,1.289
22.65,arm_climb,10,OFFBOARD,1,2,1.089
22.87,arm_climb,1,OFFBOARD,1,2,1.12
22.87,arm_climb,2,OFFBOARD,1,2,1.169
22.87,arm_climb,3,OFFBOARD,1,2,1.409
22.87,arm_climb,4,OFFBOARD,1,2,1.513
22.87,arm_climb,5,OFFBOARD,1,2,1.429
22.87,arm_climb,6,OFFBOARD,1,2,1.248
22.87,arm_climb,7,OFFBOARD,1,2,1.234
22.87,arm_climb,8,OFFBOARD,1,2,1.273
22.87,arm_climb,9,OFFBOARD,1,2,1.479
22.87,arm_climb,10,OFFBOARD,1,2,1.196
23.07,arm_climb,1,OFFBOARD,1,2,1.29
23.07,arm_climb,2,OFFBOARD,1,2,1.376
23.07,arm_climb,3,OFFBOARD,1,2,1.639
23.07,arm_climb,4,OFFBOARD,1,2,1.711
23.07,arm_climb,5,OFFBOARD,1,2,1.64
23.07,arm_climb,6,OFFBOARD,1,2,1.408
23.07,arm_climb,7,OFFBOARD,1,2,1.413
23.07,arm_climb,8,OFFBOARD,1,2,1.441
23.07,arm_climb,9,OFFBOARD,1,2,1.656
23.07,arm_climb,10,OFFBOARD,1,2,1.375
23.28,arm_climb,1,OFFBOARD,1,2,1.518
23.28,arm_climb,2,OFFBOARD,1,2,1.548
23.28,arm_climb,3,OFFBOARD,1,2,1.832
23.28,arm_climb,4,OFFBOARD,1,2,1.949
23.28,arm_climb,5,OFFBOARD,1,2,1.86
23.28,arm_climb,6,OFFBOARD,1,2,1.629
23.28,arm_climb,7,OFFBOARD,1,2,1.658
23.28,arm_climb,8,OFFBOARD,1,2,1.654
23.28,arm_climb,9,OFFBOARD,1,2,1.884
23.28,arm_climb,10,OFFBOARD,1,2,1.549
23.49,arm_climb,1,OFFBOARD,1,2,1.761
23.49,arm_climb,2,OFFBOARD,1,2,1.766
23.49,arm_climb,3,OFFBOARD,1,2,2.042
23.49,arm_climb,4,OFFBOARD,1,2,2.186
23.49,arm_climb,5,OFFBOARD,1,2,2.102
23.49,arm_climb,6,OFFBOARD,1,2,1.832
23.49,arm_climb,7,OFFBOARD,1,2,1.911
23.49,arm_climb,8,OFFBOARD,1,2,1.875
23.49,arm_climb,9,OFFBOARD,1,2,2.125
23.49,arm_climb,10,OFFBOARD,1,2,1.799
23.69,arm_climb,1,OFFBOARD,1,2,2.02
23.69,arm_climb,2,OFFBOARD,1,2,2.005
23.69,arm_climb,3,OFFBOARD,1,2,2.252
23.69,arm_climb,4,OFFBOARD,1,2,2.371
23.69,arm_climb,5,OFFBOARD,1,2,2.345
23.69,arm_climb,6,OFFBOARD,1,2,2.079
23.69,arm_climb,7,OFFBOARD,1,2,2.154
23.69,arm_climb,8,OFFBOARD,1,2,2.111
23.69,arm_climb,9,OFFBOARD,1,2,2.375
23.69,arm_climb,10,OFFBOARD,1,2,2.06
23.9,arm_climb,1,OFFBOARD,1,2,2.244
23.9,arm_climb,2,OFFBOARD,1,2,2.249
23.9,arm_climb,3,OFFBOARD,1,2,2.451
23.9,arm_climb,4,OFFBOARD,1,2,2.604
23.9,arm_climb,5,OFFBOARD,1,2,2.551
23.9,arm_climb,6,OFFBOARD,1,2,2.345
23.9,arm_climb,7,OFFBOARD,1,2,2.382
23.9,arm_climb,8,OFFBOARD,1,2,2.306
23.9,arm_climb,9,OFFBOARD,1,2,2.627
23.9,arm_climb,10,OFFBOARD,1,2,2.329
24.11,arm_climb,1,OFFBOARD,1,2,2.51
24.11,arm_climb,2,OFFBOARD,1,2,2.486
24.11,arm_climb,3,OFFBOARD,1,2,2.658
24.11,arm_climb,4,OFFBOARD,1,2,2.839
24.11,arm_climb,5,OFFBOARD,1,2,2.798
24.11,arm_climb,6,OFFBOARD,1,2,2.614
24.11,arm_climb,7,OFFBOARD,1,2,2.578
24.11,arm_climb,8,OFFBOARD,1,2,2.547
24.11,arm_climb,9,OFFBOARD,1,2,2.84
24.11,arm_climb,10,OFFBOARD,1,2,2.597
24.32,arm_climb,1,OFFBOARD,1,2,2.777
24.32,arm_climb,2,OFFBOARD,1,2,2.704
24.32,arm_climb,3,OFFBOARD,1,2,2.866
24.32,arm_climb,4,OFFBOARD,1,2,3.063
24.32,arm_climb,5,OFFBOARD,1,2,3.062
24.32,arm_climb,6,OFFBOARD,1,2,2.885
24.32,arm_climb,7,OFFBOARD,1,2,2.826
24.32,arm_climb,8,OFFBOARD,1,2,2.814
24.32,arm_climb,9,OFFBOARD,1,2,3.095
24.32,arm_climb,10,OFFBOARD,1,2,2.857
24.52,arm_climb,1,OFFBOARD,1,2,3.041
24.52,arm_climb,2,OFFBOARD,1,2,2.973
24.52,arm_climb,3,OFFBOARD,1,2,3.051
24.52,arm_climb,4,OFFBOARD,1,2,3.266
24.52,arm_climb,5,OFFBOARD,1,2,3.283
24.52,arm_climb,6,OFFBOARD,1,2,3.125
24.52,arm_climb,7,OFFBOARD,1,2,3.087
24.52,arm_climb,8,OFFBOARD,1,2,3.048
24.52,arm_climb,9,OFFBOARD,1,2,3.351
24.52,arm_climb,10,OFFBOARD,1,2,3.074
24.72,arm_climb,1,OFFBOARD,1,2,3.302
24.72,arm_climb,2,OFFBOARD,1,2,3.255
24.72,arm_climb,3,OFFBOARD,1,2,3.291
24.72,arm_climb,4,OFFBOARD,1,2,3.508
24.72,arm_climb,5,OFFBOARD,1,2,3.543
24.72,arm_climb,6,OFFBOARD,1,2,3.418
24.72,arm_climb,7,OFFBOARD,1,2,3.3
24.72,arm_climb,8,OFFBOARD,1,2,3.326
24.72,arm_climb,9,OFFBOARD,1,2,3.613
24.72,arm_climb,10,OFFBOARD,1,2,3.343
24.93,arm_climb,1,OFFBOARD,1,2,3.512
24.93,arm_climb,2,OFFBOARD,1,2,3.487
24.93,arm_climb,3,OFFBOARD,1,2,3.542
24.93,arm_climb,4,OFFBOARD,1,2,3.753
24.93,arm_climb,5,OFFBOARD,1,2,3.806
24.93,arm_climb,6,OFFBOARD,1,2,3.638
24.93,arm_climb,7,OFFBOARD,1,2,3.572
24.93,arm_climb,8,OFFBOARD,1,2,3.598
24.93,arm_climb,9,OFFBOARD,1,2,3.831
24.93,arm_climb,10,OFFBOARD,1,2,3.614
25.13,arm_climb,1,OFFBOARD,1,2,3.778
25.13,arm_climb,2,OFFBOARD,1,2,3.773
25.13,arm_climb,3,OFFBOARD,1,2,3.805
25.13,arm_climb,4,OFFBOARD,1,2,3.96
25.13,arm_climb,5,OFFBOARD,1,2,4.021
25.13,arm_climb,6,OFFBOARD,1,2,3.915
25.13,arm_climb,7,OFFBOARD,1,2,3.859
25.13,arm_climb,8,OFFBOARD,1,2,3.824
25.13,arm_climb,9,OFFBOARD,1,2,4.09
25.13,arm_climb,10,OFFBOARD,1,2,3.843
25.34,arm_climb,1,OFFBOARD,1,2,4.043
25.34,arm_climb,2,OFFBOARD,1,2,4.056
25.34,arm_climb,3,OFFBOARD,1,2,4.029
25.34,arm_climb,4,OFFBOARD,1,2,4.211
25.34,arm_climb,5,OFFBOARD,1,2,4.282
25.34,arm_climb,6,OFFBOARD,1,2,4.198
25.34,arm_climb,7,OFFBOARD,1,2,4.079
25.34,arm_climb,8,OFFBOARD,1,2,4.093
25.34,arm_climb,9,OFFBOARD,1,2,4.311
25.34,arm_climb,10,OFFBOARD,1,2,4.114
25.55,arm_climb,1,OFFBOARD,1,2,4.309
25.55,arm_climb,2,OFFBOARD,1,2,4.354
25.55,arm_climb,3,OFFBOARD,1,2,4.299
25.55,arm_climb,4,OFFBOARD,1,2,4.465
25.55,arm_climb,5,OFFBOARD,1,2,4.545
25.55,arm_climb,6,OFFBOARD,1,2,4.433
25.55,arm_climb,7,OFFBOARD,1,2,4.367
25.55,arm_climb,8,OFFBOARD,1,2,4.307
25.55,arm_climb,9,OFFBOARD,1,2,4.611
25.55,arm_climb,10,OFFBOARD,1,2,4.377
25.76,arm_climb,1,OFFBOARD,1,2,4.547
25.76,arm_climb,2,OFFBOARD,1,2,4.606
25.76,arm_climb,3,OFFBOARD,1,2,4.584
25.76,arm_climb,4,OFFBOARD,1,2,4.736
25.76,arm_climb,5,OFFBOARD,1,2,4.81
25.76,arm_climb,6,OFFBOARD,1,2,4.707
25.76,arm_climb,7,OFFBOARD,1,2,4.663
25.76,arm_climb,8,OFFBOARD,1,2,4.578
25.76,arm_climb,9,OFFBOARD,1,2,4.888
25.76,arm_climb,10,OFFBOARD,1,2,4.645
25.98,arm_climb,1,OFFBOARD,1,2,4.851
25.98,arm_climb,2,OFFBOARD,1,2,4.907
25.98,arm_climb,3,OFFBOARD,1,2,4.873
25.98,arm_climb,4,OFFBOARD,1,2,5.0
25.98,arm_climb,5,OFFBOARD,1,2,5.077
25.98,arm_climb,6,OFFBOARD,1,2,4.977
25.98,arm_climb,7,OFFBOARD,1,2,4.95
25.98,arm_climb,8,OFFBOARD,1,2,4.867
25.98,arm_climb,9,OFFBOARD,1,2,5.175
25.98,arm_climb,10,OFFBOARD,1,2,4.918
26.18,arm_climb,1,OFFBOARD,1,2,5.09
26.18,arm_climb,2,OFFBOARD,1,2,5.209
26.18,arm_climb,3,OFFBOARD,1,2,5.116
26.18,arm_climb,4,OFFBOARD,1,2,5.214
26.18,arm_climb,5,OFFBOARD,1,2,5.301
26.18,arm_climb,6,OFFBOARD,1,2,5.24
26.18,arm_climb,7,OFFBOARD,1,2,5.192
26.18,arm_climb,8,OFFBOARD,1,2,5.11
26.18,arm_climb,9,OFFBOARD,1,2,5.412
26.18,arm_climb,10,OFFBOARD,1,2,5.141
26.39,arm_climb,1,OFFBOARD,1,2,5.386
26.39,arm_climb,2,OFFBOARD,1,2,5.494
26.39,arm_climb,3,OFFBOARD,1,2,5.407
26.39,arm_climb,4,OFFBOARD,1,2,5.487
26.39,arm_climb,5,OFFBOARD,1,2,5.564
26.39,arm_climb,6,OFFBOARD,1,2,5.513
26.39,arm_climb,7,OFFBOARD,1,2,5.481
26.39,arm_climb,8,OFFBOARD,1,2,5.433
26.39,arm_climb,9,OFFBOARD,1,2,5.741
26.39,arm_climb,10,OFFBOARD,1,2,5.43
26.6,arm_climb,1,OFFBOARD,1,2,5.615
26.6,arm_climb,2,OFFBOARD,1,2,5.728
26.6,arm_climb,3,OFFBOARD,1,2,5.637
26.6,arm_climb,4,OFFBOARD,1,2,5.766
26.6,arm_climb,5,OFFBOARD,1,2,5.838
26.6,arm_climb,6,OFFBOARD,1,2,5.749
26.6,arm_climb,7,OFFBOARD,1,2,5.774
26.6,arm_climb,8,OFFBOARD,1,2,5.673
26.6,arm_climb,9,OFFBOARD,1,2,5.985
26.6,arm_climb,10,OFFBOARD,1,2,5.727
26.8,arm_climb,1,OFFBOARD,1,2,5.906
26.8,arm_climb,2,OFFBOARD,1,2,6.002
26.8,arm_climb,3,OFFBOARD,1,2,5.926
26.8,arm_climb,4,OFFBOARD,1,2,6.007
26.8,arm_climb,5,OFFBOARD,1,2,6.081
26.8,arm_climb,6,OFFBOARD,1,2,6.03
26.8,arm_climb,7,OFFBOARD,1,2,6.015
26.8,arm_climb,8,OFFBOARD,1,2,5.959
26.8,arm_climb,9,OFFBOARD,1,2,6.262
26.8,arm_climb,10,OFFBOARD,1,2,5.971
27.02,arm_climb,1,OFFBOARD,1,2,6.202
27.02,arm_climb,2,OFFBOARD,1,2,6.277
27.02,arm_climb,3,OFFBOARD,1,2,6.215
27.02,arm_climb,4,OFFBOARD,1,2,6.302
27.02,arm_climb,5,OFFBOARD,1,2,6.381
27.02,arm_climb,6,OFFBOARD,1,2,6.312
27.02,arm_climb,7,OFFBOARD,1,2,6.301
27.02,arm_climb,8,OFFBOARD,1,2,6.224
27.02,arm_climb,9,OFFBOARD,1,2,6.49
27.02,arm_climb,10,OFFBOARD,1,2,6.249
27.23,arm_climb,1,OFFBOARD,1,2,6.494
27.23,arm_climb,2,OFFBOARD,1,2,6.519
27.23,arm_climb,3,OFFBOARD,1,2,6.506
27.23,arm_climb,4,OFFBOARD,1,2,6.596
27.23,arm_climb,5,OFFBOARD,1,2,6.678
27.23,arm_climb,6,OFFBOARD,1,2,6.552
27.23,arm_climb,7,OFFBOARD,1,2,6.584
27.23,arm_climb,8,OFFBOARD,1,2,6.512
27.23,arm_climb,9,OFFBOARD,1,2,6.774
27.23,arm_climb,10,OFFBOARD,1,2,6.528
27.43,arm_climb,1,OFFBOARD,1,2,6.742
27.43,arm_climb,2,OFFBOARD,1,2,6.805
27.43,arm_climb,3,OFFBOARD,1,2,6.758
27.43,arm_climb,4,OFFBOARD,1,2,6.892
27.43,arm_climb,5,OFFBOARD,1,2,6.973
27.43,arm_climb,6,OFFBOARD,1,2,6.834
27.43,arm_climb,7,OFFBOARD,1,2,6.809
27.43,arm_climb,8,OFFBOARD,1,2,6.754
27.43,arm_climb,9,OFFBOARD,1,2,7.067
27.43,arm_climb,10,OFFBOARD,1,2,6.817
27.64,arm_climb,1,OFFBOARD,1,2,7.032
27.64,arm_climb,2,OFFBOARD,1,2,7.091
27.64,arm_climb,3,OFFBOARD,1,2,7.036
27.64,arm_climb,4,OFFBOARD,1,2,7.139
27.64,arm_climb,5,OFFBOARD,1,2,7.263
27.64,arm_climb,6,OFFBOARD,1,2,7.112
27.64,arm_climb,7,OFFBOARD,1,2,7.116
27.64,arm_climb,8,OFFBOARD,1,2,7.046
27.64,arm_climb,9,OFFBOARD,1,2,7.283
27.64,arm_climb,10,OFFBOARD,1,2,7.058
27.85,arm_climb,1,OFFBOARD,1,2,7.316
27.85,arm_climb,2,OFFBOARD,1,2,7.384
27.85,arm_climb,3,OFFBOARD,1,2,7.327
27.85,arm_climb,4,OFFBOARD,1,2,7.433
27.85,arm_climb,5,OFFBOARD,1,2,7.559
27.85,arm_climb,6,OFFBOARD,1,2,7.39
27.85,arm_climb,7,OFFBOARD,1,2,7.397
27.85,arm_climb,8,OFFBOARD,1,2,7.34
27.85,arm_climb,9,OFFBOARD,1,2,7.565
27.85,arm_climb,10,OFFBOARD,1,2,7.349
28.07,arm_climb,1,OFFBOARD,1,2,7.566
28.07,arm_climb,2,OFFBOARD,1,2,7.632
28.07,arm_climb,3,OFFBOARD,1,2,7.58
28.07,arm_climb,4,OFFBOARD,1,2,7.668
28.07,arm_climb,5,OFFBOARD,1,2,7.797
28.07,arm_climb,6,OFFBOARD,1,2,7.623
28.07,arm_climb,7,OFFBOARD,1,2,7.638
28.07,arm_climb,8,OFFBOARD,1,2,7.593
28.07,arm_climb,9,OFFBOARD,1,2,7.849
28.07,arm_climb,10,OFFBOARD,1,2,7.643
28.28,arm_climb,1,OFFBOARD,1,2,7.864
28.28,arm_climb,2,OFFBOARD,1,2,7.919
28.28,arm_climb,3,OFFBOARD,1,2,7.869
28.28,arm_climb,4,OFFBOARD,1,2,7.963
28.28,arm_climb,5,OFFBOARD,1,2,8.09
28.28,arm_climb,6,OFFBOARD,1,2,7.904
28.28,arm_climb,7,OFFBOARD,1,2,7.93
28.28,arm_climb,8,OFFBOARD,1,2,7.89
28.28,arm_climb,9,OFFBOARD,1,2,8.132
28.28,arm_climb,10,OFFBOARD,1,2,7.937
28.49,arm_climb,1,OFFBOARD,1,2,8.156
28.49,arm_climb,2,OFFBOARD,1,2,8.201
28.49,arm_climb,3,OFFBOARD,1,2,8.166
28.49,arm_climb,4,OFFBOARD,1,2,8.252
28.49,arm_climb,5,OFFBOARD,1,2,8.398
28.49,arm_climb,6,OFFBOARD,1,2,8.188
28.49,arm_climb,7,OFFBOARD,1,2,8.218
28.49,arm_climb,8,OFFBOARD,1,2,8.188
28.49,arm_climb,9,OFFBOARD,1,2,8.374
28.49,arm_climb,10,OFFBOARD,1,2,8.225
28.7,arm_climb,1,OFFBOARD,1,2,8.45
28.7,arm_climb,2,OFFBOARD,1,2,8.49
28.7,arm_climb,3,OFFBOARD,1,2,8.413
28.7,arm_climb,4,OFFBOARD,1,2,8.542
28.7,arm_climb,5,OFFBOARD,1,2,8.681
28.7,arm_climb,6,OFFBOARD,1,2,8.428
28.7,arm_climb,7,OFFBOARD,1,2,8.502
28.7,arm_climb,8,OFFBOARD,1,2,8.485
28.7,arm_climb,9,OFFBOARD,1,2,8.674
28.7,arm_climb,10,OFFBOARD,1,2,8.469
28.92,arm_climb,1,OFFBOARD,1,2,8.698
28.92,arm_climb,2,OFFBOARD,1,2,8.731
28.92,arm_climb,3,OFFBOARD,1,2,8.711
28.92,arm_climb,4,OFFBOARD,1,2,8.836
28.92,arm_climb,5,OFFBOARD,1,2,8.934
28.92,arm_climb,6,OFFBOARD,1,2,8.716
28.92,arm_climb,7,OFFBOARD,1,2,8.779
28.92,arm_climb,8,OFFBOARD,1,2,8.775
28.92,arm_climb,9,OFFBOARD,1,2,8.959
28.92,arm_climb,10,OFFBOARD,1,2,8.773
29.12,arm_climb,1,OFFBOARD,1,2,9.031
29.12,arm_climb,2,OFFBOARD,1,2,9.017
29.12,arm_climb,3,OFFBOARD,1,2,8.999
29.12,arm_climb,4,OFFBOARD,1,2,9.114
29.12,arm_climb,5,OFFBOARD,1,2,9.179
29.12,arm_climb,6,OFFBOARD,1,2,9.016
29.12,arm_climb,7,OFFBOARD,1,2,9.062
29.12,arm_climb,8,OFFBOARD,1,2,9.05
29.12,arm_climb,9,OFFBOARD,1,2,9.224
29.12,arm_climb,10,OFFBOARD,1,2,9.056
29.33,arm_climb,1,OFFBOARD,1,2,9.242
29.33,arm_climb,2,OFFBOARD,1,2,9.27
29.33,arm_climb,3,OFFBOARD,1,2,9.248
29.33,arm_climb,4,OFFBOARD,1,2,9.308
29.33,arm_climb,5,OFFBOARD,1,2,9.396
29.33,arm_climb,6,OFFBOARD,1,2,9.262
29.33,arm_climb,7,OFFBOARD,1,2,9.247
29.33,arm_climb,8,OFFBOARD,1,2,9.25
29.33,arm_climb,9,OFFBOARD,1,2,9.449
29.33,arm_climb,10,OFFBOARD,1,2,9.302
29.54,arm_climb,1,OFFBOARD,1,2,9.451
29.54,arm_climb,2,OFFBOARD,1,2,9.468
29.54,arm_climb,3,OFFBOARD,1,2,9.451
29.54,arm_climb,4,OFFBOARD,1,2,9.505
29.54,arm_climb,5,OFFBOARD,1,2,9.564
29.54,arm_climb,6,OFFBOARD,1,2,9.453
29.54,arm_climb,7,OFFBOARD,1,2,9.438
29.54,arm_climb,8,OFFBOARD,1,2,9.446
29.54,arm_climb,9,OFFBOARD,1,2,9.602
29.54,arm_climb,10,OFFBOARD,1,2,9.501
29.75,arm_climb,1,OFFBOARD,1,2,9.6
29.75,arm_climb,2,OFFBOARD,1,2,9.606
29.75,arm_climb,3,OFFBOARD,1,2,9.579
29.75,arm_climb,4,OFFBOARD,1,2,9.65
29.75,arm_climb,5,OFFBOARD,1,2,9.692
29.75,arm_climb,6,OFFBOARD,1,2,9.584
29.75,arm_climb,7,OFFBOARD,1,2,9.589
29.75,arm_climb,8,OFFBOARD,1,2,9.605
29.75,arm_climb,9,OFFBOARD,1,2,9.732
29.75,arm_climb,10,OFFBOARD,1,2,9.636
29.95,arm_climb,1,OFFBOARD,1,2,9.687
29.95,arm_climb,2,OFFBOARD,1,2,9.727
29.95,arm_climb,3,OFFBOARD,1,2,9.693
29.95,arm_climb,4,OFFBOARD,1,2,9.765
29.95,arm_climb,5,OFFBOARD,1,2,9.775
29.95,arm_climb,6,OFFBOARD,1,2,9.705
29.95,arm_climb,7,OFFBOARD,1,2,9.688
29.95,arm_climb,8,OFFBOARD,1,2,9.726
29.95,arm_climb,9,OFFBOARD,1,2,9.831
29.95,arm_climb,10,OFFBOARD,1,2,9.757
30.17,hover,1,OFFBOARD,1,2,9.765
30.17,hover,2,OFFBOARD,1,2,9.829
30.17,hover,3,OFFBOARD,1,2,9.791
30.17,hover,4,OFFBOARD,1,2,9.835
30.17,hover,5,OFFBOARD,1,2,9.847
30.17,hover,6,OFFBOARD,1,2,9.806
30.17,hover,7,OFFBOARD,1,2,9.791
30.17,hover,8,OFFBOARD,1,2,9.828
30.17,hover,9,OFFBOARD,1,2,9.903
30.17,hover,10,OFFBOARD,1,2,9.849
30.38,hover,1,OFFBOARD,1,2,9.819
30.38,hover,2,OFFBOARD,1,2,9.908
30.38,hover,3,OFFBOARD,1,2,9.863
30.38,hover,4,OFFBOARD,1,2,9.891
30.38,hover,5,OFFBOARD,1,2,9.907
30.38,hover,6,OFFBOARD,1,2,9.874
30.38,hover,7,OFFBOARD,1,2,9.869
30.38,hover,8,OFFBOARD,1,2,9.887
30.38,hover,9,OFFBOARD,1,2,9.956
30.38,hover,10,OFFBOARD,1,2,9.924
30.59,hover,1,OFFBOARD,1,2,9.855
30.59,hover,2,OFFBOARD,1,2,9.971
30.59,hover,3,OFFBOARD,1,2,9.904
30.59,hover,4,OFFBOARD,1,2,9.935
30.59,hover,5,OFFBOARD,1,2,9.948
30.59,hover,6,OFFBOARD,1,2,9.923
30.59,hover,7,OFFBOARD,1,2,9.918
30.59,hover,8,OFFBOARD,1,2,9.931
30.59,hover,9,OFFBOARD,1,2,9.99
30.59,hover,10,OFFBOARD,1,2,9.968
30.79,hover,1,OFFBOARD,1,2,9.879
30.79,hover,2,OFFBOARD,1,2,10.001
30.79,hover,3,OFFBOARD,1,2,9.941
30.79,hover,4,OFFBOARD,1,2,9.96
30.79,hover,5,OFFBOARD,1,2,9.97
30.79,hover,6,OFFBOARD,1,2,9.951
30.79,hover,7,OFFBOARD,1,2,9.965
30.79,hover,8,OFFBOARD,1,2,9.955
30.79,hover,9,OFFBOARD,1,2,10.025
30.79,hover,10,OFFBOARD,1,2,10.015
31.01,hover,1,OFFBOARD,1,2,9.904
31.01,hover,2,OFFBOARD,1,2,10.015
31.01,hover,3,OFFBOARD,1,2,9.967
31.01,hover,4,OFFBOARD,1,2,9.967
31.01,hover,5,OFFBOARD,1,2,9.994
31.01,hover,6,OFFBOARD,1,2,9.977
31.01,hover,7,OFFBOARD,1,2,9.999
31.01,hover,8,OFFBOARD,1,2,9.97
31.01,hover,9,OFFBOARD,1,2,10.054
31.01,hover,10,OFFBOARD,1,2,10.051
31.22,hover,1,OFFBOARD,1,2,9.927
31.22,hover,2,OFFBOARD,1,2,10.017
31.22,hover,3,OFFBOARD,1,2,9.985
31.22,hover,4,OFFBOARD,1,2,9.974
31.22,hover,5,OFFBOARD,1,2,10.012
31.22,hover,6,OFFBOARD,1,2,9.989
31.22,hover,7,OFFBOARD,1,2,10.027
31.22,hover,8,OFFBOARD,1,2,9.992
31.22,hover,9,OFFBOARD,1,2,10.071
31.22,hover,10,OFFBOARD,1,2,10.066
31.43,hover,1,OFFBOARD,1,2,9.938
31.43,hover,2,OFFBOARD,1,2,10.014
31.43,hover,3,OFFBOARD,1,2,9.998
31.43,hover,4,OFFBOARD,1,2,9.983
31.43,hover,5,OFFBOARD,1,2,10.012
31.43,hover,6,OFFBOARD,1,2,10.008
31.43,hover,7,OFFBOARD,1,2,10.048
31.43,hover,8,OFFBOARD,1,2,10.019
31.43,hover,9,OFFBOARD,1,2,10.085
31.43,hover,10,OFFBOARD,1,2,10.075
31.63,hover,1,OFFBOARD,1,2,9.933
31.63,hover,2,OFFBOARD,1,2,10.005
31.63,hover,3,OFFBOARD,1,2,10.009
31.63,hover,4,OFFBOARD,1,2,9.99
31.63,hover,5,OFFBOARD,1,2,10.012
31.63,hover,6,OFFBOARD,1,2,10.019
31.63,hover,7,OFFBOARD,1,2,10.061
31.63,hover,8,OFFBOARD,1,2,10.031
31.63,hover,9,OFFBOARD,1,2,10.092
31.63,hover,10,OFFBOARD,1,2,10.077
31.84,hover,1,OFFBOARD,1,2,9.927
31.84,hover,2,OFFBOARD,1,2,10.0
31.84,hover,3,OFFBOARD,1,2,10.004
31.84,hover,4,OFFBOARD,1,2,9.996
31.84,hover,5,OFFBOARD,1,2,10.003
31.84,hover,6,OFFBOARD,1,2,10.021
31.84,hover,7,OFFBOARD,1,2,10.066
31.84,hover,8,OFFBOARD,1,2,10.028
31.84,hover,9,OFFBOARD,1,2,10.093
31.84,hover,10,OFFBOARD,1,2,10.075
32.05,hover,1,OFFBOARD,1,2,9.92
32.05,hover,2,OFFBOARD,1,2,10.001
32.05,hover,3,OFFBOARD,1,2,9.986
32.05,hover,4,OFFBOARD,1,2,9.999
32.05,hover,5,OFFBOARD,1,2,9.99
32.05,hover,6,OFFBOARD,1,2,10.022
32.05,hover,7,OFFBOARD,1,2,10.07
32.05,hover,8,OFFBOARD,1,2,10.015
32.05,hover,9,OFFBOARD,1,2,10.094
32.05,hover,10,OFFBOARD,1,2,10.064
32.26,hover,1,OFFBOARD,1,2,9.902
32.26,hover,2,OFFBOARD,1,2,10.009
32.26,hover,3,OFFBOARD,1,2,9.962
32.26,hover,4,OFFBOARD,1,2,10.004
32.26,hover,5,OFFBOARD,1,2,9.986
32.26,hover,6,OFFBOARD,1,2,10.023
32.26,hover,7,OFFBOARD,1,2,10.071
32.26,hover,8,OFFBOARD,1,2,10.008
32.26,hover,9,OFFBOARD,1,2,10.094
32.26,hover,10,OFFBOARD,1,2,10.061
32.47,hover,1,OFFBOARD,1,2,9.892
32.47,hover,2,OFFBOARD,1,2,10.012
32.47,hover,3,OFFBOARD,1,2,9.938
32.47,hover,4,OFFBOARD,1,2,10.004
32.47,hover,5,OFFBOARD,1,2,9.986
32.47,hover,6,OFFBOARD,1,2,10.006
32.47,hover,7,OFFBOARD,1,2,10.073
32.47,hover,8,OFFBOARD,1,2,10.005
32.47,hover,9,OFFBOARD,1,2,10.097
32.47,hover,10,OFFBOARD,1,2,10.06
32.68,hover,1,OFFBOARD,1,2,9.885
32.68,hover,2,OFFBOARD,1,2,10.002
32.68,hover,3,OFFBOARD,1,2,9.919
32.68,hover,4,OFFBOARD,1,2,10.008
32.68,hover,5,OFFBOARD,1,2,9.978
32.68,hover,6,OFFBOARD,1,2,9.991
32.68,hover,7,OFFBOARD,1,2,10.083
32.68,hover,8,OFFBOARD,1,2,10.009
32.68,hover,9,OFFBOARD,1,2,10.095
32.68,hover,10,OFFBOARD,1,2,10.06
32.89,hover,1,OFFBOARD,1,2,9.871
32.89,hover,2,OFFBOARD,1,2,9.997
32.89,hover,3,OFFBOARD,1,2,9.9
32.89,hover,4,OFFBOARD,1,2,10.001
32.89,hover,5,OFFBOARD,1,2,9.973
32.89,hover,6,OFFBOARD,1,2,9.982
32.89,hover,7,OFFBOARD,1,2,10.079
32.89,hover,8,OFFBOARD,1,2,10.01
32.89,hover,9,OFFBOARD,1,2,10.088
32.89,hover,10,OFFBOARD,1,2,10.058
33.09,hover,1,OFFBOARD,1,2,9.863
33.09,hover,2,OFFBOARD,1,2,9.991
33.09,hover,3,OFFBOARD,1,2,9.894
33.09,hover,4,OFFBOARD,1,2,9.981
33.09,hover,5,OFFBOARD,1,2,9.966
33.09,hover,6,OFFBOARD,1,2,9.969
33.09,hover,7,OFFBOARD,1,2,10.068
33.09,hover,8,OFFBOARD,1,2,10.016
33.09,hover,9,OFFBOARD,1,2,10.07
33.09,hover,10,OFFBOARD,1,2,10.059
33.31,hover,1,OFFBOARD,1,2,9.855
33.31,hover,2,OFFBOARD,1,2,9.97
33.31,hover,3,OFFBOARD,1,2,9.89
33.31,hover,4,OFFBOARD,1,2,9.96
33.31,hover,5,OFFBOARD,1,2,9.964
33.31,hover,6,OFFBOARD,1,2,9.958
33.31,hover,7,OFFBOARD,1,2,10.051
33.31,hover,8,OFFBOARD,1,2,10.013
33.31,hover,9,OFFBOARD,1,2,10.051
33.31,hover,10,OFFBOARD,1,2,10.061
33.52,hover,1,OFFBOARD,1,2,9.846
33.52,hover,2,OFFBOARD,1,2,9.951
33.52,hover,3,OFFBOARD,1,2,9.887
33.52,hover,4,OFFBOARD,1,2,9.936
33.52,hover,5,OFFBOARD,1,2,9.959
33.52,hover,6,OFFBOARD,1,2,9.954
33.52,hover,7,OFFBOARD,1,2,10.041
33.52,hover,8,OFFBOARD,1,2,10.018
33.52,hover,9,OFFBOARD,1,2,10.048
33.52,hover,10,OFFBOARD,1,2,10.064
33.73,hover,1,OFFBOARD,1,2,9.836
33.73,hover,2,OFFBOARD,1,2,9.938
33.73,hover,3,OFFBOARD,1,2,9.88
33.73,hover,4,OFFBOARD,1,2,9.914
33.73,hover,5,OFFBOARD,1,2,9.957
33.73,hover,6,OFFBOARD,1,2,9.95
33.73,hover,7,OFFBOARD,1,2,10.036
33.73,hover,8,OFFBOARD,1,2,10.027
33.73,hover,9,OFFBOARD,1,2,10.048
33.73,hover,10,OFFBOARD,1,2,10.063
33.93,hover,1,OFFBOARD,1,2,9.824
33.93,hover,2,OFFBOARD,1,2,9.923
33.93,hover,3,OFFBOARD,1,2,9.881
33.93,hover,4,OFFBOARD,1,2,9.897
33.93,hover,5,OFFBOARD,1,2,9.948
33.93,hover,6,OFFBOARD,1,2,9.952
33.93,hover,7,OFFBOARD,1,2,10.039
33.93,hover,8,OFFBOARD,1,2,10.028
33.93,hover,9,OFFBOARD,1,2,10.052
33.93,hover,10,OFFBOARD,1,2,10.063
34.14,hover,1,OFFBOARD,1,2,9.818
34.14,hover,2,OFFBOARD,1,2,9.912
34.14,hover,3,OFFBOARD,1,2,9.882
34.14,hover,4,OFFBOARD,1,2,9.889
34.14,hover,5,OFFBOARD,1,2,9.932
34.14,hover,6,OFFBOARD,1,2,9.953
34.14,hover,7,OFFBOARD,1,2,10.034
34.14,hover,8,OFFBOARD,1,2,10.021
34.14,hover,9,OFFBOARD,1,2,10.051
34.14,hover,10,OFFBOARD,1,2,10.063
34.35,hover,1,OFFBOARD,1,2,9.825
34.35,hover,2,OFFBOARD,1,2,9.904
34.35,hover,3,OFFBOARD,1,2,9.875
34.35,hover,4,OFFBOARD,1,2,9.897
34.35,hover,5,OFFBOARD,1,2,9.912
34.35,hover,6,OFFBOARD,1,2,9.961
34.35,hover,7,OFFBOARD,1,2,10.032
34.35,hover,8,OFFBOARD,1,2,10.016
34.35,hover,9,OFFBOARD,1,2,10.049
34.35,hover,10,OFFBOARD,1,2,10.061
34.55,hover,1,OFFBOARD,1,2,9.837
34.55,hover,2,OFFBOARD,1,2,9.895
34.55,hover,3,OFFBOARD,1,2,9.868
34.55,hover,4,OFFBOARD,1,2,9.903
34.55,hover,5,OFFBOARD,1,2,9.891
34.55,hover,6,OFFBOARD,1,2,9.965
34.55,hover,7,OFFBOARD,1,2,10.04
34.55,hover,8,OFFBOARD,1,2,10.013
34.55,hover,9,OFFBOARD,1,2,10.038
34.55,hover,10,OFFBOARD,1,2,10.062
34.76,hover,1,OFFBOARD,1,2,9.836
34.76,hover,2,OFFBOARD,1,2,9.883
34.76,hover,3,OFFBOARD,1,2,9.868
34.76,hover,4,OFFBOARD,1,2,9.901
34.76,hover,5,OFFBOARD,1,2,9.871
34.76,hover,6,OFFBOARD,1,2,9.971
34.76,hover,7,OFFBOARD,1,2,10.043
34.76,hover,8,OFFBOARD,1,2,10.008
34.76,hover,9,OFFBOARD,1,2,10.043
34.76,hover,10,OFFBOARD,1,2,10.06
34.97,hover,1,OFFBOARD,1,2,9.835
34.97,hover,2,OFFBOARD,1,2,9.869
34.97,hover,3,OFFBOARD,1,2,9.859
34.97,hover,4,OFFBOARD,1,2,9.898
34.97,hover,5,OFFBOARD,1,2,9.856
34.97,hover,6,OFFBOARD,1,2,9.964
34.97,hover,7,OFFBOARD,1,2,10.047
34.97,hover,8,OFFBOARD,1,2,10.004
34.97,hover,9,OFFBOARD,1,2,10.046
34.97,hover,10,OFFBOARD,1,2,10.053
35.17,hover,1,OFFBOARD,1,2,9.825
35.17,hover,2,OFFBOARD,1,2,9.859
35.17,hover,3,OFFBOARD,1,2,9.854
35.17,hover,4,OFFBOARD,1,2,9.898
35.17,hover,5,OFFBOARD,1,2,9.853
35.17,hover,6,OFFBOARD,1,2,9.95
35.17,hover,7,OFFBOARD,1,2,10.049
35.17,hover,8,OFFBOARD,1,2,10.004
35.17,hover,9,OFFBOARD,1,2,10.041
35.17,hover,10,OFFBOARD,1,2,10.046
35.38,hover,1,OFFBOARD,1,2,9.825
35.38,hover,2,OFFBOARD,1,2,9.863
35.38,hover,3,OFFBOARD,1,2,9.851
35.38,hover,4,OFFBOARD,1,2,9.887
35.38,hover,5,OFFBOARD,1,2,9.862
35.38,hover,6,OFFBOARD,1,2,9.929
35.38,hover,7,OFFBOARD,1,2,10.052
35.38,hover,8,OFFBOARD,1,2,10.008
35.38,hover,9,OFFBOARD,1,2,10.025
35.38,hover,10,OFFBOARD,1,2,10.044
35.58,hover,1,OFFBOARD,1,2,9.825
35.58,hover,2,OFFBOARD,1,2,9.871
35.58,hover,3,OFFBOARD,1,2,9.847
35.58,hover,4,OFFBOARD,1,2,9.876
35.58,hover,5,OFFBOARD,1,2,9.868
35.58,hover,6,OFFBOARD,1,2,9.904
35.58,hover,7,OFFBOARD,1,2,10.058
35.58,hover,8,OFFBOARD,1,2,10.017
35.58,hover,9,OFFBOARD,1,2,10.012
35.58,hover,10,OFFBOARD,1,2,10.042
35.79,hover,1,OFFBOARD,1,2,9.833
35.79,hover,2,OFFBOARD,1,2,9.872
35.79,hover,3,OFFBOARD,1,2,9.838
35.79,hover,4,OFFBOARD,1,2,9.873
35.79,hover,5,OFFBOARD,1,2,9.864
35.79,hover,6,OFFBOARD,1,2,9.884
35.79,hover,7,OFFBOARD,1,2,10.061
35.79,hover,8,OFFBOARD,1,2,10.021
35.79,hover,9,OFFBOARD,1,2,9.997
35.79,hover,10,OFFBOARD,1,2,10.042
36.0,hover,1,OFFBOARD,1,2,9.828
36.0,hover,2,OFFBOARD,1,2,9.867
36.0,hover,3,OFFBOARD,1,2,9.827
36.0,hover,4,OFFBOARD,1,2,9.865
36.0,hover,5,OFFBOARD,1,2,9.866
36.0,hover,6,OFFBOARD,1,2,9.863
36.0,hover,7,OFFBOARD,1,2,10.058
36.0,hover,8,OFFBOARD,1,2,10.011
36.0,hover,9,OFFBOARD,1,2,9.976
36.0,hover,10,OFFBOARD,1,2,10.045
36.22,hover,1,OFFBOARD,1,2,9.824
36.22,hover,2,OFFBOARD,1,2,9.853
36.22,hover,3,OFFBOARD,1,2,9.819
36.22,hover,4,OFFBOARD,1,2,9.863
36.22,hover,5,OFFBOARD,1,2,9.869
36.22,hover,6,OFFBOARD,1,2,9.859
36.22,hover,7,OFFBOARD,1,2,10.039
36.22,hover,8,OFFBOARD,1,2,9.999
36.22,hover,9,OFFBOARD,1,2,9.948
36.22,hover,10,OFFBOARD,1,2,10.045
36.43,hover,1,OFFBOARD,1,2,9.831
36.43,hover,2,OFFBOARD,1,2,9.846
36.43,hover,3,OFFBOARD,1,2,9.828
36.43,hover,4,OFFBOARD,1,2,9.858
36.43,hover,5,OFFBOARD,1,2,9.861
36.43,hover,6,OFFBOARD,1,2,9.861
36.43,hover,7,OFFBOARD,1,2,10.02
36.43,hover,8,OFFBOARD,1,2,9.991
36.43,hover,9,OFFBOARD,1,2,9.921
36.43,hover,10,OFFBOARD,1,2,10.046
36.63,hover,1,OFFBOARD,1,2,9.841
36.63,hover,2,OFFBOARD,1,2,9.841
36.63,hover,3,OFFBOARD,1,2,9.84
36.63,hover,4,OFFBOARD,1,2,9.851
36.63,hover,5,OFFBOARD,1,2,9.849
36.63,hover,6,OFFBOARD,1,2,9.864
36.63,hover,7,OFFBOARD,1,2,9.998
36.63,hover,8,OFFBOARD,1,2,9.981
36.63,hover,9,OFFBOARD,1,2,9.91
36.63,hover,10,OFFBOARD,1,2,10.042
36.84,hover,1,OFFBOARD,1,2,9.841
36.84,hover,2,OFFBOARD,1,2,9.843
36.84,hover,3,OFFBOARD,1,2,9.84
36.84,hover,4,OFFBOARD,1,2,9.844
36.84,hover,5,OFFBOARD,1,2,9.847
36.84,hover,6,OFFBOARD,1,2,9.868
36.84,hover,7,OFFBOARD,1,2,9.983
36.84,hover,8,OFFBOARD,1,2,9.981
36.84,hover,9,OFFBOARD,1,2,9.912
36.84,hover,10,OFFBOARD,1,2,10.03
37.04,hover,1,OFFBOARD,1,2,9.854
37.04,hover,2,OFFBOARD,1,2,9.832
37.04,hover,3,OFFBOARD,1,2,9.839
37.04,hover,4,OFFBOARD,1,2,9.84
37.04,hover,5,OFFBOARD,1,2,9.839
37.04,hover,6,OFFBOARD,1,2,9.871
37.04,hover,7,OFFBOARD,1,2,9.966
37.04,hover,8,OFFBOARD,1,2,9.986
37.04,hover,9,OFFBOARD,1,2,9.909
37.04,hover,10,OFFBOARD,1,2,10.024
37.25,hover,1,OFFBOARD,1,2,9.863
37.25,hover,2,OFFBOARD,1,2,9.827
37.25,hover,3,OFFBOARD,1,2,9.828
37.25,hover,4,OFFBOARD,1,2,9.841
37.25,hover,5,OFFBOARD,1,2,9.837
37.25,hover,6,OFFBOARD,1,2,9.879
37.25,hover,7,OFFBOARD,1,2,9.963
37.25,hover,8,OFFBOARD,1,2,9.993
37.25,hover,9,OFFBOARD,1,2,9.898
37.25,hover,10,OFFBOARD,1,2,10.017
37.47,hover,1,OFFBOARD,1,2,9.875
37.47,hover,2,OFFBOARD,1,2,9.832
37.47,hover,3,OFFBOARD,1,2,9.827
37.47,hover,4,OFFBOARD,1,2,9.847
37.47,hover,5,OFFBOARD,1,2,9.835
37.47,hover,6,OFFBOARD,1,2,9.872
37.47,hover,7,OFFBOARD,1,2,9.969
37.47,hover,8,OFFBOARD,1,2,9.987
37.47,hover,9,OFFBOARD,1,2,9.883
37.47,hover,10,OFFBOARD,1,2,10.007
37.67,hover,1,OFFBOARD,1,2,9.88
37.67,hover,2,OFFBOARD,1,2,9.832
37.67,hover,3,OFFBOARD,1,2,9.827
37.67,hover,4,OFFBOARD,1,2,9.846
37.67,hover,5,OFFBOARD,1,2,9.833
37.67,hover,6,OFFBOARD,1,2,9.863
37.67,hover,7,OFFBOARD,1,2,9.974
37.67,hover,8,OFFBOARD,1,2,9.966
37.67,hover,9,OFFBOARD,1,2,9.871
37.67,hover,10,OFFBOARD,1,2,10.007
37.88,hover,1,OFFBOARD,1,2,9.885
37.88,hover,2,OFFBOARD,1,2,9.836
37.88,hover,3,OFFBOARD,1,2,9.831
37.88,hover,4,OFFBOARD,1,2,9.839
37.88,hover,5,OFFBOARD,1,2,9.834
37.88,hover,6,OFFBOARD,1,2,9.863
37.88,hover,7,OFFBOARD,1,2,9.971
37.88,hover,8,OFFBOARD,1,2,9.953
37.88,hover,9,OFFBOARD,1,2,9.86
37.88,hover,10,OFFBOARD,1,2,10.013
38.09,hover,1,OFFBOARD,1,2,9.884
38.09,hover,2,OFFBOARD,1,2,9.851
38.09,hover,3,OFFBOARD,1,2,9.82
38.09,hover,4,OFFBOARD,1,2,9.833
38.09,hover,5,OFFBOARD,1,2,9.832
38.09,hover,6,OFFBOARD,1,2,9.859
38.09,hover,7,OFFBOARD,1,2,9.961
38.09,hover,8,OFFBOARD,1,2,9.96
38.09,hover,9,OFFBOARD,1,2,9.858
38.09,hover,10,OFFBOARD,1,2,10.014
38.3,hover,1,OFFBOARD,1,2,9.883
38.3,hover,2,OFFBOARD,1,2,9.863
38.3,hover,3,OFFBOARD,1,2,9.814
38.3,hover,4,OFFBOARD,1,2,9.824
38.3,hover,5,OFFBOARD,1,2,9.826
38.3,hover,6,OFFBOARD,1,2,9.853
38.3,hover,7,OFFBOARD,1,2,9.954
38.3,hover,8,OFFBOARD,1,2,9.972
38.3,hover,9,OFFBOARD,1,2,9.861
38.3,hover,10,OFFBOARD,1,2,10.015
38.52,hover,1,OFFBOARD,1,2,9.889
38.52,hover,2,OFFBOARD,1,2,9.874
38.52,hover,3,OFFBOARD,1,2,9.821
38.52,hover,4,OFFBOARD,1,2,9.817
38.52,hover,5,OFFBOARD,1,2,9.83
38.52,hover,6,OFFBOARD,1,2,9.85
38.52,hover,7,OFFBOARD,1,2,9.938
38.52,hover,8,OFFBOARD,1,2,10.004
38.52,hover,9,OFFBOARD,1,2,9.846
38.52,hover,10,OFFBOARD,1,2,10.016
38.72,hover,1,OFFBOARD,1,2,9.89
38.72,hover,2,OFFBOARD,1,2,9.884
38.72,hover,3,OFFBOARD,1,2,9.826
38.72,hover,4,OFFBOARD,1,2,9.814
38.72,hover,5,OFFBOARD,1,2,9.836
38.72,hover,6,OFFBOARD,1,2,9.845
38.72,hover,7,OFFBOARD,1,2,9.921
38.72,hover,8,OFFBOARD,1,2,10.018
38.72,hover,9,OFFBOARD,1,2,9.827
38.72,hover,10,OFFBOARD,1,2,10.015
38.93,hover,1,OFFBOARD,1,2,9.892
38.93,hover,2,OFFBOARD,1,2,9.884
38.93,hover,3,OFFBOARD,1,2,9.828
38.93,hover,4,OFFBOARD,1,2,9.816
38.93,hover,5,OFFBOARD,1,2,9.831
38.93,hover,6,OFFBOARD,1,2,9.836
38.93,hover,7,OFFBOARD,1,2,9.902
38.93,hover,8,OFFBOARD,1,2,10.025
38.93,hover,9,OFFBOARD,1,2,9.81
38.93,hover,10,OFFBOARD,1,2,10.01
39.13,hover,1,OFFBOARD,1,2,9.888
39.13,hover,2,OFFBOARD,1,2,9.879
39.13,hover,3,OFFBOARD,1,2,9.839
39.13,hover,4,OFFBOARD,1,2,9.804
39.13,hover,5,OFFBOARD,1,2,9.827
39.13,hover,6,OFFBOARD,1,2,9.828
39.13,hover,7,OFFBOARD,1,2,9.887
39.13,hover,8,OFFBOARD,1,2,10.027
39.13,hover,9,OFFBOARD,1,2,9.809
39.13,hover,10,OFFBOARD,1,2,10.016
39.34,hover,1,OFFBOARD,1,2,9.893
39.34,hover,2,OFFBOARD,1,2,9.872
39.34,hover,3,OFFBOARD,1,2,9.85
39.34,hover,4,OFFBOARD,1,2,9.795
39.34,hover,5,OFFBOARD,1,2,9.815
39.34,hover,6,OFFBOARD,1,2,9.818
39.34,hover,7,OFFBOARD,1,2,9.866
39.34,hover,8,OFFBOARD,1,2,10.021
39.34,hover,9,OFFBOARD,1,2,9.815
39.34,hover,10,OFFBOARD,1,2,10.012
39.55,hover,1,OFFBOARD,1,2,9.892
39.55,hover,2,OFFBOARD,1,2,9.873
39.55,hover,3,OFFBOARD,1,2,9.861
39.55,hover,4,OFFBOARD,1,2,9.796
39.55,hover,5,OFFBOARD,1,2,9.816
39.55,hover,6,OFFBOARD,1,2,9.822
39.55,hover,7,OFFBOARD,1,2,9.851
39.55,hover,8,OFFBOARD,1,2,10.026
39.55,hover,9,OFFBOARD,1,2,9.827
39.55,hover,10,OFFBOARD,1,2,9.996
39.77,hover,1,OFFBOARD,1,2,9.889
39.77,hover,2,OFFBOARD,1,2,9.869
39.77,hover,3,OFFBOARD,1,2,9.87
39.77,hover,4,OFFBOARD,1,2,9.796
39.77,hover,5,OFFBOARD,1,2,9.818
39.77,hover,6,OFFBOARD,1,2,9.833
39.77,hover,7,OFFBOARD,1,2,9.833
39.77,hover,8,OFFBOARD,1,2,10.037
39.77,hover,9,OFFBOARD,1,2,9.846
39.77,hover,10,OFFBOARD,1,2,9.979
39.98,hover,1,OFFBOARD,1,2,9.888
39.98,hover,2,OFFBOARD,1,2,9.864
39.98,hover,3,OFFBOARD,1,2,9.877
39.98,hover,4,OFFBOARD,1,2,9.8
39.98,hover,5,OFFBOARD,1,2,9.824
39.98,hover,6,OFFBOARD,1,2,9.834
39.98,hover,7,OFFBOARD,1,2,9.824
39.98,hover,8,OFFBOARD,1,2,10.041
39.98,hover,9,OFFBOARD,1,2,9.849
39.98,hover,10,OFFBOARD,1,2,9.962
40.19,hover,1,OFFBOARD,1,2,9.885
40.19,hover,2,OFFBOARD,1,2,9.853
40.19,hover,3,OFFBOARD,1,2,9.88
40.19,hover,4,OFFBOARD,1,2,9.818
40.19,hover,5,OFFBOARD,1,2,9.817
40.19,hover,6,OFFBOARD,1,2,9.832
40.19,hover,7,OFFBOARD,1,2,9.816
40.19,hover,8,OFFBOARD,1,2,10.041
40.19,hover,9,OFFBOARD,1,2,9.844
40.19,hover,10,OFFBOARD,1,2,9.947
40.39,hover,1,OFFBOARD,1,2,9.881
40.39,hover,2,OFFBOARD,1,2,9.852
40.39,hover,3,OFFBOARD,1,2,9.88
40.39,hover,4,OFFBOARD,1,2,9.832
40.39,hover,5,OFFBOARD,1,2,9.816
40.39,hover,6,OFFBOARD,1,2,9.825
40.39,hover,7,OFFBOARD,1,2,9.812
40.39,hover,8,OFFBOARD,1,2,10.035
40.39,hover,9,OFFBOARD,1,2,9.84
40.39,hover,10,OFFBOARD,1,2,9.943
40.6,hover,1,OFFBOARD,1,2,9.885
40.6,hover,2,OFFBOARD,1,2,9.847
40.6,hover,3,OFFBOARD,1,2,9.885
40.6,hover,4,OFFBOARD,1,2,9.847
40.6,hover,5,OFFBOARD,1,2,9.828
40.6,hover,6,OFFBOARD,1,2,9.822
40.6,hover,7,OFFBOARD,1,2,9.817
40.6,hover,8,OFFBOARD,1,2,10.027
40.6,hover,9,OFFBOARD,1,2,9.842
40.6,hover,10,OFFBOARD,1,2,9.943
40.82,hover,1,OFFBOARD,1,2,9.896
40.82,hover,2,OFFBOARD,1,2,9.844
40.82,hover,3,OFFBOARD,1,2,9.885
40.82,hover,4,OFFBOARD,1,2,9.856
40.82,hover,5,OFFBOARD,1,2,9.832
40.82,hover,6,OFFBOARD,1,2,9.824
40.82,hover,7,OFFBOARD,1,2,9.832
40.82,hover,8,OFFBOARD,1,2,10.02
40.82,hover,9,OFFBOARD,1,2,9.847
40.82,hover,10,OFFBOARD,1,2,9.944
41.03,hover,1,OFFBOARD,1,2,9.903
41.03,hover,2,OFFBOARD,1,2,9.846
41.03,hover,3,OFFBOARD,1,2,9.885
41.03,hover,4,OFFBOARD,1,2,9.861
41.03,hover,5,OFFBOARD,1,2,9.835
41.03,hover,6,OFFBOARD,1,2,9.83
41.03,hover,7,OFFBOARD,1,2,9.837
41.03,hover,8,OFFBOARD,1,2,10.019
41.03,hover,9,OFFBOARD,1,2,9.853
41.03,hover,10,OFFBOARD,1,2,9.942
41.24,hover,1,OFFBOARD,1,2,9.906
41.24,hover,2,OFFBOARD,1,2,9.845
41.24,hover,3,OFFBOARD,1,2,9.88
41.24,hover,4,OFFBOARD,1,2,9.856
41.24,hover,5,OFFBOARD,1,2,9.848
41.24,hover,6,OFFBOARD,1,2,9.821
41.24,hover,7,OFFBOARD,1,2,9.834
41.24,hover,8,OFFBOARD,1,2,10.017
41.24,hover,9,OFFBOARD,1,2,9.853
41.24,hover,10,OFFBOARD,1,2,9.932
41.45,hover,1,OFFBOARD,1,2,9.906
41.45,hover,2,OFFBOARD,1,2,9.839
41.45,hover,3,OFFBOARD,1,2,9.884
41.45,hover,4,OFFBOARD,1,2,9.856
41.45,hover,5,OFFBOARD,1,2,9.859
41.45,hover,6,OFFBOARD,1,2,9.813
41.45,hover,7,OFFBOARD,1,2,9.828
41.45,hover,8,OFFBOARD,1,2,10.014
41.45,hover,9,OFFBOARD,1,2,9.855
41.45,hover,10,OFFBOARD,1,2,9.932
41.66,hover,1,OFFBOARD,1,2,9.91
41.66,hover,2,OFFBOARD,1,2,9.842
41.66,hover,3,OFFBOARD,1,2,9.882
41.66,hover,4,OFFBOARD,1,2,9.857
41.66,hover,5,OFFBOARD,1,2,9.876
41.66,hover,6,OFFBOARD,1,2,9.816
41.66,hover,7,OFFBOARD,1,2,9.82
41.66,hover,8,OFFBOARD,1,2,10.009
41.66,hover,9,OFFBOARD,1,2,9.857
41.66,hover,10,OFFBOARD,1,2,9.931
41.87,hover,1,OFFBOARD,1,2,9.904
41.87,hover,2,OFFBOARD,1,2,9.852
41.87,hover,3,OFFBOARD,1,2,9.882
41.87,hover,4,OFFBOARD,1,2,9.858
41.87,hover,5,OFFBOARD,1,2,9.889
41.87,hover,6,OFFBOARD,1,2,9.821
41.87,hover,7,OFFBOARD,1,2,9.821
41.87,hover,8,OFFBOARD,1,2,10.005
41.87,hover,9,OFFBOARD,1,2,9.85
41.87,hover,10,OFFBOARD,1,2,9.922
42.08,hover,1,OFFBOARD,1,2,9.908
42.08,hover,2,OFFBOARD,1,2,9.86
42.08,hover,3,OFFBOARD,1,2,9.88
42.08,hover,4,OFFBOARD,1,2,9.863
42.08,hover,5,OFFBOARD,1,2,9.893
42.08,hover,6,OFFBOARD,1,2,9.818
42.08,hover,7,OFFBOARD,1,2,9.824
42.08,hover,8,OFFBOARD,1,2,9.999
42.08,hover,9,OFFBOARD,1,2,9.848
42.08,hover,10,OFFBOARD,1,2,9.913
42.28,hover,1,OFFBOARD,1,2,9.911
42.28,hover,2,OFFBOARD,1,2,9.862
42.28,hover,3,OFFBOARD,1,2,9.878
42.28,hover,4,OFFBOARD,1,2,9.863
42.28,hover,5,OFFBOARD,1,2,9.896
42.28,hover,6,OFFBOARD,1,2,9.829
42.28,hover,7,OFFBOARD,1,2,9.826
42.28,hover,8,OFFBOARD,1,2,9.984
42.28,hover,9,OFFBOARD,1,2,9.846
42.28,hover,10,OFFBOARD,1,2,9.909
42.48,hover,1,OFFBOARD,1,2,9.911
42.48,hover,2,OFFBOARD,1,2,9.861
42.48,hover,3,OFFBOARD,1,2,9.87
42.48,hover,4,OFFBOARD,1,2,9.871
42.48,hover,5,OFFBOARD,1,2,9.898
42.48,hover,6,OFFBOARD,1,2,9.838
42.48,hover,7,OFFBOARD,1,2,9.816
42.48,hover,8,OFFBOARD,1,2,9.981
42.48,hover,9,OFFBOARD,1,2,9.84
42.48,hover,10,OFFBOARD,1,2,9.906
42.69,hover,1,OFFBOARD,1,2,9.912
42.69,hover,2,OFFBOARD,1,2,9.864
42.69,hover,3,OFFBOARD,1,2,9.872
42.69,hover,4,OFFBOARD,1,2,9.871
42.69,hover,5,OFFBOARD,1,2,9.905
42.69,hover,6,OFFBOARD,1,2,9.851
42.69,hover,7,OFFBOARD,1,2,9.819
42.69,hover,8,OFFBOARD,1,2,9.988
42.69,hover,9,OFFBOARD,1,2,9.842
42.69,hover,10,OFFBOARD,1,2,9.899
42.89,hover,1,OFFBOARD,1,2,9.913
42.89,hover,2,OFFBOARD,1,2,9.858
42.89,hover,3,OFFBOARD,1,2,9.879
42.89,hover,4,OFFBOARD,1,2,9.869
42.89,hover,5,OFFBOARD,1,2,9.908
42.89,hover,6,OFFBOARD,1,2,9.859
42.89,hover,7,OFFBOARD,1,2,9.828
42.89,hover,8,OFFBOARD,1,2,9.996
42.89,hover,9,OFFBOARD,1,2,9.843
42.89,hover,10,OFFBOARD,1,2,9.887
43.09,hover,1,OFFBOARD,1,2,9.911
43.09,hover,2,OFFBOARD,1,2,9.864
43.09,hover,3,OFFBOARD,1,2,9.886
43.09,hover,4,OFFBOARD,1,2,9.865
43.09,hover,5,OFFBOARD,1,2,9.911
43.09,hover,6,OFFBOARD,1,2,9.869
43.09,hover,7,OFFBOARD,1,2,9.831
43.09,hover,8,OFFBOARD,1,2,10.008
43.09,hover,9,OFFBOARD,1,2,9.849
43.09,hover,10,OFFBOARD,1,2,9.876
43.3,hover,1,OFFBOARD,1,2,9.919
43.3,hover,2,OFFBOARD,1,2,9.871
43.3,hover,3,OFFBOARD,1,2,9.887
43.3,hover,4,OFFBOARD,1,2,9.868
43.3,hover,5,OFFBOARD,1,2,9.908
43.3,hover,6,OFFBOARD,1,2,9.87
43.3,hover,7,OFFBOARD,1,2,9.838
43.3,hover,8,OFFBOARD,1,2,10.015
43.3,hover,9,OFFBOARD,1,2,9.854
43.3,hover,10,OFFBOARD,1,2,9.869
43.52,hover,1,OFFBOARD,1,2,9.932
43.52,hover,2,OFFBOARD,1,2,9.874
43.52,hover,3,OFFBOARD,1,2,9.885
43.52,hover,4,OFFBOARD,1,2,9.864
43.52,hover,5,OFFBOARD,1,2,9.913
43.52,hover,6,OFFBOARD,1,2,9.876
43.52,hover,7,OFFBOARD,1,2,9.854
43.52,hover,8,OFFBOARD,1,2,10.017
43.52,hover,9,OFFBOARD,1,2,9.854
43.52,hover,10,OFFBOARD,1,2,9.862
43.72,hover,1,OFFBOARD,1,2,9.936
43.72,hover,2,OFFBOARD,1,2,9.877
43.72,hover,3,OFFBOARD,1,2,9.878
43.72,hover,4,OFFBOARD,1,2,9.867
43.72,hover,5,OFFBOARD,1,2,9.912
43.72,hover,6,OFFBOARD,1,2,9.883
43.72,hover,7,OFFBOARD,1,2,9.872
43.72,hover,8,OFFBOARD,1,2,10.025
43.72,hover,9,OFFBOARD,1,2,9.856
43.72,hover,10,OFFBOARD,1,2,9.856
43.93,hover,1,OFFBOARD,1,2,9.934
43.93,hover,2,OFFBOARD,1,2,9.878
43.93,hover,3,OFFBOARD,1,2,9.866
43.93,hover,4,OFFBOARD,1,2,9.877
43.93,hover,5,OFFBOARD,1,2,9.912
43.93,hover,6,OFFBOARD,1,2,9.878
43.93,hover,7,OFFBOARD,1,2,9.886
43.93,hover,8,OFFBOARD,1,2,10.029
43.93,hover,9,OFFBOARD,1,2,9.863
43.93,hover,10,OFFBOARD,1,2,9.863
44.14,hover,1,OFFBOARD,1,2,9.934
44.14,hover,2,OFFBOARD,1,2,9.873
44.14,hover,3,OFFBOARD,1,2,9.872
44.14,hover,4,OFFBOARD,1,2,9.887
44.14,hover,5,OFFBOARD,1,2,9.915
44.14,hover,6,OFFBOARD,1,2,9.876
44.14,hover,7,OFFBOARD,1,2,9.896
44.14,hover,8,OFFBOARD,1,2,10.025
44.14,hover,9,OFFBOARD,1,2,9.865
44.14,hover,10,OFFBOARD,1,2,9.871
44.35,hover,1,OFFBOARD,1,2,9.931
44.35,hover,2,OFFBOARD,1,2,9.88
44.35,hover,3,OFFBOARD,1,2,9.886
44.35,hover,4,OFFBOARD,1,2,9.892
44.35,hover,5,OFFBOARD,1,2,9.914
44.35,hover,6,OFFBOARD,1,2,9.876
44.35,hover,7,OFFBOARD,1,2,9.898
44.35,hover,8,OFFBOARD,1,2,10.03
44.35,hover,9,OFFBOARD,1,2,9.872
44.35,hover,10,OFFBOARD,1,2,9.875
44.56,hover,1,OFFBOARD,1,2,9.926
44.56,hover,2,OFFBOARD,1,2,9.893
44.56,hover,3,OFFBOARD,1,2,9.889
44.56,hover,4,OFFBOARD,1,2,9.894
44.56,hover,5,OFFBOARD,1,2,9.906
44.56,hover,6,OFFBOARD,1,2,9.879
44.56,hover,7,OFFBOARD,1,2,9.894
44.56,hover,8,OFFBOARD,1,2,10.038
44.56,hover,9,OFFBOARD,1,2,9.873
44.56,hover,10,OFFBOARD,1,2,9.876
44.77,hover,1,OFFBOARD,1,2,9.92
44.77,hover,2,OFFBOARD,1,2,9.895
44.77,hover,3,OFFBOARD,1,2,9.9
44.77,hover,4,OFFBOARD,1,2,9.895
44.77,hover,5,OFFBOARD,1,2,9.907
44.77,hover,6,OFFBOARD,1,2,9.883
44.77,hover,7,OFFBOARD,1,2,9.896
44.77,hover,8,OFFBOARD,1,2,10.035
44.77,hover,9,OFFBOARD,1,2,9.872
44.77,hover,10,OFFBOARD,1,2,9.865
44.98,hover,1,OFFBOARD,1,2,9.907
44.98,hover,2,OFFBOARD,1,2,9.894
44.98,hover,3,OFFBOARD,1,2,9.911
44.98,hover,4,OFFBOARD,1,2,9.891
44.98,hover,5,OFFBOARD,1,2,9.919
44.98,hover,6,OFFBOARD,1,2,9.894
44.98,hover,7,OFFBOARD,1,2,9.901
44.98,hover,8,OFFBOARD,1,2,10.027
44.98,hover,9,OFFBOARD,1,2,9.868
44.98,hover,10,OFFBOARD,1,2,9.864
45.18,hover,1,OFFBOARD,1,2,9.897
45.18,hover,2,OFFBOARD,1,2,9.893
45.18,hover,3,OFFBOARD,1,2,9.915
45.18,hover,4,OFFBOARD,1,2,9.897
45.18,hover,5,OFFBOARD,1,2,9.927
45.18,hover,6,OFFBOARD,1,2,9.9
45.18,hover,7,OFFBOARD,1,2,9.903
45.18,hover,8,OFFBOARD,1,2,10.017
45.18,hover,9,OFFBOARD,1,2,9.864
45.18,hover,10,OFFBOARD,1,2,9.862
45.39,hover,1,OFFBOARD,1,2,9.891
45.39,hover,2,OFFBOARD,1,2,9.892
45.39,hover,3,OFFBOARD,1,2,9.922
45.39,hover,4,OFFBOARD,1,2,9.91
45.39,hover,5,OFFBOARD,1,2,9.93
45.39,hover,6,OFFBOARD,1,2,9.898
45.39,hover,7,OFFBOARD,1,2,9.904
45.39,hover,8,OFFBOARD,1,2,10.002
45.39,hover,9,OFFBOARD,1,2,9.851
45.39,hover,10,OFFBOARD,1,2,9.866
45.59,hover,1,OFFBOARD,1,2,9.882
45.59,hover,2,OFFBOARD,1,2,9.891
45.59,hover,3,OFFBOARD,1,2,9.94
45.59,hover,4,OFFBOARD,1,2,9.914
45.59,hover,5,OFFBOARD,1,2,9.928
45.59,hover,6,OFFBOARD,1,2,9.889
45.59,hover,7,OFFBOARD,1,2,9.903
45.59,hover,8,OFFBOARD,1,2,9.994
45.59,hover,9,OFFBOARD,1,2,9.848
45.59,hover,10,OFFBOARD,1,2,9.857
45.79,hover,1,OFFBOARD,1,2,9.875
45.79,hover,2,OFFBOARD,1,2,9.89
45.79,hover,3,OFFBOARD,1,2,9.953
45.79,hover,4,OFFBOARD,1,2,9.917
45.79,hover,5,OFFBOARD,1,2,9.93
45.79,hover,6,OFFBOARD,1,2,9.895
45.79,hover,7,OFFBOARD,1,2,9.908
45.79,hover,8,OFFBOARD,1,2,9.997
45.79,hover,9,OFFBOARD,1,2,9.845
45.79,hover,10,OFFBOARD,1,2,9.85
46.0,hover,1,OFFBOARD,1,2,9.872
46.0,hover,2,OFFBOARD,1,2,9.884
46.0,hover,3,OFFBOARD,1,2,9.959
46.0,hover,4,OFFBOARD,1,2,9.921
46.0,hover,5,OFFBOARD,1,2,9.924
46.0,hover,6,OFFBOARD,1,2,9.906
46.0,hover,7,OFFBOARD,1,2,9.906
46.0,hover,8,OFFBOARD,1,2,9.993
46.0,hover,9,OFFBOARD,1,2,9.836
46.0,hover,10,OFFBOARD,1,2,9.853
46.22,hover,1,OFFBOARD,1,2,9.86
46.22,hover,2,OFFBOARD,1,2,9.882
46.22,hover,3,OFFBOARD,1,2,9.966
46.22,hover,4,OFFBOARD,1,2,9.919
46.22,hover,5,OFFBOARD,1,2,9.931
46.22,hover,6,OFFBOARD,1,2,9.92
46.22,hover,7,OFFBOARD,1,2,9.903
46.22,hover,8,OFFBOARD,1,2,9.981
46.22,hover,9,OFFBOARD,1,2,9.829
46.22,hover,10,OFFBOARD,1,2,9.859
46.43,hover,1,OFFBOARD,1,2,9.841
46.43,hover,2,OFFBOARD,1,2,9.883
46.43,hover,3,OFFBOARD,1,2,9.969
46.43,hover,4,OFFBOARD,1,2,9.923
46.43,hover,5,OFFBOARD,1,2,9.939
46.43,hover,6,OFFBOARD,1,2,9.93
46.43,hover,7,OFFBOARD,1,2,9.905
46.43,hover,8,OFFBOARD,1,2,9.968
46.43,hover,9,OFFBOARD,1,2,9.83
46.43,hover,10,OFFBOARD,1,2,9.864
46.64,hover,1,OFFBOARD,1,2,9.833
46.64,hover,2,OFFBOARD,1,2,9.874
46.64,hover,3,OFFBOARD,1,2,9.968
46.64,hover,4,OFFBOARD,1,2,9.934
46.64,hover,5,OFFBOARD,1,2,9.941
46.64,hover,6,OFFBOARD,1,2,9.935
46.64,hover,7,OFFBOARD,1,2,9.901
46.64,hover,8,OFFBOARD,1,2,9.967
46.64,hover,9,OFFBOARD,1,2,9.832
46.64,hover,10,OFFBOARD,1,2,9.883
46.84,hover,1,OFFBOARD,1,2,9.83
46.84,hover,2,OFFBOARD,1,2,9.865
46.84,hover,3,OFFBOARD,1,2,9.957
46.84,hover,4,OFFBOARD,1,2,9.943
46.84,hover,5,OFFBOARD,1,2,9.943
46.84,hover,6,OFFBOARD,1,2,9.94
46.84,hover,7,OFFBOARD,1,2,9.897
46.84,hover,8,OFFBOARD,1,2,9.974
46.84,hover,9,OFFBOARD,1,2,9.838
46.84,hover,10,OFFBOARD,1,2,9.894
47.05,hover,1,OFFBOARD,1,2,9.826
47.05,hover,2,OFFBOARD,1,2,9.862
47.05,hover,3,OFFBOARD,1,2,9.948
47.05,hover,4,OFFBOARD,1,2,9.943
47.05,hover,5,OFFBOARD,1,2,9.946
47.05,hover,6,OFFBOARD,1,2,9.94
47.05,hover,7,OFFBOARD,1,2,9.901
47.05,hover,8,OFFBOARD,1,2,9.976
47.05,hover,9,OFFBOARD,1,2,9.846
47.05,hover,10,OFFBOARD,1,2,9.896
47.25,hover,1,OFFBOARD,1,2,9.809
47.25,hover,2,OFFBOARD,1,2,9.852
47.25,hover,3,OFFBOARD,1,2,9.939
47.25,hover,4,OFFBOARD,1,2,9.944
47.25,hover,5,OFFBOARD,1,2,9.936
47.25,hover,6,OFFBOARD,1,2,9.944
47.25,hover,7,OFFBOARD,1,2,9.908
47.25,hover,8,OFFBOARD,1,2,9.976
47.25,hover,9,OFFBOARD,1,2,9.851
47.25,hover,10,OFFBOARD,1,2,9.894
47.47,hover,1,OFFBOARD,1,2,9.804
47.47,hover,2,OFFBOARD,1,2,9.832
47.47,hover,3,OFFBOARD,1,2,9.942
47.47,hover,4,OFFBOARD,1,2,9.944
47.47,hover,5,OFFBOARD,1,2,9.938
47.47,hover,6,OFFBOARD,1,2,9.96
47.47,hover,7,OFFBOARD,1,2,9.913
47.47,hover,8,OFFBOARD,1,2,9.975
47.47,hover,9,OFFBOARD,1,2,9.857
47.47,hover,10,OFFBOARD,1,2,9.902
47.68,hover,1,OFFBOARD,1,2,9.804
47.68,hover,2,OFFBOARD,1,2,9.817
47.68,hover,3,OFFBOARD,1,2,9.938
47.68,hover,4,OFFBOARD,1,2,9.941
47.68,hover,5,OFFBOARD,1,2,9.948
47.68,hover,6,OFFBOARD,1,2,9.966
47.68,hover,7,OFFBOARD,1,2,9.907
47.68,hover,8,OFFBOARD,1,2,9.976
47.68,hover,9,OFFBOARD,1,2,9.856
47.68,hover,10,OFFBOARD,1,2,9.91
47.89,hover,1,OFFBOARD,1,2,9.819
47.89,hover,2,OFFBOARD,1,2,9.811
47.89,hover,3,OFFBOARD,1,2,9.937
47.89,hover,4,OFFBOARD,1,2,9.94
47.89,hover,5,OFFBOARD,1,2,9.954
47.89,hover,6,OFFBOARD,1,2,9.972
47.89,hover,7,OFFBOARD,1,2,9.906
47.89,hover,8,OFFBOARD,1,2,9.978
47.89,hover,9,OFFBOARD,1,2,9.862
47.89,hover,10,OFFBOARD,1,2,9.927
48.09,hover,1,OFFBOARD,1,2,9.836
48.09,hover,2,OFFBOARD,1,2,9.808
48.09,hover,3,OFFBOARD,1,2,9.938
48.09,hover,4,OFFBOARD,1,2,9.933
48.09,hover,5,OFFBOARD,1,2,9.955
48.09,hover,6,OFFBOARD,1,2,9.976
48.09,hover,7,OFFBOARD,1,2,9.907
48.09,hover,8,OFFBOARD,1,2,9.988
48.09,hover,9,OFFBOARD,1,2,9.868
48.09,hover,10,OFFBOARD,1,2,9.941
48.29,hover,1,OFFBOARD,1,2,9.856
48.29,hover,2,OFFBOARD,1,2,9.797
48.29,hover,3,OFFBOARD,1,2,9.935
48.29,hover,4,OFFBOARD,1,2,9.921
48.29,hover,5,OFFBOARD,1,2,9.958
48.29,hover,6,OFFBOARD,1,2,9.975
48.29,hover,7,OFFBOARD,1,2,9.903
48.29,hover,8,OFFBOARD,1,2,10.001
48.29,hover,9,OFFBOARD,1,2,9.873
48.29,hover,10,OFFBOARD,1,2,9.953
48.51,hover,1,OFFBOARD,1,2,9.868
48.51,hover,2,OFFBOARD,1,2,9.795
48.51,hover,3,OFFBOARD,1,2,9.916
48.51,hover,4,OFFBOARD,1,2,9.919
48.51,hover,5,OFFBOARD,1,2,9.958
48.51,hover,6,OFFBOARD,1,2,9.977
48.51,hover,7,OFFBOARD,1,2,9.914
48.51,hover,8,OFFBOARD,1,2,10.015
48.51,hover,9,OFFBOARD,1,2,9.878
48.51,hover,10,OFFBOARD,1,2,9.963
48.72,hover,1,OFFBOARD,1,2,9.872
48.72,hover,2,OFFBOARD,1,2,9.795
48.72,hover,3,OFFBOARD,1,2,9.907
48.72,hover,4,OFFBOARD,1,2,9.901
48.72,hover,5,OFFBOARD,1,2,9.957
48.72,hover,6,OFFBOARD,1,2,9.988
48.72,hover,7,OFFBOARD,1,2,9.927
48.72,hover,8,OFFBOARD,1,2,10.021
48.72,hover,9,OFFBOARD,1,2,9.887
48.72,hover,10,OFFBOARD,1,2,9.961
48.93,hover,1,OFFBOARD,1,2,9.878
48.93,hover,2,OFFBOARD,1,2,9.809
48.93,hover,3,OFFBOARD,1,2,9.899
48.93,hover,4,OFFBOARD,1,2,9.886
48.93,hover,5,OFFBOARD,1,2,9.958
48.93,hover,6,OFFBOARD,1,2,9.993
48.93,hover,7,OFFBOARD,1,2,9.934
48.93,hover,8,OFFBOARD,1,2,10.033
48.93,hover,9,OFFBOARD,1,2,9.884
48.93,hover,10,OFFBOARD,1,2,9.967
49.15,hover,1,OFFBOARD,1,2,9.894
49.15,hover,2,OFFBOARD,1,2,9.824
49.15,hover,3,OFFBOARD,1,2,9.896
49.15,hover,4,OFFBOARD,1,2,9.882
49.15,hover,5,OFFBOARD,1,2,9.952
49.15,hover,6,OFFBOARD,1,2,9.991
49.15,hover,7,OFFBOARD,1,2,9.939
49.15,hover,8,OFFBOARD,1,2,10.052
49.15,hover,9,OFFBOARD,1,2,9.889
49.15,hover,10,OFFBOARD,1,2,9.972
49.36,hover,1,OFFBOARD,1,2,9.896
49.36,hover,2,OFFBOARD,1,2,9.841
49.36,hover,3,OFFBOARD,1,2,9.888
49.36,hover,4,OFFBOARD,1,2,9.877
49.36,hover,5,OFFBOARD,1,2,9.943
49.36,hover,6,OFFBOARD,1,2,9.996
49.36,hover,7,OFFBOARD,1,2,9.935
49.36,hover,8,OFFBOARD,1,2,10.069
49.36,hover,9,OFFBOARD,1,2,9.9
49.36,hover,10,OFFBOARD,1,2,9.975
49.57,hover,1,OFFBOARD,1,2,9.887
49.57,hover,2,OFFBOARD,1,2,9.859
49.57,hover,3,OFFBOARD,1,2,9.888
49.57,hover,4,OFFBOARD,1,2,9.861
49.57,hover,5,OFFBOARD,1,2,9.935
49.57,hover,6,OFFBOARD,1,2,9.99
49.57,hover,7,OFFBOARD,1,2,9.931
49.57,hover,8,OFFBOARD,1,2,10.088
49.57,hover,9,OFFBOARD,1,2,9.909
49.57,hover,10,OFFBOARD,1,2,9.981
49.77,hover,1,OFFBOARD,1,2,9.875
49.77,hover,2,OFFBOARD,1,2,9.87
49.77,hover,3,OFFBOARD,1,2,9.887
49.77,hover,4,OFFBOARD,1,2,9.852
49.77,hover,5,OFFBOARD,1,2,9.913
49.77,hover,6,OFFBOARD,1,2,9.979
49.77,hover,7,OFFBOARD,1,2,9.94
49.77,hover,8,OFFBOARD,1,2,10.083
49.77,hover,9,OFFBOARD,1,2,9.914
49.77,hover,10,OFFBOARD,1,2,9.987
49.98,hover,1,OFFBOARD,1,2,9.867
49.98,hover,2,OFFBOARD,1,2,9.878
49.98,hover,3,OFFBOARD,1,2,9.9
49.98,hover,4,OFFBOARD,1,2,9.85
49.98,hover,5,OFFBOARD,1,2,9.9
49.98,hover,6,OFFBOARD,1,2,9.973
49.98,hover,7,OFFBOARD,1,2,9.947
49.98,hover,8,OFFBOARD,1,2,10.068
49.98,hover,9,OFFBOARD,1,2,9.917
49.98,hover,10,OFFBOARD,1,2,9.98
50.19,hover,1,OFFBOARD,1,2,9.874
50.19,hover,2,OFFBOARD,1,2,9.894
50.19,hover,3,OFFBOARD,1,2,9.913
50.19,hover,4,OFFBOARD,1,2,9.855
50.19,hover,5,OFFBOARD,1,2,9.892
50.19,hover,6,OFFBOARD,1,2,9.957
50.19,hover,7,OFFBOARD,1,2,9.941
50.19,hover,8,OFFBOARD,1,2,10.061
50.19,hover,9,OFFBOARD,1,2,9.921
50.19,hover,10,OFFBOARD,1,2,9.981
50.4,hover,1,OFFBOARD,1,2,9.897
50.4,hover,2,OFFBOARD,1,2,9.904
50.4,hover,3,OFFBOARD,1,2,9.93
50.4,hover,4,OFFBOARD,1,2,9.851
50.4,hover,5,OFFBOARD,1,2,9.882
50.4,hover,6,OFFBOARD,1,2,9.946
50.4,hover,7,OFFBOARD,1,2,9.938
50.4,hover,8,OFFBOARD,1,2,10.065
50.4,hover,9,OFFBOARD,1,2,9.918
50.4,hover,10,OFFBOARD,1,2,9.985
50.6,hover,1,OFFBOARD,1,2,9.906
50.6,hover,2,OFFBOARD,1,2,9.904
50.6,hover,3,OFFBOARD,1,2,9.941
50.6,hover,4,OFFBOARD,1,2,9.854
50.6,hover,5,OFFBOARD,1,2,9.868
50.6,hover,6,OFFBOARD,1,2,9.944
50.6,hover,7,OFFBOARD,1,2,9.937
50.6,hover,8,OFFBOARD,1,2,10.074
50.6,hover,9,OFFBOARD,1,2,9.92
50.6,hover,10,OFFBOARD,1,2,9.988
50.82,hover,1,OFFBOARD,1,2,9.908
50.82,hover,2,OFFBOARD,1,2,9.898
50.82,hover,3,OFFBOARD,1,2,9.947
50.82,hover,4,OFFBOARD,1,2,9.857
50.82,hover,5,OFFBOARD,1,2,9.863
50.82,hover,6,OFFBOARD,1,2,9.933
50.82,hover,7,OFFBOARD,1,2,9.935
50.82,hover,8,OFFBOARD,1,2,10.08
50.82,hover,9,OFFBOARD,1,2,9.934
50.82,hover,10,OFFBOARD,1,2,9.986
51.02,hover,1,OFFBOARD,1,2,9.904
51.02,hover,2,OFFBOARD,1,2,9.893
51.02,hover,3,OFFBOARD,1,2,9.952
51.02,hover,4,OFFBOARD,1,2,9.87
51.02,hover,5,OFFBOARD,1,2,9.864
51.02,hover,6,OFFBOARD,1,2,9.93
51.02,hover,7,OFFBOARD,1,2,9.932
51.02,hover,8,OFFBOARD,1,2,10.079
51.02,hover,9,OFFBOARD,1,2,9.938
51.02,hover,10,OFFBOARD,1,2,9.979
51.23,hover,1,OFFBOARD,1,2,9.907
51.23,hover,2,OFFBOARD,1,2,9.9
51.23,hover,3,OFFBOARD,1,2,9.97
51.23,hover,4,OFFBOARD,1,2,9.887
51.23,hover,5,OFFBOARD,1,2,9.861
51.23,hover,6,OFFBOARD,1,2,9.934
51.23,hover,7,OFFBOARD,1,2,9.923
51.23,hover,8,OFFBOARD,1,2,10.07
51.23,hover,9,OFFBOARD,1,2,9.942
51.23,hover,10,OFFBOARD,1,2,9.972
51.44,hover,1,OFFBOARD,1,2,9.917
51.44,hover,2,OFFBOARD,1,2,9.917
51.44,hover,3,OFFBOARD,1,2,9.976
51.44,hover,4,OFFBOARD,1,2,9.909
51.44,hover,5,OFFBOARD,1,2,9.853
51.44,hover,6,OFFBOARD,1,2,9.934
51.44,hover,7,OFFBOARD,1,2,9.912
51.44,hover,8,OFFBOARD,1,2,10.065
51.44,hover,9,OFFBOARD,1,2,9.943
51.44,hover,10,OFFBOARD,1,2,9.958
51.64,hover,1,OFFBOARD,1,2,9.916
51.64,hover,2,OFFBOARD,1,2,9.925
51.64,hover,3,OFFBOARD,1,2,9.972
51.64,hover,4,OFFBOARD,1,2,9.923
51.64,hover,5,OFFBOARD,1,2,9.855
51.64,hover,6,OFFBOARD,1,2,9.922
51.64,hover,7,OFFBOARD,1,2,9.911
51.64,hover,8,OFFBOARD,1,2,10.055
51.64,hover,9,OFFBOARD,1,2,9.936
51.64,hover,10,OFFBOARD,1,2,9.958
51.85,hover,1,OFFBOARD,1,2,9.913
51.85,hover,2,OFFBOARD,1,2,9.926
51.85,hover,3,OFFBOARD,1,2,9.965
51.85,hover,4,OFFBOARD,1,2,9.932
51.85,hover,5,OFFBOARD,1,2,9.855
51.85,hover,6,OFFBOARD,1,2,9.916
51.85,hover,7,OFFBOARD,1,2,9.913
51.85,hover,8,OFFBOARD,1,2,10.046
51.85,hover,9,OFFBOARD,1,2,9.936
51.85,hover,10,OFFBOARD,1,2,9.971
52.06,hover,1,OFFBOARD,1,2,9.913
52.06,hover,2,OFFBOARD,1,2,9.921
52.06,hover,3,OFFBOARD,1,2,9.96
52.06,hover,4,OFFBOARD,1,2,9.939
52.06,hover,5,OFFBOARD,1,2,9.871
52.06,hover,6,OFFBOARD,1,2,9.922
52.06,hover,7,OFFBOARD,1,2,9.908
52.06,hover,8,OFFBOARD,1,2,10.038
52.06,hover,9,OFFBOARD,1,2,9.945
52.06,hover,10,OFFBOARD,1,2,9.977
52.27,hover,1,OFFBOARD,1,2,9.915
52.27,hover,2,OFFBOARD,1,2,9.919
52.27,hover,3,OFFBOARD,1,2,9.963
52.27,hover,4,OFFBOARD,1,2,9.956
52.27,hover,5,OFFBOARD,1,2,9.889
52.27,hover,6,OFFBOARD,1,2,9.927
52.27,hover,7,OFFBOARD,1,2,9.912
52.27,hover,8,OFFBOARD,1,2,10.026
52.27,hover,9,OFFBOARD,1,2,9.951
52.27,hover,10,OFFBOARD,1,2,9.985
52.48,hover,1,OFFBOARD,1,2,9.93
52.48,hover,2,OFFBOARD,1,2,9.925
52.48,hover,3,OFFBOARD,1,2,9.982
52.48,hover,4,OFFBOARD,1,2,9.967
52.48,hover,5,OFFBOARD,1,2,9.91
52.48,hover,6,OFFBOARD,1,2,9.916
52.48,hover,7,OFFBOARD,1,2,9.913
52.48,hover,8,OFFBOARD,1,2,10.014
52.48,hover,9,OFFBOARD,1,2,9.948
52.48,hover,10,OFFBOARD,1,2,9.994
52.69,hover,1,OFFBOARD,1,2,9.951
52.69,hover,2,OFFBOARD,1,2,9.926
52.69,hover,3,OFFBOARD,1,2,9.987
52.69,hover,4,OFFBOARD,1,2,9.966
52.69,hover,5,OFFBOARD,1,2,9.925
52.69,hover,6,OFFBOARD,1,2,9.91
52.69,hover,7,OFFBOARD,1,2,9.907
52.69,hover,8,OFFBOARD,1,2,10.02
52.69,hover,9,OFFBOARD,1,2,9.95
52.69,hover,10,OFFBOARD,1,2,9.992
52.89,hover,1,OFFBOARD,1,2,9.965
52.89,hover,2,OFFBOARD,1,2,9.924
52.89,hover,3,OFFBOARD,1,2,9.982
52.89,hover,4,OFFBOARD,1,2,9.96
52.89,hover,5,OFFBOARD,1,2,9.935
52.89,hover,6,OFFBOARD,1,2,9.905
52.89,hover,7,OFFBOARD,1,2,9.892
52.89,hover,8,OFFBOARD,1,2,10.024
52.89,hover,9,OFFBOARD,1,2,9.953
52.89,hover,10,OFFBOARD,1,2,9.99
53.09,hover,1,OFFBOARD,1,2,9.982
53.09,hover,2,OFFBOARD,1,2,9.927
53.09,hover,3,OFFBOARD,1,2,9.971
53.09,hover,4,OFFBOARD,1,2,9.955
53.09,hover,5,OFFBOARD,1,2,9.943
53.09,hover,6,OFFBOARD,1,2,9.908
53.09,hover,7,OFFBOARD,1,2,9.887
53.09,hover,8,OFFBOARD,1,2,10.033
53.09,hover,9,OFFBOARD,1,2,9.951
53.09,hover,10,OFFBOARD,1,2,9.999
53.3,hover,1,OFFBOARD,1,2,10.01
53.3,hover,2,OFFBOARD,1,2,9.934
53.3,hover,3,OFFBOARD,1,2,9.965
53.3,hover,4,OFFBOARD,1,2,9.954
53.3,hover,5,OFFBOARD,1,2,9.963
53.3,hover,6,OFFBOARD,1,2,9.91
53.3,hover,7,OFFBOARD,1,2,9.888
53.3,hover,8,OFFBOARD,1,2,10.035
53.3,hover,9,OFFBOARD,1,2,9.948
53.3,hover,10,OFFBOARD,1,2,10.007
53.51,hover,1,OFFBOARD,1,2,10.033
53.51,hover,2,OFFBOARD,1,2,9.945
53.51,hover,3,OFFBOARD,1,2,9.966
53.51,hover,4,OFFBOARD,1,2,9.973
53.51,hover,5,OFFBOARD,1,2,9.97
53.51,hover,6,OFFBOARD,1,2,9.914
53.51,hover,7,OFFBOARD,1,2,9.884
53.51,hover,8,OFFBOARD,1,2,10.034
53.51,hover,9,OFFBOARD,1,2,9.937
53.51,hover,10,OFFBOARD,1,2,10.004
53.72,hover,1,OFFBOARD,1,2,10.061
53.72,hover,2,OFFBOARD,1,2,9.97
53.72,hover,3,OFFBOARD,1,2,9.964
53.72,hover,4,OFFBOARD,1,2,9.984
53.72,hover,5,OFFBOARD,1,2,9.967
53.72,hover,6,OFFBOARD,1,2,9.921
53.72,hover,7,OFFBOARD,1,2,9.873
53.72,hover,8,OFFBOARD,1,2,10.025
53.72,hover,9,OFFBOARD,1,2,9.926
53.72,hover,10,OFFBOARD,1,2,10.005
53.93,hover,1,OFFBOARD,1,2,10.075
53.93,hover,2,OFFBOARD,1,2,9.989
53.93,hover,3,OFFBOARD,1,2,9.959
53.93,hover,4,OFFBOARD,1,2,9.987
53.93,hover,5,OFFBOARD,1,2,9.957
53.93,hover,6,OFFBOARD,1,2,9.942
53.93,hover,7,OFFBOARD,1,2,9.874
53.93,hover,8,OFFBOARD,1,2,10.013
53.93,hover,9,OFFBOARD,1,2,9.926
53.93,hover,10,OFFBOARD,1,2,10.005
54.14,hover,1,OFFBOARD,1,2,10.092
54.14,hover,2,OFFBOARD,1,2,10.012
54.14,hover,3,OFFBOARD,1,2,9.96
54.14,hover,4,OFFBOARD,1,2,9.988
54.14,hover,5,OFFBOARD,1,2,9.949
54.14,hover,6,OFFBOARD,1,2,9.966
54.14,hover,7,OFFBOARD,1,2,9.875
54.14,hover,8,OFFBOARD,1,2,10.005
54.14,hover,9,OFFBOARD,1,2,9.914
54.14,hover,10,OFFBOARD,1,2,9.999
54.34,hover,1,OFFBOARD,1,2,10.113
54.34,hover,2,OFFBOARD,1,2,10.042
54.34,hover,3,OFFBOARD,1,2,9.966
54.34,hover,4,OFFBOARD,1,2,9.994
54.34,hover,5,OFFBOARD,1,2,9.958
54.34,hover,6,OFFBOARD,1,2,9.99
54.34,hover,7,OFFBOARD,1,2,9.891
54.34,hover,8,OFFBOARD,1,2,10.001
54.34,hover,9,OFFBOARD,1,2,9.909
54.34,hover,10,OFFBOARD,1,2,9.995
54.55,hover,1,OFFBOARD,1,2,10.126
54.55,hover,2,OFFBOARD,1,2,10.059
54.55,hover,3,OFFBOARD,1,2,9.98
54.55,hover,4,OFFBOARD,1,2,10.002
54.55,hover,5,OFFBOARD,1,2,9.983
54.55,hover,6,OFFBOARD,1,2,9.999
54.55,hover,7,OFFBOARD,1,2,9.909
54.55,hover,8,OFFBOARD,1,2,9.986
54.55,hover,9,OFFBOARD,1,2,9.906
54.55,hover,10,OFFBOARD,1,2,9.981
54.77,hover,1,OFFBOARD,1,2,10.13
54.77,hover,2,OFFBOARD,1,2,10.074
54.77,hover,3,OFFBOARD,1,2,10.003
54.77,hover,4,OFFBOARD,1,2,10.001
54.77,hover,5,OFFBOARD,1,2,9.995
54.77,hover,6,OFFBOARD,1,2,9.999
54.77,hover,7,OFFBOARD,1,2,9.93
54.77,hover,8,OFFBOARD,1,2,9.973
54.77,hover,9,OFFBOARD,1,2,9.901
54.77,hover,10,OFFBOARD,1,2,9.969
54.97,hover,1,OFFBOARD,1,2,10.126
54.97,hover,2,OFFBOARD,1,2,10.081
54.97,hover,3,OFFBOARD,1,2,10.021
54.97,hover,4,OFFBOARD,1,2,9.995
54.97,hover,5,OFFBOARD,1,2,9.999
54.97,hover,6,OFFBOARD,1,2,9.993
54.97,hover,7,OFFBOARD,1,2,9.939
54.97,hover,8,OFFBOARD,1,2,9.965
54.97,hover,9,OFFBOARD,1,2,9.888
54.97,hover,10,OFFBOARD,1,2,9.972
55.18,hover,1,OFFBOARD,1,2,10.122
55.18,hover,2,OFFBOARD,1,2,10.091
55.18,hover,3,OFFBOARD,1,2,10.043
55.18,hover,4,OFFBOARD,1,2,9.986
55.18,hover,5,OFFBOARD,1,2,9.997
55.18,hover,6,OFFBOARD,1,2,9.989
55.18,hover,7,OFFBOARD,1,2,9.944
55.18,hover,8,OFFBOARD,1,2,9.967
55.18,hover,9,OFFBOARD,1,2,9.878
55.18,hover,10,OFFBOARD,1,2,9.969
55.39,hover,1,OFFBOARD,1,2,10.124
55.39,hover,2,OFFBOARD,1,2,10.104
55.39,hover,3,OFFBOARD,1,2,10.067
55.39,hover,4,OFFBOARD,1,2,9.976
55.39,hover,5,OFFBOARD,1,2,9.997
55.39,hover,6,OFFBOARD,1,2,9.993
55.39,hover,7,OFFBOARD,1,2,9.95
55.39,hover,8,OFFBOARD,1,2,9.97
55.39,hover,9,OFFBOARD,1,2,9.873
55.39,hover,10,OFFBOARD,1,2,9.965
55.59,hover,1,OFFBOARD,1,2,10.134
55.59,hover,2,OFFBOARD,1,2,10.115
55.59,hover,3,OFFBOARD,1,2,10.088
55.59,hover,4,OFFBOARD,1,2,9.969
55.59,hover,5,OFFBOARD,1,2,9.997
55.59,hover,6,OFFBOARD,1,2,10.009
55.59,hover,7,OFFBOARD,1,2,9.964
55.59,hover,8,OFFBOARD,1,2,9.987
55.59,hover,9,OFFBOARD,1,2,9.877
55.59,hover,10,OFFBOARD,1,2,9.965
55.8,hover,1,OFFBOARD,1,2,10.138
55.8,hover,2,OFFBOARD,1,2,10.121
55.8,hover,3,OFFBOARD,1,2,10.102
55.8,hover,4,OFFBOARD,1,2,9.969
55.8,hover,5,OFFBOARD,1,2,9.995
55.8,hover,6,OFFBOARD,1,2,10.02
55.8,hover,7,OFFBOARD,1,2,9.964
55.8,hover,8,OFFBOARD,1,2,10.005
55.8,hover,9,OFFBOARD,1,2,9.866
55.8,hover,10,OFFBOARD,1,2,9.965
56.01,hover,1,OFFBOARD,1,2,10.133
56.01,hover,2,OFFBOARD,1,2,10.118
56.01,hover,3,OFFBOARD,1,2,10.112
56.01,hover,4,OFFBOARD,1,2,9.967
56.01,hover,5,OFFBOARD,1,2,9.992
56.01,hover,6,OFFBOARD,1,2,10.021
56.01,hover,7,OFFBOARD,1,2,9.955
56.01,hover,8,OFFBOARD,1,2,10.016
56.01,hover,9,OFFBOARD,1,2,9.862
56.01,hover,10,OFFBOARD,1,2,9.954
56.22,hover,1,OFFBOARD,1,2,10.126
56.22,hover,2,OFFBOARD,1,2,10.116
56.22,hover,3,OFFBOARD,1,2,10.125
56.22,hover,4,OFFBOARD,1,2,9.961
56.22,hover,5,OFFBOARD,1,2,9.992
56.22,hover,6,OFFBOARD,1,2,10.019
56.22,hover,7,OFFBOARD,1,2,9.943
56.22,hover,8,OFFBOARD,1,2,10.028
56.22,hover,9,OFFBOARD,1,2,9.859
56.22,hover,10,OFFBOARD,1,2,9.94
56.42,hover,1,OFFBOARD,1,2,10.121
56.42,hover,2,OFFBOARD,1,2,10.119
56.42,hover,3,OFFBOARD,1,2,10.135
56.42,hover,4,OFFBOARD,1,2,9.975
56.42,hover,5,OFFBOARD,1,2,9.994
56.42,hover,6,OFFBOARD,1,2,10.011
56.42,hover,7,OFFBOARD,1,2,9.933
56.42,hover,8,OFFBOARD,1,2,10.05
56.42,hover,9,OFFBOARD,1,2,9.862
56.42,hover,10,OFFBOARD,1,2,9.938
56.63,hover,1,OFFBOARD,1,2,10.113
56.63,hover,2,OFFBOARD,1,2,10.13
56.63,hover,3,OFFBOARD,1,2,10.14
56.63,hover,4,OFFBOARD,1,2,9.99
56.63,hover,5,OFFBOARD,1,2,10.008
56.63,hover,6,OFFBOARD,1,2,9.997
56.63,hover,7,OFFBOARD,1,2,9.942
56.63,hover,8,OFFBOARD,1,2,10.071
56.63,hover,9,OFFBOARD,1,2,9.87
56.63,hover,10,OFFBOARD,1,2,9.942
56.83,hover,1,OFFBOARD,1,2,10.103
56.83,hover,2,OFFBOARD,1,2,10.137
56.83,hover,3,OFFBOARD,1,2,10.142
56.83,hover,4,OFFBOARD,1,2,10.003
56.83,hover,5,OFFBOARD,1,2,10.033
56.83,hover,6,OFFBOARD,1,2,9.988
56.83,hover,7,OFFBOARD,1,2,9.957
56.83,hover,8,OFFBOARD,1,2,10.083
56.83,hover,9,OFFBOARD,1,2,9.888
56.83,hover,10,OFFBOARD,1,2,9.939
57.04,hover,1,OFFBOARD,1,2,10.107
57.04,hover,2,OFFBOARD,1,2,10.128
57.04,hover,3,OFFBOARD,1,2,10.138
57.04,hover,4,OFFBOARD,1,2,10.015
57.04,hover,5,OFFBOARD,1,2,10.051
57.04,hover,6,OFFBOARD,1,2,9.993
57.04,hover,7,OFFBOARD,1,2,9.959
57.04,hover,8,OFFBOARD,1,2,10.081
57.04,hover,9,OFFBOARD,1,2,9.91
57.04,hover,10,OFFBOARD,1,2,9.937
57.25,hover,1,OFFBOARD,1,2,10.102
57.25,hover,2,OFFBOARD,1,2,10.117
57.25,hover,3,OFFBOARD,1,2,10.134
57.25,hover,4,OFFBOARD,1,2,10.024
57.25,hover,5,OFFBOARD,1,2,10.076
57.25,hover,6,OFFBOARD,1,2,10.006
57.25,hover,7,OFFBOARD,1,2,9.954
57.25,hover,8,OFFBOARD,1,2,10.068
57.25,hover,9,OFFBOARD,1,2,9.925
57.25,hover,10,OFFBOARD,1,2,9.941
57.47,hover,1,OFFBOARD,1,2,10.096
57.47,hover,2,OFFBOARD,1,2,10.106
57.47,hover,3,OFFBOARD,1,2,10.131
57.47,hover,4,OFFBOARD,1,2,10.039
57.47,hover,5,OFFBOARD,1,2,10.1
57.47,hover,6,OFFBOARD,1,2,10.025
57.47,hover,7,OFFBOARD,1,2,9.947
57.47,hover,8,OFFBOARD,1,2,10.06
57.47,hover,9,OFFBOARD,1,2,9.936
57.47,hover,10,OFFBOARD,1,2,9.946
57.68,hover,1,OFFBOARD,1,2,10.077
57.68,hover,2,OFFBOARD,1,2,10.09
57.68,hover,3,OFFBOARD,1,2,10.133
57.68,hover,4,OFFBOARD,1,2,10.049
57.68,hover,5,OFFBOARD,1,2,10.123
57.68,hover,6,OFFBOARD,1,2,10.042
57.68,hover,7,OFFBOARD,1,2,9.946
57.68,hover,8,OFFBOARD,1,2,10.064
57.68,hover,9,OFFBOARD,1,2,9.955
57.68,hover,10,OFFBOARD,1,2,9.965
57.89,hover,1,OFFBOARD,1,2,10.066
57.89,hover,2,OFFBOARD,1,2,10.078
57.89,hover,3,OFFBOARD,1,2,10.13
57.89,hover,4,OFFBOARD,1,2,10.054
57.89,hover,5,OFFBOARD,1,2,10.148
57.89,hover,6,OFFBOARD,1,2,10.059
57.89,hover,7,OFFBOARD,1,2,9.946
57.89,hover,8,OFFBOARD,1,2,10.059
57.89,hover,9,OFFBOARD,1,2,9.968
57.89,hover,10,OFFBOARD,1,2,9.987
58.1,hover,1,OFFBOARD,1,2,10.059
58.1,hover,2,OFFBOARD,1,2,10.079
58.1,hover,3,OFFBOARD,1,2,10.117
58.1,hover,4,OFFBOARD,1,2,10.049
58.1,hover,5,OFFBOARD,1,2,10.159
58.1,hover,6,OFFBOARD,1,2,10.061
58.1,hover,7,OFFBOARD,1,2,9.941
58.1,hover,8,OFFBOARD,1,2,10.045
58.1,hover,9,OFFBOARD,1,2,9.969
58.1,hover,10,OFFBOARD,1,2,10.004
58.3,hover,1,OFFBOARD,1,2,10.053
58.3,hover,2,OFFBOARD,1,2,10.074
58.3,hover,3,OFFBOARD,1,2,10.102
58.3,hover,4,OFFBOARD,1,2,10.044
58.3,hover,5,OFFBOARD,1,2,10.166
58.3,hover,6,OFFBOARD,1,2,10.065
58.3,hover,7,OFFBOARD,1,2,9.935
58.3,hover,8,OFFBOARD,1,2,10.02
58.3,hover,9,OFFBOARD,1,2,9.96
58.3,hover,10,OFFBOARD,1,2,10.012
58.52,hover,1,OFFBOARD,1,2,10.047
58.52,hover,2,OFFBOARD,1,2,10.066
58.52,hover,3,OFFBOARD,1,2,10.091
58.52,hover,4,OFFBOARD,1,2,10.047
58.52,hover,5,OFFBOARD,1,2,10.171
58.52,hover,6,OFFBOARD,1,2,10.073
58.52,hover,7,OFFBOARD,1,2,9.934
58.52,hover,8,OFFBOARD,1,2,9.989
58.52,hover,9,OFFBOARD,1,2,9.954
58.52,hover,10,OFFBOARD,1,2,10.016
58.74,hover,1,OFFBOARD,1,2,10.04
58.74,hover,2,OFFBOARD,1,2,10.045
58.74,hover,3,OFFBOARD,1,2,10.08
58.74,hover,4,OFFBOARD,1,2,10.061
58.74,hover,5,OFFBOARD,1,2,10.172
58.74,hover,6,OFFBOARD,1,2,10.083
58.74,hover,7,OFFBOARD,1,2,9.935
58.74,hover,8,OFFBOARD,1,2,9.973
58.74,hover,9,OFFBOARD,1,2,9.955
58.74,hover,10,OFFBOARD,1,2,10.025
58.94,hover,1,OFFBOARD,1,2,10.026
58.94,hover,2,OFFBOARD,1,2,10.033
58.94,hover,3,OFFBOARD,1,2,10.073
58.94,hover,4,OFFBOARD,1,2,10.065
58.94,hover,5,OFFBOARD,1,2,10.166
58.94,hover,6,OFFBOARD,1,2,10.098
58.94,hover,7,OFFBOARD,1,2,9.949
58.94,hover,8,OFFBOARD,1,2,9.96
58.94,hover,9,OFFBOARD,1,2,9.975
58.94,hover,10,OFFBOARD,1,2,10.041
59.15,hover,1,OFFBOARD,1,2,10.026
59.15,hover,2,OFFBOARD,1,2,10.023
59.15,hover,3,OFFBOARD,1,2,10.074
59.15,hover,4,OFFBOARD,1,2,10.056
59.15,hover,5,OFFBOARD,1,2,10.158
59.15,hover,6,OFFBOARD,1,2,10.108
59.15,hover,7,OFFBOARD,1,2,9.969
59.15,hover,8,OFFBOARD,1,2,9.952
59.15,hover,9,OFFBOARD,1,2,9.988
59.15,hover,10,OFFBOARD,1,2,10.043
59.36,hover,1,OFFBOARD,1,2,10.035
59.36,hover,2,OFFBOARD,1,2,10.01
59.36,hover,3,OFFBOARD,1,2,10.064
59.36,hover,4,OFFBOARD,1,2,10.046
59.36,hover,5,OFFBOARD,1,2,10.151
59.36,hover,6,OFFBOARD,1,2,10.107
59.36,hover,7,OFFBOARD,1,2,9.991
59.36,hover,8,OFFBOARD,1,2,9.945
59.36,hover,9,OFFBOARD,1,2,9.992
59.36,hover,10,OFFBOARD,1,2,10.034
59.58,hover,1,OFFBOARD,1,2,10.043
59.58,hover,2,OFFBOARD,1,2,9.996
59.58,hover,3,OFFBOARD,1,2,10.049
59.58,hover,4,OFFBOARD,1,2,10.034
59.58,hover,5,OFFBOARD,1,2,10.153
59.58,hover,6,OFFBOARD,1,2,10.113
59.58,hover,7,OFFBOARD,1,2,10.021
59.58,hover,8,OFFBOARD,1,2,9.937
59.58,hover,9,OFFBOARD,1,2,9.992
59.58,hover,10,OFFBOARD,1,2,10.027
59.78,hover,1,OFFBOARD,1,2,10.039
59.78,hover,2,OFFBOARD,1,2,9.985
59.78,hover,3,OFFBOARD,1,2,10.024
59.78,hover,4,OFFBOARD,1,2,10.026
59.78,hover,5,OFFBOARD,1,2,10.157
59.78,hover,6,OFFBOARD,1,2,10.12
59.78,hover,7,OFFBOARD,1,2,10.052
59.78,hover,8,OFFBOARD,1,2,9.926
59.78,hover,9,OFFBOARD,1,2,9.991
59.78,hover,10,OFFBOARD,1,2,10.023
59.98,hover,1,OFFBOARD,1,2,10.035
59.98,hover,2,OFFBOARD,1,2,9.966
59.98,hover,3,OFFBOARD,1,2,10.007
59.98,hover,4,OFFBOARD,1,2,10.02
59.98,hover,5,OFFBOARD,1,2,10.157
59.98,hover,6,OFFBOARD,1,2,10.126
59.98,hover,7,OFFBOARD,1,2,10.075
59.98,hover,8,OFFBOARD,1,2,9.918
59.98,hover,9,OFFBOARD,1,2,9.998
59.98,hover,10,OFFBOARD,1,2,10.039
60.2,land,1,OFFBOARD,1,2,10.049
60.2,land,2,OFFBOARD,1,2,9.956
60.2,land,3,OFFBOARD,1,4,9.994
60.2,land,4,OFFBOARD,1,4,10.029
60.2,land,5,OFFBOARD,1,2,10.151
60.2,land,6,OFFBOARD,1,2,10.122
60.2,land,7,OFFBOARD,1,2,10.098
60.2,land,8,OFFBOARD,1,4,9.906
60.2,land,9,OFFBOARD,1,4,9.997
60.2,land,10,OFFBOARD,1,4,10.053
60.41,land,1,OFFBOARD,1,4,10.09
60.41,land,2,OFFBOARD,1,4,9.964
60.41,land,3,OFFBOARD,1,4,9.987
60.41,land,4,OFFBOARD,1,4,10.028
60.41,land,5,OFFBOARD,1,4,10.139
60.41,land,6,OFFBOARD,1,4,10.105
60.41,land,7,OFFBOARD,1,4,10.131
60.41,land,8,OFFBOARD,1,4,9.859
60.41,land,9,OFFBOARD,1,4,9.936
60.41,land,10,OFFBOARD,1,4,10.045
60.62,land,1,OFFBOARD,1,4,10.155
60.62,land,2,OFFBOARD,1,4,9.971
60.62,land,3,OFFBOARD,1,4,9.959
60.62,land,4,OFFBOARD,1,4,9.996
60.62,land,5,OFFBOARD,1,4,10.096
60.62,land,6,OFFBOARD,1,4,10.027
60.62,land,7,OFFBOARD,1,4,10.169
60.62,land,8,OFFBOARD,1,4,9.752
60.62,land,9,OFFBOARD,1,4,9.791
60.62,land,10,OFFBOARD,1,4,9.987
60.83,land,1,OFFBOARD,1,4,10.201
60.83,land,2,OFFBOARD,1,4,9.929
60.83,land,3,AUTO.LAND,1,4,9.876
60.83,land,4,AUTO.LAND,1,4,9.915
60.83,land,5,AUTO.LAND,1,4,10.009
60.83,land,6,AUTO.LAND,1,4,9.91
60.83,land,7,AUTO.LAND,1,4,10.167
60.83,land,8,AUTO.LAND,1,4,9.573
60.83,land,9,AUTO.LAND,1,4,9.57
60.83,land,10,AUTO.LAND,1,4,9.849
61.04,land,1,AUTO.LAND,1,4,10.197
61.04,land,2,AUTO.LAND,1,4,9.814
61.04,land,3,AUTO.LAND,1,4,9.715
61.04,land,4,AUTO.LAND,1,4,9.762
61.04,land,5,AUTO.LAND,1,4,9.835
61.04,land,6,AUTO.LAND,1,4,9.706
61.04,land,7,AUTO.LAND,1,4,10.117
61.04,land,8,AUTO.LAND,1,4,9.349
61.04,land,9,AUTO.LAND,1,4,9.317
61.04,land,10,AUTO.LAND,1,4,9.643
61.24,land,1,AUTO.LAND,1,4,10.149
61.24,land,2,AUTO.LAND,1,4,9.663
61.24,land,3,AUTO.LAND,1,4,9.534
61.24,land,4,AUTO.LAND,1,4,9.546
61.24,land,5,AUTO.LAND,1,4,9.613
61.24,land,6,AUTO.LAND,1,4,9.455
61.24,land,7,AUTO.LAND,1,4,9.981
61.24,land,8,AUTO.LAND,1,4,9.091
61.24,land,9,AUTO.LAND,1,4,9.068
61.24,land,10,AUTO.LAND,1,4,9.444
61.45,land,1,AUTO.LAND,1,4,10.017
61.45,land,2,AUTO.LAND,1,4,9.441
61.45,land,3,AUTO.LAND,1,4,9.285
61.45,land,4,AUTO.LAND,1,4,9.343
61.45,land,5,AUTO.LAND,1,4,9.35
61.45,land,6,AUTO.LAND,1,4,9.226
61.45,land,7,AUTO.LAND,1,4,9.771
61.45,land,8,AUTO.LAND,1,4,8.868
61.45,land,9,AUTO.LAND,1,4,8.862
61.45,land,10,AUTO.LAND,1,4,9.173
61.65,land,1,AUTO.LAND,1,4,9.813
61.65,land,2,AUTO.LAND,1,4,9.239
61.65,land,3,AUTO.LAND,1,4,9.061
61.65,land,4,AUTO.LAND,1,4,9.07
61.65,land,5,AUTO.LAND,1,4,9.124
61.65,land,6,AUTO.LAND,1,4,8.985
61.65,land,7,AUTO.LAND,1,4,9.563
61.65,land,8,AUTO.LAND,1,4,8.627
61.65,land,9,AUTO.LAND,1,4,8.622
61.65,land,10,AUTO.LAND,1,4,8.904
61.87,land,1,AUTO.LAND,1,4,9.575
61.87,land,2,AUTO.LAND,1,4,8.976
61.87,land,3,AUTO.LAND,1,4,8.791
61.87,land,4,AUTO.LAND,1,4,8.843
61.87,land,5,AUTO.LAND,1,4,8.859
61.87,land,6,AUTO.LAND,1,4,8.733
61.87,land,7,AUTO.LAND,1,4,9.307
61.87,land,8,AUTO.LAND,1,4,8.395
61.87,land,9,AUTO.LAND,1,4,8.41
61.87,land,10,AUTO.LAND,1,4,8.698
62.09,land,1,AUTO.LAND,1,4,9.335
62.09,land,2,AUTO.LAND,1,4,8.717
62.09,land,3,AUTO.LAND,1,4,8.542
62.09,land,4,AUTO.LAND,1,4,8.544
62.09,land,5,AUTO.LAND,1,4,8.618
62.09,land,6,AUTO.LAND,1,4,8.496
62.09,land,7,AUTO.LAND,1,4,9.023
62.09,land,8,AUTO.LAND,1,4,8.152
62.09,land,9,AUTO.LAND,1,4,8.203
62.09,land,10,AUTO.LAND,1,4,8.463
62.29,land,1,AUTO.LAND,1,4,9.088
62.29,land,2,AUTO.LAND,1,4,8.479
62.29,land,3,AUTO.LAND,1,4,8.312
62.29,land,4,AUTO.LAND,1,4,8.344
62.29,land,5,AUTO.LAND,1,4,8.384
62.29,land,6,AUTO.LAND,1,4,8.249
62.29,land,7,AUTO.LAND,1,4,8.816
62.29,land,8,AUTO.LAND,1,4,7.912
62.29,land,9,AUTO.LAND,1,4,7.99
62.29,land,10,AUTO.LAND,1,4,8.244
62.5,land,1,AUTO.LAND,1,4,8.882
62.5,land,2,AUTO.LAND,1,4,8.25
62.5,land,3,AUTO.LAND,1,4,8.115
62.5,land,4,AUTO.LAND,1,4,8.104
62.5,land,5,AUTO.LAND,1,4,8.149
62.5,land,6,AUTO.LAND,1,4,8.047
62.5,land,7,AUTO.LAND,1,4,8.571
62.5,land,8,AUTO.LAND,1,4,7.672
62.5,land,9,AUTO.LAND,1,4,7.812
62.5,land,10,AUTO.LAND,1,4,8.063
62.72,land,1,AUTO.LAND,1,4,8.64
62.72,land,2,AUTO.LAND,1,4,8.021
62.72,land,3,AUTO.LAND,1,4,7.888
62.72,land,4,AUTO.LAND,1,4,7.883
62.72,land,5,AUTO.LAND,1,4,7.952
62.72,land,6,AUTO.LAND,1,4,7.822
62.72,land,7,AUTO.LAND,1,4,8.332
62.72,land,8,AUTO.LAND,1,4,7.481
62.72,land,9,AUTO.LAND,1,4,7.61
62.72,land,10,AUTO.LAND,1,4,7.833
62.93,land,1,AUTO.LAND,1,4,8.41
62.93,land,2,AUTO.LAND,1,4,7.844
62.93,land,3,AUTO.LAND,1,4,7.659
62.93,land,4,AUTO.LAND,1,4,7.639
62.93,land,5,AUTO.LAND,1,4,7.725
62.93,land,6,AUTO.LAND,1,4,7.604
62.93,land,7,AUTO.LAND,1,4,8.131
62.93,land,8,AUTO.LAND,1,4,7.264
62.93,land,9,AUTO.LAND,1,4,7.413
62.93,land,10,AUTO.LAND,1,4,7.64
63.13,land,1,AUTO.LAND,1,4,8.183
63.13,land,2,AUTO.LAND,1,4,7.635
63.13,land,3,AUTO.LAND,1,4,7.427
63.13,land,4,AUTO.LAND,1,4,7.457
63.13,land,5,AUTO.LAND,1,4,7.498
63.13,land,6,AUTO.LAND,1,4,7.379
63.13,land,7,AUTO.LAND,1,4,7.893
63.13,land,8,AUTO.LAND,1,4,7.031
63.13,land,9,AUTO.LAND,1,4,7.217
63.13,land,10,AUTO.LAND,1,4,7.438
63.34,land,1,AUTO.LAND,1,4,7.995
63.34,land,2,AUTO.LAND,1,4,7.427
63.34,land,3,AUTO.LAND,1,4,7.212
63.34,land,4,AUTO.LAND,1,4,7.252
63.34,land,5,AUTO.LAND,1,4,7.282
63.34,land,6,AUTO.LAND,1,4,7.16
63.34,land,7,AUTO.LAND,1,4,7.666
63.34,land,8,AUTO.LAND,1,4,6.83
63.34,land,9,AUTO.LAND,1,4,7.021
63.34,land,10,AUTO.LAND,1,4,7.238
63.55,land,1,AUTO.LAND,1,4,7.769
63.55,land,2,AUTO.LAND,1,4,7.245
63.55,land,3,AUTO.LAND,1,4,7.0
63.55,land,4,AUTO.LAND,1,4,7.047
63.55,land,5,AUTO.LAND,1,4,7.079
63.55,land,6,AUTO.LAND,1,4,6.955
63.55,land,7,AUTO.LAND,1,4,7.45
63.55,land,8,AUTO.LAND,1,4,6.639
63.55,land,9,AUTO.LAND,1,4,6.826
63.55,land,10,AUTO.LAND,1,4,7.042
63.75,land,1,AUTO.LAND,1,4,7.557
63.75,land,2,AUTO.LAND,1,4,7.037
63.75,land,3,AUTO.LAND,1,4,6.837
63.75,land,4,AUTO.LAND,1,4,6.851
63.75,land,5,AUTO.LAND,1,4,6.916
63.75,land,6,AUTO.LAND,1,4,6.78
63.75,land,7,AUTO.LAND,1,4,7.262
63.75,land,8,AUTO.LAND,1,4,6.459
63.75,land,9,AUTO.LAND,1,4,6.667
63.75,land,10,AUTO.LAND,1,4,6.882
63.95,land,1,AUTO.LAND,1,4,7.317
63.95,land,2,AUTO.LAND,1,4,6.836
63.95,land,3,AUTO.LAND,1,4,6.654
63.95,land,4,AUTO.LAND,1,4,6.687
63.95,land,5,AUTO.LAND,1,4,6.711
63.95,land,6,AUTO.LAND,1,4,6.578
63.95,land,7,AUTO.LAND,1,4,7.041
63.95,land,8,AUTO.LAND,1,4,6.313
63.95,land,9,AUTO.LAND,1,4,6.52
63.95,land,10,AUTO.LAND,1,4,6.701
64.17,land,1,AUTO.LAND,1,4,7.14
64.17,land,2,AUTO.LAND,1,4,6.636
64.17,land,3,AUTO.LAND,1,4,6.466
64.17,land,4,AUTO.LAND,1,4,6.487
64.17,land,5,AUTO.LAND,1,4,6.517
64.17,land,6,AUTO.LAND,1,4,6.376
64.17,land,7,AUTO.LAND,1,4,6.864
64.17,land,8,AUTO.LAND,1,4,6.134
64.17,land,9,AUTO.LAND,1,4,6.357
64.17,land,10,AUTO.LAND,1,4,6.524
64.37,land,1,AUTO.LAND,1,4,6.939
64.37,land,2,AUTO.LAND,1,4,6.485
64.37,land,3,AUTO.LAND,1,4,6.309
64.37,land,4,AUTO.LAND,1,4,6.328
64.37,land,5,AUTO.LAND,1,4,6.369
64.37,land,6,AUTO.LAND,1,4,6.22
64.37,land,7,AUTO.LAND,1,4,6.651
64.37,land,8,AUTO.LAND,1,4,5.989
64.37,land,9,AUTO.LAND,1,4,6.226
64.37,land,10,AUTO.LAND,1,4,6.376
64.58,land,1,AUTO.LAND,1,4,6.767
64.58,land,2,AUTO.LAND,1,4,6.297
64.58,land,3,AUTO.LAND,1,4,6.115
64.58,land,4,AUTO.LAND,1,4,6.147
64.58,land,5,AUTO.LAND,1,4,6.188
64.58,land,6,AUTO.LAND,1,4,6.046
64.58,land,7,AUTO.LAND,1,4,6.448
64.58,land,8,AUTO.LAND,1,4,5.82
64.58,land,9,AUTO.LAND,1,4,6.05
64.58,land,10,AUTO.LAND,1,4,6.229
64.79,land,1,AUTO.LAND,1,4,6.566
64.79,land,2,AUTO.LAND,1,4,6.123
64.79,land,3,AUTO.LAND,1,4,5.92
64.79,land,4,AUTO.LAND,1,4,5.971
64.79,land,5,AUTO.LAND,1,4,6.041
64.79,land,6,AUTO.LAND,1,4,5.874
64.79,land,7,AUTO.LAND,1,4,6.238
64.79,land,8,AUTO.LAND,1,4,5.654
64.79,land,9,AUTO.LAND,1,4,5.877
64.79,land,10,AUTO.LAND,1,4,6.054
64.99,land,1,AUTO.LAND,1,4,6.394
64.99,land,2,AUTO.LAND,1,4,5.966
64.99,land,3,AUTO.LAND,1,4,5.785
64.99,land,4,AUTO.LAND,1,4,5.839
64.99,land,5,AUTO.LAND,1,4,5.869
64.99,land,6,AUTO.LAND,1,4,5.695
64.99,land,7,AUTO.LAND,1,4,6.081
64.99,land,8,AUTO.LAND,1,4,5.52
64.99,land,9,AUTO.LAND,1,4,5.738
64.99,land,10,AUTO.LAND,1,4,5.883
65.2,land,1,AUTO.LAND,1,4,6.217
65.2,land,2,AUTO.LAND,1,4,5.779
65.2,land,3,AUTO.LAND,1,4,5.618
65.2,land,4,AUTO.LAND,1,4,5.682
65.2,land,5,AUTO.LAND,1,4,5.693
65.2,land,6,AUTO.LAND,1,4,5.548
65.2,land,7,AUTO.LAND,1,4,5.885
65.2,land,8,AUTO.LAND,1,4,5.372
65.2,land,9,AUTO.LAND,1,4,5.572
65.2,land,10,AUTO.LAND,1,4,5.723
65.42,land,1,AUTO.LAND,1,4,6.052
65.42,land,2,AUTO.LAND,1,4,5.622
65.42,land,3,AUTO.LAND,1,4,5.423
65.42,land,4,AUTO.LAND,1,4,5.528
65.42,land,5,AUTO.LAND,1,4,5.532
65.42,land,6,AUTO.LAND,1,4,5.358
65.42,land,7,AUTO.LAND,1,4,5.696
65.42,land,8,AUTO.LAND,1,4,5.224
65.42,land,9,AUTO.LAND,1,4,5.41
65.42,land,10,AUTO.LAND,1,4,5.573
65.63,land,1,AUTO.LAND,1,4,5.886
65.63,land,2,AUTO.LAND,1,4,5.459
65.63,land,3,AUTO.LAND,1,4,5.3
65.63,land,4,AUTO.LAND,1,4,5.366
65.63,land,5,AUTO.LAND,1,4,5.369
65.63,land,6,AUTO.LAND,1,4,5.207
65.63,land,7,AUTO.LAND,1,4,5.52
65.63,land,8,AUTO.LAND,1,4,5.081
65.63,land,9,AUTO.LAND,1,4,5.268
65.63,land,10,AUTO.LAND,1,4,5.449
65.83,land,1,AUTO.LAND,1,4,5.733
65.83,land,2,AUTO.LAND,1,4,5.325
65.83,land,3,AUTO.LAND,1,4,5.143
65.83,land,4,AUTO.LAND,1,4,5.209
65.83,land,5,AUTO.LAND,1,4,5.227
65.83,land,6,AUTO.LAND,1,4,5.097
65.83,land,7,AUTO.LAND,1,4,5.355
65.83,land,8,AUTO.LAND,1,4,4.939
65.83,land,9,AUTO.LAND,1,4,5.118
65.83,land,10,AUTO.LAND,1,4,5.277
66.04,land,1,AUTO.LAND,1,4,5.591
66.04,land,2,AUTO.LAND,1,4,5.159
66.04,land,3,AUTO.LAND,1,4,4.976
66.04,land,4,AUTO.LAND,1,4,5.094
66.04,land,5,AUTO.LAND,1,4,5.116
66.04,land,6,AUTO.LAND,1,4,4.959
66.04,land,7,AUTO.LAND,1,4,5.19
66.04,land,8,AUTO.LAND,1,4,4.824
66.04,land,9,AUTO.LAND,1,4,4.967
66.04,land,10,AUTO.LAND,1,4,5.128
66.24,land,1,AUTO.LAND,1,4,5.472
66.24,land,2,AUTO.LAND,1,4,5.012
66.24,land,3,AUTO.LAND,1,4,4.846
66.24,land,4,AUTO.LAND,1,4,4.947
66.24,land,5,AUTO.LAND,1,4,4.977
66.24,land,6,AUTO.LAND,1,4,4.811
66.24,land,7,AUTO.LAND,1,4,5.057
66.24,land,8,AUTO.LAND,1,4,4.694
66.24,land,9,AUTO.LAND,1,4,4.826
66.24,land,10,AUTO.LAND,1,4,4.995
66.45,land,1,AUTO.LAND,1,4,5.318
66.45,land,2,AUTO.LAND,1,4,4.903
66.45,land,3,AUTO.LAND,1,4,4.704
66.45,land,4,AUTO.LAND,1,4,4.811
66.45,land,5,AUTO.LAND,1,4,4.86
66.45,land,6,AUTO.LAND,1,4,4.703
66.45,land,7,AUTO.LAND,1,4,4.906
66.45,land,8,AUTO.LAND,1,4,4.584
66.45,land,9,AUTO.LAND,1,4,4.704
66.45,land,10,AUTO.LAND,1,4,4.841
66.65,land,1,AUTO.LAND,1,4,5.165
66.65,land,2,AUTO.LAND,1,4,4.796
66.65,land,3,AUTO.LAND,1,4,4.556
66.65,land,4,AUTO.LAND,1,4,4.68
66.65,land,5,AUTO.LAND,1,4,4.684
66.65,land,6,AUTO.LAND,1,4,4.564
66.65,land,7,AUTO.LAND,1,4,4.773
66.65,land,8,AUTO.LAND,1,4,4.452
66.65,land,9,AUTO.LAND,1,4,4.555
66.65,land,10,AUTO.LAND,1,4,4.7
66.86,land,1,AUTO.LAND,1,4,5.047
66.86,land,2,AUTO.LAND,1,4,4.67
66.86,land,3,AUTO.LAND,1,4,4.437
66.86,land,4,AUTO.LAND,1,4,4.567
66.86,land,5,AUTO.LAND,1,4,4.559
66.86,land,6,AUTO.LAND,1,4,4.463
66.86,land,7,AUTO.LAND,1,4,4.665
66.86,land,8,AUTO.LAND,1,4,4.331
66.86,land,9,AUTO.LAND,1,4,4.407
66.86,land,10,AUTO.LAND,1,4,4.59
67.07,land,1,AUTO.LAND,1,4,4.898
67.07,land,2,AUTO.LAND,1,4,4.551
67.07,land,3,AUTO.LAND,1,4,4.289
67.07,land,4,AUTO.LAND,1,4,4.415
67.07,land,5,AUTO.LAND,1,4,4.419
67.07,land,6,AUTO.LAND,1,4,4.348
67.07,land,7,AUTO.LAND,1,4,4.541
67.07,land,8,AUTO.LAND,1,4,4.171
67.07,land,9,AUTO.LAND,1,4,4.281
67.07,land,10,AUTO.LAND,1,4,4.468
67.28,land,1,AUTO.LAND,1,4,4.76
67.28,land,2,AUTO.LAND,1,4,4.431
67.28,land,3,AUTO.LAND,1,4,4.168
67.28,land,4,AUTO.LAND,1,4,4.272
67.28,land,5,AUTO.LAND,1,4,4.284
67.28,land,6,AUTO.LAND,1,4,4.221
67.28,land,7,AUTO.LAND,1,4,4.41
67.28,land,8,AUTO.LAND,1,4,4.021
67.28,land,9,AUTO.LAND,1,4,4.131
67.28,land,10,AUTO.LAND,1,4,4.302
67.48,land,1,AUTO.LAND,1,4,4.633
67.48,land,2,AUTO.LAND,1,4,4.339
67.48,land,3,AUTO.LAND,1,4,4.048
67.48,land,4,AUTO.LAND,1,4,4.139
67.48,land,5,AUTO.LAND,1,4,4.151
67.48,land,6,AUTO.LAND,1,4,4.099
67.48,land,7,AUTO.LAND,1,4,4.279
67.48,land,8,AUTO.LAND,1,4,3.871
67.48,land,9,AUTO.LAND,1,4,3.975
67.48,land,10,AUTO.LAND,1,4,4.152
67.7,land,1,AUTO.LAND,1,4,4.537
67.7,land,2,AUTO.LAND,1,4,4.204
67.7,land,3,AUTO.LAND,1,4,3.943
67.7,land,4,AUTO.LAND,1,4,4.027
67.7,land,5,AUTO.LAND,1,4,4.042
67.7,land,6,AUTO.LAND,1,4,3.977
67.7,land,7,AUTO.LAND,1,4,4.175
67.7,land,8,AUTO.LAND,1,4,3.736
67.7,land,9,AUTO.LAND,1,4,3.851
67.7,land,10,AUTO.LAND,1,4,4.032
67.91,land,1,AUTO.LAND,1,4,4.417
67.91,land,2,AUTO.LAND,1,4,4.106
67.91,land,3,AUTO.LAND,1,4,3.82
67.91,land,4,AUTO.LAND,1,4,3.91
67.91,land,5,AUTO.LAND,1,4,3.934
67.91,land,6,AUTO.LAND,1,4,3.838
67.91,land,7,AUTO.LAND,1,4,4.051
67.91,land,8,AUTO.LAND,1,4,3.615
67.91,land,9,AUTO.LAND,1,4,3.712
67.91,land,10,AUTO.LAND,1,4,3.914
68.12,land,1,AUTO.LAND,1,4,4.284
68.12,land,2,AUTO.LAND,1,4,3.974
68.12,land,3,AUTO.LAND,1,4,3.705
68.12,land,4,AUTO.LAND,1,4,3.762
68.12,land,5,AUTO.LAND,1,4,3.776
68.12,land,6,AUTO.LAND,1,4,3.739
68.12,land,7,AUTO.LAND,1,4,3.927
68.12,land,8,AUTO.LAND,1,4,3.476
68.12,land,9,AUTO.LAND,1,4,3.599
68.12,land,10,AUTO.LAND,1,4,3.768
68.33,land,1,AUTO.LAND,1,4,4.149
68.33,land,2,AUTO.LAND,1,4,3.85
68.33,land,3,AUTO.LAND,1,4,3.59
68.33,land,4,AUTO.LAND,1,4,3.638
68.33,land,5,AUTO.LAND,1,4,3.635
68.33,land,6,AUTO.LAND,1,4,3.615
68.33,land,7,AUTO.LAND,1,4,3.806
68.33,land,8,AUTO.LAND,1,4,3.323
68.33,land,9,AUTO.LAND,1,4,3.428
68.33,land,10,AUTO.LAND,1,4,3.6
68.53,land,1,AUTO.LAND,1,4,4.054
68.53,land,2,AUTO.LAND,1,4,3.732
68.53,land,3,AUTO.LAND,1,4,3.462
68.53,land,4,AUTO.LAND,1,4,3.52
68.53,land,5,AUTO.LAND,1,4,3.499
68.53,land,6,AUTO.LAND,1,4,3.49
68.53,land,7,AUTO.LAND,1,4,3.71
68.53,land,8,AUTO.LAND,1,4,3.175
68.53,land,9,AUTO.LAND,1,4,3.307
68.53,land,10,AUTO.LAND,1,4,3.471
68.74,land,1,AUTO.LAND,1,4,3.951
68.74,land,2,AUTO.LAND,1,4,3.624
68.74,land,3,AUTO.LAND,1,4,3.365
68.74,land,4,AUTO.LAND,1,4,3.4
68.74,land,5,AUTO.LAND,1,4,3.353
68.74,land,6,AUTO.LAND,1,4,3.373
68.74,land,7,AUTO.LAND,1,4,3.592
68.74,land,8,AUTO.LAND,1,4,3.05
68.74,land,9,AUTO.LAND,1,4,3.172
68.74,land,10,AUTO.LAND,1,4,3.319
68.95,land,1,AUTO.LAND,1,4,3.846
68.95,land,2,AUTO.LAND,1,4,3.537
68.95,land,3,AUTO.LAND,1,4,3.241
68.95,land,4,AUTO.LAND,1,4,3.295
68.95,land,5,AUTO.LAND,1,4,3.226
68.95,land,6,AUTO.LAND,1,4,3.272
68.95,land,7,AUTO.LAND,1,4,3.478
68.95,land,8,AUTO.LAND,1,4,2.915
68.95,land,9,AUTO.LAND,1,4,3.062
68.95,land,10,AUTO.LAND,1,4,3.179
69.15,land,1,AUTO.LAND,1,4,3.762
69.15,land,2,AUTO.LAND,1,4,3.412
69.15,land,3,AUTO.LAND,1,4,3.113
69.15,land,4,AUTO.LAND,1,4,3.176
69.15,land,5,AUTO.LAND,1,4,3.086
69.15,land,6,AUTO.LAND,1,4,3.136
69.15,land,7,AUTO.LAND,1,4,3.353
69.15,land,8,AUTO.LAND,1,4,2.803
69.15,land,9,AUTO.LAND,1,4,2.94
69.15,land,10,AUTO.LAND,1,4,3.071
69.38,land,1,AUTO.LAND,1,4,3.679
69.38,land,2,AUTO.LAND,1,4,3.291
69.38,land,3,AUTO.LAND,1,4,3.01
69.38,land,4,AUTO.LAND,1,4,3.055
69.38,land,5,AUTO.LAND,1,4,2.984
69.38,land,6,AUTO.LAND,1,4,3.018
69.38,land,7,AUTO.LAND,1,4,3.247
69.38,land,8,AUTO.LAND,1,4,2.665
69.38,land,9,AUTO.LAND,1,4,2.842
69.38,land,10,AUTO.LAND,1,4,2.933
69.59,land,1,AUTO.LAND,1,4,3.554
69.59,land,2,AUTO.LAND,1,4,3.161
69.59,land,3,AUTO.LAND,1,4,2.898
69.59,land,4,AUTO.LAND,1,4,2.933
69.59,land,5,AUTO.LAND,1,4,2.87
69.59,land,6,AUTO.LAND,1,4,2.872
69.59,land,7,AUTO.LAND,1,4,3.102
69.59,land,8,AUTO.LAND,1,4,2.511
69.59,land,9,AUTO.LAND,1,4,2.7
69.59,land,10,AUTO.LAND,1,4,2.788
69.79,land,1,AUTO.LAND,1,4,3.458
69.79,land,2,AUTO.LAND,1,4,3.051
69.79,land,3,AUTO.LAND,1,4,2.789
69.79,land,4,AUTO.LAND,1,4,2.83
69.79,land,5,AUTO.LAND,1,4,2.793
69.79,land,6,AUTO.LAND,1,4,2.765
69.79,land,7,AUTO.LAND,1,4,2.997
69.79,land,8,AUTO.LAND,1,4,2.344
69.79,land,9,AUTO.LAND,1,4,2.585
69.79,land,10,AUTO.LAND,1,4,2.652
70.0,land,1,AUTO.LAND,1,4,3.342
70.0,land,2,AUTO.LAND,1,4,2.944
70.0,land,3,AUTO.LAND,1,4,2.673
70.0,land,4,AUTO.LAND,1,4,2.719
70.0,land,5,AUTO.LAND,1,4,2.713
70.0,land,6,AUTO.LAND,1,4,2.654
70.0,land,7,AUTO.LAND,1,4,2.879
70.0,land,8,AUTO.LAND,1,4,2.189
70.0,land,9,AUTO.LAND,1,4,2.496
70.0,land,10,AUTO.LAND,1,4,2.525
70.2,land,1,AUTO.LAND,1,4,3.249
70.2,land,2,AUTO.LAND,1,4,2.855
70.2,land,3,AUTO.LAND,1,4,2.546
70.2,land,4,AUTO.LAND,1,4,2.608
70.2,land,5,AUTO.LAND,1,4,2.649
70.2,land,6,AUTO.LAND,1,4,2.572
70.2,land,7,AUTO.LAND,1,4,2.754
70.2,land,8,AUTO.LAND,1,4,2.034
70.2,land,9,AUTO.LAND,1,4,2.383
70.2,land,10,AUTO.LAND,1,4,2.418
70.42,land,1,AUTO.LAND,1,4,3.128
70.42,land,2,AUTO.LAND,1,4,2.75
70.42,land,3,AUTO.LAND,1,4,2.43
70.42,land,4,AUTO.LAND,1,4,2.529
70.42,land,5,AUTO.LAND,1,4,2.587
70.42,land,6,AUTO.LAND,1,4,2.478
70.42,land,7,AUTO.LAND,1,4,2.635
70.42,land,8,AUTO.LAND,1,4,1.885
70.42,land,9,AUTO.LAND,1,4,2.289
70.42,land,10,AUTO.LAND,1,4,2.299
70.63,land,1,AUTO.LAND,1,4,3.002
70.63,land,2,AUTO.LAND,1,4,2.637
70.63,land,3,AUTO.LAND,1,4,2.36
70.63,land,4,AUTO.LAND,1,4,2.442
70.63,land,5,AUTO.LAND,1,4,2.509
70.63,land,6,AUTO.LAND,1,4,2.384
70.63,land,7,AUTO.LAND,1,4,2.51
70.63,land,8,AUTO.LAND,1,4,1.771
70.63,land,9,AUTO.LAND,1,4,2.205
70.63,land,10,AUTO.LAND,1,4,2.165
70.84,land,1,AUTO.LAND,1,4,2.889
70.84,land,2,AUTO.LAND,1,4,2.54
70.84,land,3,AUTO.LAND,1,4,2.295
70.84,land,4,AUTO.LAND,1,4,2.362
70.84,land,5,AUTO.LAND,1,4,2.425
70.84,land,6,AUTO.LAND,1,4,2.293
70.84,land,7,AUTO.LAND,1,4,2.387
70.84,land,8,AUTO.LAND,1,4,1.638
70.84,land,9,AUTO.LAND,1,4,2.097
70.84,land,10,AUTO.LAND,1,4,2.042
71.05,land,1,AUTO.LAND,1,4,2.763
71.05,land,2,AUTO.LAND,1,4,2.462
71.05,land,3,AUTO.LAND,1,4,2.242
71.05,land,4,AUTO.LAND,1,4,2.281
71.05,land,5,AUTO.LAND,1,4,2.322
71.05,land,6,AUTO.LAND,1,4,2.172
71.05,land,7,AUTO.LAND,1,4,2.288
71.05,land,8,AUTO.LAND,1,4,1.523
71.05,land,9,AUTO.LAND,1,4,1.969
71.05,land,10,AUTO.LAND,1,4,1.906
71.25,land,1,AUTO.LAND,1,4,2.664
71.25,land,2,AUTO.LAND,1,4,2.379
71.25,land,3,AUTO.LAND,1,4,2.201
71.25,land,4,AUTO.LAND,1,4,2.188
71.25,land,5,AUTO.LAND,1,4,2.222
71.25,land,6,AUTO.LAND,1,4,2.048
71.25,land,7,AUTO.LAND,1,4,2.161
71.25,land,8,AUTO.LAND,1,4,1.387
71.25,land,9,AUTO.LAND,1,4,1.826
71.25,land,10,AUTO.LAND,1,4,1.774
71.47,land,1,AUTO.LAND,1,4,2.558
71.47,land,2,AUTO.LAND,1,4,2.316
71.47,land,3,AUTO.LAND,1,4,2.162
71.47,land,4,AUTO.LAND,1,4,2.075
71.47,land,5,AUTO.LAND,1,4,2.082
71.47,land,6,AUTO.LAND,1,4,1.933
71.47,land,7,AUTO.LAND,1,4,2.03
71.47,land,8,AUTO.LAND,1,4,1.262
71.47,land,9,AUTO.LAND,1,4,1.712
71.47,land,10,AUTO.LAND,1,4,1.674
71.68,land,1,AUTO.LAND,1,4,2.43
71.68,land,2,AUTO.LAND,1,4,2.223
71.68,land,3,AUTO.LAND,1,4,2.088
71.68,land,4,AUTO.LAND,1,4,1.952
71.68,land,5,AUTO.LAND,1,4,1.941
71.68,land,6,AUTO.LAND,1,4,1.793
71.68,land,7,AUTO.LAND,1,4,1.924
71.68,land,8,AUTO.LAND,1,4,1.135
71.68,land,9,AUTO.LAND,1,4,1.554
71.68,land,10,AUTO.LAND,1,4,1.579
71.89,land,1,AUTO.LAND,1,4,2.314
71.89,land,2,AUTO.LAND,1,4,2.15
71.89,land,3,AUTO.LAND,1,4,2.015
71.89,land,4,AUTO.LAND,1,4,1.839
71.89,land,5,AUTO.LAND,1,4,1.812
71.89,land,6,AUTO.LAND,1,4,1.633
71.89,land,7,AUTO.LAND,1,4,1.82
71.89,land,8,AUTO.LAND,1,4,1.02
71.89,land,9,AUTO.LAND,1,4,1.437
71.89,land,10,AUTO.LAND,1,4,1.47
72.09,land,1,AUTO.LAND,1,4,2.201
72.09,land,2,AUTO.LAND,1,4,2.05
72.09,land,3,AUTO.LAND,1,4,1.906
72.09,land,4,AUTO.LAND,1,4,1.741
72.09,land,5,AUTO.LAND,1,4,1.707
72.09,land,6,AUTO.LAND,1,4,1.485
72.09,land,7,AUTO.LAND,1,4,1.727
72.09,land,8,AUTO.LAND,1,4,0.925
72.09,land,9,AUTO.LAND,1,4,1.299
72.09,land,10,AUTO.LAND,1,4,1.358
72.29,land,1,AUTO.LAND,1,4,2.115
72.29,land,2,AUTO.LAND,1,4,1.939
72.29,land,3,AUTO.LAND,1,4,1.778
72.29,land,4,AUTO.LAND,1,4,1.62
72.29,land,5,AUTO.LAND,1,4,1.579
72.29,land,6,AUTO.LAND,1,4,1.325
72.29,land,7,AUTO.LAND,1,4,1.615
72.29,land,8,AUTO.LAND,1,4,0.833
72.29,land,9,AUTO.LAND,1,4,1.161
72.29,land,10,AUTO.LAND,1,4,1.247
72.5,land,1,AUTO.LAND,1,4,2.019
72.5,land,2,AUTO.LAND,1,4,1.84
72.5,land,3,AUTO.LAND,1,4,1.654
72.5,land,4,AUTO.LAND,1,4,1.522
72.5,land,5,AUTO.LAND,1,4,1.478
72.5,land,6,AUTO.LAND,1,4,1.193
72.5,land,7,AUTO.LAND,1,4,1.519
72.5,land,8,AUTO.LAND,1,4,0.766
72.5,land,9,AUTO.LAND,1,4,1.043
72.5,land,10,AUTO.LAND,1,4,1.102
72.72,land,1,AUTO.LAND,1,4,1.919
72.72,land,2,AUTO.LAND,1,4,1.71
72.72,land,3,AUTO.LAND,1,4,1.465
72.72,land,4,AUTO.LAND,1,4,1.374
72.72,land,5,AUTO.LAND,1,4,1.33
72.72,land,6,AUTO.LAND,1,4,1.037
72.72,land,7,AUTO.LAND,1,4,1.38
72.72,land,8,AUTO.LAND,1,4,0.696
72.72,land,9,AUTO.LAND,1,4,0.923
72.72,land,10,AUTO.LAND,1,4,0.948
72.93,land,1,AUTO.LAND,1,4,1.811
72.93,land,2,AUTO.LAND,1,4,1.573
72.93,land,3,AUTO.LAND,1,4,1.32
72.93,land,4,AUTO.LAND,1,4,1.238
72.93,land,5,AUTO.LAND,1,4,1.237
72.93,land,6,AUTO.LAND,1,4,0.9
72.93,land,7,AUTO.LAND,1,4,1.248
72.93,land,8,AUTO.LAND,1,4,0.655
72.93,land,9,AUTO.LAND,1,4,0.846
72.93,land,10,AUTO.LAND,1,4,0.798
73.14,land,1,AUTO.LAND,1,4,1.69
73.14,land,2,AUTO.LAND,1,4,1.439
73.14,land,3,AUTO.LAND,1,4,1.142
73.14,land,4,AUTO.LAND,1,4,1.121
73.14,land,5,AUTO.LAND,1,4,1.122
73.14,land,6,AUTO.LAND,1,4,0.768
73.14,land,7,AUTO.LAND,1,4,1.139
73.14,land,8,AUTO.LAND,1,4,0.616
73.14,land,9,AUTO.LAND,1,4,0.769
73.14,land,10,AUTO.LAND,1,4,0.681
73.34,land,1,AUTO.LAND,1,4,1.553
73.34,land,2,AUTO.LAND,1,4,1.286
73.34,land,3,AUTO.LAND,1,4,0.992
73.34,land,4,AUTO.LAND,1,4,0.981
73.34,land,5,AUTO.LAND,1,4,1.034
73.34,land,6,AUTO.LAND,1,4,0.634
73.34,land,7,AUTO.LAND,1,4,1.003
73.34,land,8,AUTO.LAND,1,4,0.563
73.34,land,9,AUTO.LAND,1,4,0.693
73.34,land,10,AUTO.LAND,1,4,0.612
73.55,land,1,AUTO.LAND,1,4,1.435
73.55,land,2,AUTO.LAND,1,4,1.139
73.55,land,3,AUTO.LAND,1,4,0.818
73.55,land,4,AUTO.LAND,1,4,0.846
73.55,land,5,AUTO.LAND,1,4,0.983
73.55,land,6,AUTO.LAND,1,4,0.544
73.55,land,7,AUTO.LAND,1,4,0.863
73.55,land,8,AUTO.LAND,1,4,0.495
73.55,land,9,AUTO.LAND,1,4,0.625
73.55,land,10,AUTO.LAND,1,4,0.544
73.75,land,1,AUTO.LAND,1,4,1.311
73.75,land,2,AUTO.LAND,1,4,1.016
73.75,land,3,AUTO.LAND,1,4,0.659
73.75,land,4,AUTO.LAND,1,4,0.727
73.75,land,5,AUTO.LAND,1,4,0.942
73.75,land,6,AUTO.LAND,1,4,0.475
73.75,land,7,AUTO.LAND,1,4,0.747
73.75,land,8,AUTO.LAND,1,4,0.417
73.75,land,9,AUTO.LAND,1,4,0.572
73.75,land,10,AUTO.LAND,1,4,0.46
73.96,land,1,AUTO.LAND,1,4,1.188
73.96,land,2,AUTO.LAND,1,4,0.856
73.96,land,3,AUTO.LAND,1,4,0.545
73.96,land,4,AUTO.LAND,1,4,0.649
73.96,land,5,AUTO.LAND,1,4,0.88
73.96,land,6,AUTO.LAND,1,4,0.436
73.96,land,7,AUTO.LAND,1,4,0.639
73.96,land,8,AUTO.LAND,1,4,0.361
73.96,land,9,AUTO.LAND,1,4,0.53
73.96,land,10,AUTO.LAND,1,4,0.38
74.17,land,1,AUTO.LAND,1,4,1.049
74.17,land,2,AUTO.LAND,1,4,0.693
74.17,land,3,AUTO.LAND,1,4,0.464
74.17,land,4,AUTO.LAND,1,4,0.568
74.17,land,5,AUTO.LAND,1,4,0.808
74.17,land,6,AUTO.LAND,1,4,0.381
74.17,land,7,AUTO.LAND,1,4,0.564
74.17,land,8,AUTO.LAND,1,4,0.302
74.17,land,9,AUTO.LAND,1,4,0.49
74.17,land,10,AUTO.LAND,1,4,0.286
74.38,land,1,AUTO.LAND,1,4,0.922
74.38,land,2,AUTO.LAND,1,4,0.525
74.38,land,3,AUTO.LAND,1,4,0.407
74.38,land,4,AUTO.LAND,1,4,0.485
74.38,land,5,AUTO.LAND,1,4,0.736
74.38,land,6,AUTO.LAND,1,4,0.344
74.38,land,7,AUTO.LAND,1,4,0.493
74.38,land,8,AUTO.LAND,1,4,0.234
74.38,land,9,AUTO.LAND,1,4,0.46
74.38,land,10,AUTO.LAND,1,4,0.176
74.59,land,1,AUTO.LAND,1,4,0.772
74.59,land,2,AUTO.LAND,1,4,0.404
74.59,land,3,AUTO.LAND,1,4,0.339
74.59,land,4,AUTO.LAND,1,4,0.406
74.59,land,5,AUTO.LAND,1,4,0.651
74.59,land,6,AUTO.LAND,1,4,0.309
74.59,land,7,AUTO.LAND,1,4,0.421
74.59,land,8,AUTO.LAND,1,4,0.169
74.59,land,9,AUTO.LAND,1,4,0.428
74.59,land,10,AUTO.LAND,1,4,0.083
74.79,land,1,AUTO.LAND,1,4,0.622
74.79,land,2,AUTO.LAND,1,4,0.344
74.79,land,3,AUTO.LAND,1,4,0.267
74.79,land,4,AUTO.LAND,1,4,0.342
74.79,land,5,AUTO.LAND,1,4,0.58
74.79,land,6,AUTO.LAND,1,4,0.267
74.79,land,7,AUTO.LAND,1,4,0.339
74.79,land,8,AUTO.LAND,1,4,0.106
74.79,land,9,AUTO.LAND,1,4,0.391
74.79,land,10,AUTO.LAND,1,4,0.019
74.99,land,1,AUTO.LAND,1,4,0.477
74.99,land,2,AUTO.LAND,1,4,0.288
74.99,land,3,AUTO.LAND,1,4,0.189
74.99,land,4,AUTO.LAND,1,4,0.276
74.99,land,5,AUTO.LAND,1,4,0.489
74.99,land,6,AUTO.LAND,1,4,0.223
74.99,land,7,AUTO.LAND,1,4,0.264
74.99,land,8,AUTO.LAND,1,4,0.066
74.99,land,9,AUTO.LAND,1,4,0.351
74.99,land,10,AUTO.LAND,1,4,-0.042
75.2,land,1,AUTO.LAND,1,4,0.369
75.2,land,2,AUTO.LAND,1,4,0.241
75.2,land,3,AUTO.LAND,1,4,0.121
75.2,land,4,AUTO.LAND,1,4,0.208
75.2,land,5,AUTO.LAND,1,4,0.408
75.2,land,6,AUTO.LAND,1,4,0.185
75.2,land,7,AUTO.LAND,1,4,0.214
75.2,land,8,AUTO.LAND,1,4,0.024
75.2,land,9,AUTO.LAND,1,4,0.308
75.2,land,10,AUTO.LAND,1,4,-0.09
75.4,land,1,AUTO.LAND,1,4,0.253
75.4,land,2,AUTO.LAND,1,4,0.183
75.4,land,3,AUTO.LAND,1,4,0.043
75.4,land,4,AUTO.LAND,1,4,0.154
75.4,land,5,AUTO.LAND,1,4,0.347
75.4,land,6,AUTO.LAND,1,4,0.135
75.4,land,7,AUTO.LAND,1,4,0.158
75.4,land,8,AUTO.LAND,1,4,-0.016
75.4,land,9,AUTO.LAND,1,4,0.259
75.4,land,10,AUTO.LAND,1,4,-0.139
75.62,land,1,AUTO.LAND,1,4,0.168
75.62,land,2,AUTO.LAND,1,4,0.129
75.62,land,3,AUTO.LAND,1,4,-0.024
75.62,land,4,AUTO.LAND,1,4,0.157
75.62,land,5,AUTO.LAND,1,4,0.283
75.62,land,6,AUTO.LAND,1,4,0.074
75.62,land,7,AUTO.LAND,1,4,0.108
75.62,land,8,AUTO.LAND,1,4,-0.009
75.62,land,9,AUTO.LAND,1,4,0.232
75.62,land,10,AUTO.LAND,1,4,-0.17
75.83,land,1,AUTO.LAND,1,4,0.103
75.83,land,2,AUTO.LAND,1,4,0.069
75.83,land,3,AUTO.LAND,1,4,-0.071
75.83,land,4,AUTO.LAND,1,4,0.16
75.83,land,5,AUTO.LAND,1,4,0.246
75.83,land,6,AUTO.LAND,1,4,0.016
75.83,land,7,AUTO.LAND,1,4,0.071
75.83,land,8,AUTO.LAND,1,4,-0.003
75.83,land,9,AUTO.LAND,1,4,0.24
75.83,land,10,AUTO.LAND,1,4,-0.201
76.03,land,1,AUTO.LAND,1,4,0.014
76.03,land,2,AUTO.LAND,1,4,0.019
76.03,land,3,AUTO.LAND,1,4,-0.074
76.03,land,4,AUTO.LAND,1,4,0.156
76.03,land,5,AUTO.LAND,1,4,0.246
76.03,land,6,AUTO.LAND,1,4,-0.05
76.03,land,7,AUTO.LAND,1,4,0.021
76.03,land,8,AUTO.LAND,1,4,0.0
76.03,land,9,AUTO.LAND,1,4,0.236
76.03,land,10,AUTO.LAND,1,4,-0.232
76.24,land,1,AUTO.LAND,1,4,-0.047
76.24,land,2,AUTO.LAND,1,4,-0.034
76.24,land,3,AUTO.LAND,1,4,-0.067
76.24,land,4,AUTO.LAND,1,4,0.147
76.24,land,5,AUTO.LAND,1,4,0.236
76.24,land,6,AUTO.LAND,1,4,-0.113
76.24,land,7,AUTO.LAND,1,4,-0.025
76.24,land,8,AUTO.LAND,1,4,-0.004
76.24,land,9,AUTO.LAND,1,4,0.23
76.24,land,10,AUTO.LAND,1,4,-0.258
76.45,land,1,AUTO.LAND,1,4,-0.1
76.45,land,2,AUTO.LAND,1,4,-0.087
76.45,land,3,AUTO.LAND,1,4,-0.057
76.45,land,4,AUTO.LAND,1,4,0.128
76.45,land,5,AUTO.LAND,1,4,0.222
76.45,land,6,AUTO.LAND,1,4,-0.189
76.45,land,7,AUTO.LAND,1,4,-0.066
76.45,land,8,AUTO.LAND,1,4,-0.005
76.45,land,9,AUTO.LAND,1,4,0.226
76.45,land,10,AUTO.LAND,1,4,-0.283
76.65,land,1,AUTO.LAND,1,4,-0.136
76.65,land,2,AUTO.LAND,1,4,-0.154
76.65,land,3,AUTO.LAND,1,4,-0.047
76.65,land,4,AUTO.LAND,1,4,0.106
76.65,land,5,AUTO.LAND,1,4,0.213
76.65,land,6,AUTO.LAND,1,4,-0.264
76.65,land,7,AUTO.LAND,1,4,-0.054
76.65,land,8,AUTO.LAND,1,4,0.001
76.65,land,9,AUTO.LAND,1,4,0.205
76.65,land,10,AUTO.LAND,1,4,-0.293
76.86,land,1,AUTO.LAND,1,4,-0.172
76.86,land,2,AUTO.LAND,1,4,-0.219
76.86,land,3,AUTO.LAND,1,4,-0.036
76.86,land,4,AUTO.LAND,1,4,0.091
76.86,land,5,AUTO.LAND,1,4,0.196
76.86,land,6,AUTO.LAND,1,4,-0.327
76.86,land,7,AUTO.LAND,1,4,-0.052
76.86,land,8,AUTO.LAND,1,4,0.016
76.86,land,9,AUTO.LAND,1,4,0.172
76.86,land,10,AUTO.LAND,1,4,-0.306
77.07,land,1,AUTO.LAND,1,4,-0.21
77.07,land,2,AUTO.LAND,1,4,-0.275
77.07,land,3,AUTO.LAND,1,4,-0.023
77.07,land,4,AUTO.LAND,1,4,0.081
77.07,land,5,AUTO.LAND,1,4,0.175
77.07,land,6,AUTO.LAND,1,4,-0.374
77.07,land,7,AUTO.LAND,1,4,-0.053
77.07,land,8,AUTO.LAND,1,4,0.029
77.07,land,9,AUTO.LAND,1,4,0.136
77.07,land,10,AUTO.LAND,1,4,-0.325
77.28,land,1,AUTO.LAND,1,4,-0.248
77.28,land,2,AUTO.LAND,1,4,-0.349
77.28,land,3,AUTO.LAND,1,4,-0.005
77.28,land,4,AUTO.LAND,1,4,0.068
77.28,land,5,AUTO.LAND,1,4,0.145
77.28,land,6,AUTO.LAND,1,4,-0.375
77.28,land,7,AUTO.LAND,1,4,-0.059
77.28,land,8,AUTO.LAND,1,4,0.039
77.28,land,9,AUTO.LAND,1,4,0.104
77.28,land,10,AUTO.LAND,1,4,-0.361
77.48,land,1,AUTO.LAND,1,4,-0.286
77.48,land,2,AUTO.LAND,1,4,-0.411
77.48,land,3,AUTO.LAND,1,4,0.0
77.48,land,4,AUTO.LAND,1,4,0.058
77.48,land,5,AUTO.LAND,1,4,0.112
77.48,land,6,AUTO.LAND,1,4,-0.38
77.48,land,7,AUTO.LAND,1,4,-0.069
77.48,land,8,AUTO.LAND,1,1,0.051
77.48,land,9,AUTO.LAND,1,4,0.073
77.48,land,10,AUTO.LAND,1,4,-0.387
77.69,land,1,AUTO.LAND,1,4,-0.321
77.69,land,2,AUTO.LAND,1,4,-0.471
77.69,land,3,AUTO.LAND,1,4,0.001
77.69,land,4,AUTO.LAND,1,4,0.051
77.69,land,5,AUTO.LAND,1,4,0.072
77.69,land,6,AUTO.LAND,1,4,-0.381
77.69,land,7,AUTO.LAND,1,4,-0.08
77.69,land,8,AUTO.LAND,1,1,0.058
77.69,land,9,AUTO.LAND,1,4,0.047
77.69,land,10,AUTO.LAND,1,4,-0.414
77.9,land,1,AUTO.LAND,1,4,-0.351
77.9,land,2,AUTO.LAND,1,4,-0.503
77.9,land,3,AUTO.LAND,1,4,-0.005
77.9,land,4,AUTO.LAND,1,4,0.038
77.9,land,5,AUTO.LAND,1,4,0.049
77.9,land,6,AUTO.LAND,1,4,-0.379
77.9,land,7,AUTO.LAND,1,4,-0.092
77.9,land,8,AUTO.LAND,1,1,0.056
77.9,land,9,AUTO.LAND,1,4,0.021
77.9,land,10,AUTO.LAND,1,4,-0.443
78.11,land,1,AUTO.LAND,1,4,-0.325
78.11,land,2,AUTO.LAND,1,4,-0.54
78.11,land,3,AUTO.LAND,1,4,-0.033
78.11,land,4,AUTO.LAND,1,4,0.028
78.11,land,5,AUTO.LAND,1,4,0.029
78.11,land,6,AUTO.LAND,1,4,-0.385
78.11,land,7,AUTO.LAND,1,4,-0.105
78.11,land,8,AUTO.LAND,1,1,0.044
78.11,land,9,AUTO.LAND,1,4,-0.002
78.11,land,10,AUTO.LAND,1,4,-0.464
78.32,land,1,AUTO.LAND,1,4,-0.311
78.32,land,2,AUTO.LAND,1,4,-0.576
78.32,land,3,AUTO.LAND,1,4,-0.06
78.32,land,4,AUTO.LAND,1,1,0.019
78.32,land,5,AUTO.LAND,1,4,0.013
78.32,land,6,AUTO.LAND,1,4,-0.395
78.32,land,7,AUTO.LAND,1,4,-0.111
78.32,land,8,AUTO.LAND,1,1,0.026
78.32,land,9,AUTO.LAND,1,1,-0.024
78.32,land,10,AUTO.LAND,1,4,-0.486
78.53,land,1,AUTO.LAND,1,4,-0.301
78.53,land,2,AUTO.LAND,1,4,-0.592
78.53,land,3,AUTO.LAND,1,1,-0.086
78.53,land,4,AUTO.LAND,1,1,0.01
78.53,land,5,AUTO.LAND,1,4,-0.004
78.53,land,6,AUTO.LAND,1,4,-0.414
78.53,land,7,AUTO.LAND,1,4,-0.119
78.53,land,8,AUTO.LAND,1,1,0.006
78.53,land,9,AUTO.LAND,1,1,-0.045
78.53,land,10,AUTO.LAND,1,4,-0.5
78.74,land,1,AUTO.LAND,1,4,-0.297
78.74,land,2,AUTO.LAND,1,4,-0.608
78.74,land,3,AUTO.LAND,1,1,-0.105
78.74,land,4,AUTO.LAND,1,1,-0.002
78.74,land,5,AUTO.LAND,1,4,-0.014
78.74,land,6,AUTO.LAND,1,4,-0.44
78.74,land,7,AUTO.LAND,1,4,-0.126
78.74,land,8,AUTO.LAND,1,1,-0.005
78.74,land,9,AUTO.LAND,1,1,-0.062
78.74,land,10,AUTO.LAND,1,4,-0.515
78.94,land,1,AUTO.LAND,1,4,-0.296
78.94,land,2,AUTO.LAND,1,4,-0.638
78.94,land,3,AUTO.LAND,1,1,-0.125
78.94,land,4,AUTO.LAND,1,1,-0.014
78.94,land,5,AUTO.LAND,1,4,-0.023
78.94,land,6,AUTO.LAND,1,4,-0.45
78.94,land,7,AUTO.LAND,1,1,-0.128
78.94,land,8,AUTO.LAND,1,1,-0.019
78.94,land,9,AUTO.LAND,1,1,-0.081
78.94,land,10,AUTO.LAND,1,4,-0.531
79.14,land,1,AUTO.LAND,1,4,-0.288
79.14,land,2,AUTO.LAND,1,4,-0.67
79.14,land,3,AUTO.LAND,1,1,-0.137
79.14,land,4,AUTO.LAND,1,1,-0.035
79.14,land,5,AUTO.LAND,1,4,-0.03
79.14,land,6,AUTO.LAND,1,4,-0.453
79.14,land,7,AUTO.LAND,1,1,-0.135
79.14,land,8,AUTO.LAND,1,1,-0.038
79.14,land,9,AUTO.LAND,1,1,-0.104
79.14,land,10,AUTO.LAND,1,4,-0.552
79.34,land,1,AUTO.LAND,1,4,-0.285
79.34,land,2,AUTO.LAND,1,4,-0.711
79.34,land,3,AUTO.LAND,1,1,-0.145
79.34,land,4,AUTO.LAND,1,1,-0.07
79.34,land,5,AUTO.LAND,1,4,-0.034
79.34,land,6,AUTO.LAND,1,4,-0.458
79.34,land,7,AUTO.LAND,1,1,-0.144
79.34,land,8,AUTO.LAND,1,1,-0.049
79.34,land,9,AUTO.LAND,1,1,-0.131
79.34,land,10,AUTO.LAND,1,4,-0.565
79.55,land,1,AUTO.LAND,1,4,-0.271
79.55,land,2,AUTO.LAND,1,4,-0.738
79.55,land,3,AUTO.LAND,1,1,-0.148
79.55,land,4,AUTO.LAND,1,1,-0.09
79.55,land,5,AUTO.LAND,1,1,-0.052
79.55,land,6,AUTO.LAND,1,4,-0.463
79.55,land,7,AUTO.LAND,1,1,-0.155
79.55,land,8,AUTO.LAND,1,1,-0.062
79.55,land,9,AUTO.LAND,1,1,-0.173
79.55,land,10,AUTO.LAND,1,4,-0.581
79.76,land,1,AUTO.LAND,1,4,-0.25
79.76,land,2,AUTO.LAND,1,4,-0.766
79.76,land,3,AUTO.LAND,1,1,-0.148
79.76,land,4,AUTO.LAND,1,1,-0.113
79.76,land,5,AUTO.LAND,1,1,-0.073
79.76,land,6,AUTO.LAND,1,1,-0.463
79.76,land,7,AUTO.LAND,1,1,-0.18
79.76,land,8,AUTO.LAND,1,1,-0.076
79.76,land,9,AUTO.LAND,1,1,-0.206
79.76,land,10,AUTO.LAND,1,4,-0.587
79.98,land,1,AUTO.LAND,1,1,-0.237
79.98,land,2,AUTO.LAND,1,4,-0.795
79.98,land,3,AUTO.LAND,1,1,-0.142
79.98,land,4,AUTO.LAND,1,1,-0.128
79.98,land,5,AUTO.LAND,1,1,-0.095
79.98,land,6,AUTO.LAND,1,1,-0.464
79.98,land,7,AUTO.LAND,1,1,-0.211
79.98,land,8,AUTO.LAND,1,1,-0.098
79.98,land,9,AUTO.LAND,1,1,-0.257
79.98,land,10,AUTO.LAND,1,4,-0.592
80.19,land,1,AUTO.LAND,1,1,-0.216
80.19,land,2,AUTO.LAND,1,4,-0.813
80.19,land,3,AUTO.LAND,1,1,-0.141
80.19,land,4,AUTO.LAND,1,1,-0.14
80.19,land,5,AUTO.LAND,1,1,-0.136
80.19,land,6,AUTO.LAND,1,1,-0.461
80.19,land,7,AUTO.LAND,1,1,-0.227
80.19,land,8,AUTO.LAND,1,1,-0.109
80.19,land,9,AUTO.LAND,1,1,-0.298
80.19,land,10,AUTO.LAND,1,4,-0.585
80.4,land,1,AUTO.LAND,1,1,-0.198
80.4,land,2,AUTO.LAND,1,4,-0.828
80.4,land,3,AUTO.LAND,1,1,-0.144
80.4,land,4,AUTO.LAND,1,1,-0.149
80.4,land,5,AUTO.LAND,1,1,-0.17
80.4,land,6,AUTO.LAND,1,1,-0.452
80.4,land,7,AUTO.LAND,1,1,-0.237
80.4,land,8,OFFBOARD,0,1,-0.115
80.4,land,9,OFFBOARD,0,1,-0.326
80.4,land,10,AUTO.LAND,1,4,-0.586
80.6,land,1,AUTO.LAND,1,1,-0.184
80.6,land,2,AUTO.LAND,1,4,-0.837
80.6,land,3,AUTO.LAND,1,1,-0.143
80.6,land,4,OFFBOARD,0,1,-0.149
80.6,land,5,AUTO.LAND,1,1,-0.196
80.6,land,6,AUTO.LAND,1,1,-0.45
80.6,land,7,AUTO.LAND,1,1,-0.25
80.6,land,8,OFFBOARD,0,1,-0.123
80.6,land,9,OFFBOARD,0,1,-0.353
80.6,land,10,AUTO.LAND,1,4,-0.606
80.82,land,1,AUTO.LAND,1,1,-0.168
80.82,land,2,AUTO.LAND,1,4,-0.832
80.82,land,3,AUTO.LAND,1,1,-0.148
80.82,land,4,OFFBOARD,0,1,-0.147
80.82,land,5,AUTO.LAND,1,1,-0.221
80.82,land,6,AUTO.LAND,1,1,-0.46
80.82,land,7,AUTO.LAND,1,1,-0.261
80.82,land,8,OFFBOARD,0,1,-0.129
80.82,land,9,OFFBOARD,0,1,-0.374
80.82,land,10,AUTO.LAND,1,4,-0.622
81.02,land,1,AUTO.LAND,1,1,-0.156
81.02,land,2,AUTO.LAND,1,4,-0.83
81.02,land,3,AUTO.LAND,1,1,-0.149
81.02,land,4,OFFBOARD,0,1,-0.139
81.02,land,5,AUTO.LAND,1,1,-0.241
81.02,land,6,AUTO.LAND,1,1,-0.474
81.02,land,7,AUTO.LAND,1,1,-0.272
81.02,land,8,OFFBOARD,0,1,-0.135
81.02,land,9,OFFBOARD,0,1,-0.389
81.02,land,10,AUTO.LAND,1,4,-0.627
81.23,land,1,AUTO.LAND,1,1,-0.129
81.23,land,2,AUTO.LAND,1,4,-0.812
81.23,land,3,AUTO.LAND,1,1,-0.148
81.23,land,4,OFFBOARD,0,1,-0.129
81.23,land,5,AUTO.LAND,1,1,-0.254
81.23,land,6,AUTO.LAND,1,1,-0.493
81.23,land,7,AUTO.LAND,1,1,-0.283
81.23,land,8,OFFBOARD,0,1,-0.142
81.23,land,9,OFFBOARD,0,1,-0.403
81.23,land,10,AUTO.LAND,1,1,-0.621
81.44,land,1,AUTO.LAND,1,1,-0.108
81.44,land,2,AUTO.LAND,1,4,-0.793
81.44,land,3,AUTO.LAND,1,1,-0.151
81.44,land,4,OFFBOARD,0,1,-0.122
81.44,land,5,AUTO.LAND,1,1,-0.261
81.44,land,6,AUTO.LAND,1,1,-0.52
81.44,land,7,AUTO.LAND,1,1,-0.288
81.44,land,8,OFFBOARD,0,1,-0.148
81.44,land,9,OFFBOARD,0,1,-0.418
81.44,land,10,AUTO.LAND,1,1,-0.619
81.64,land,1,AUTO.LAND,1,1,-0.094
81.64,land,2,AUTO.LAND,1,4,-0.777
81.64,land,3,OFFBOARD,0,1,-0.155
81.64,land,4,OFFBOARD,0,1,-0.118
81.64,land,5,AUTO.LAND,1,1,-0.26
81.64,land,6,AUTO.LAND,1,1,-0.541
81.64,land,7,OFFBOARD,0,1,-0.292
81.64,land,8,OFFBOARD,0,1,-0.155
81.64,land,9,OFFBOARD,0,1,-0.43
81.64,land,10,AUTO.LAND,1,1,-0.631
81.84,land,1,AUTO.LAND,1,1,-0.08
81.84,land,2,AUTO.LAND,1,4,-0.756
81.84,land,3,OFFBOARD,0,1,-0.157
81.84,land,4,OFFBOARD,0,1,-0.114
81.84,land,5,AUTO.LAND,1,1,-0.268
81.84,land,6,AUTO.LAND,1,1,-0.558
81.84,land,7,OFFBOARD,0,1,-0.306
81.84,land,8,OFFBOARD,0,1,-0.16
81.84,land,9,OFFBOARD,0,1,-0.446
81.84,land,10,AUTO.LAND,1,1,-0.641
82.05,land,1,AUTO.LAND,1,1,-0.077
82.05,land,2,AUTO.LAND,1,4,-0.738
82.05,land,3,OFFBOARD,0,1,-0.158
82.05,land,4,OFFBOARD,0,1,-0.111
82.05,land,5,AUTO.LAND,1,1,-0.282
82.05,land,6,AUTO.LAND,1,1,-0.573
82.05,land,7,OFFBOARD,0,1,-0.324
82.05,land,8,OFFBOARD,0,1,-0.166
82.05,land,9,OFFBOARD,0,1,-0.459
82.05,land,10,AUTO.LAND,1,1,-0.657
82.25,land,1,AUTO.LAND,1,1,-0.079
82.25,land,2,AUTO.LAND,1,4,-0.718
82.25,land,3,OFFBOARD,0,1,-0.158
82.25,land,4,OFFBOARD,0,1,-0.109
82.25,land,5,AUTO.LAND,1,1,-0.301
82.25,land,6,AUTO.LAND,1,1,-0.584
82.25,land,7,OFFBOARD,0,1,-0.339
82.25,land,8,OFFBOARD,0,1,-0.171
82.25,land,9,OFFBOARD,0,1,-0.472
82.25,land,10,AUTO.LAND,1,1,-0.679
82.47,land,1,AUTO.LAND,1,1,-0.087
82.47,land,2,AUTO.LAND,1,1,-0.69
82.47,land,3,OFFBOARD,0,1,-0.157
82.47,land,4,OFFBOARD,0,1,-0.107
82.47,land,5,AUTO.LAND,1,1,-0.324
82.47,land,6,AUTO.LAND,1,1,-0.592
82.47,land,7,OFFBOARD,0,1,-0.355
82.47,land,8,OFFBOARD,0,1,-0.176
82.47,land,9,OFFBOARD,0,1,-0.482
82.47,land,10,AUTO.LAND,1,1,-0.693
82.67,land,1,AUTO.LAND,1,1,-0.105
82.67,land,2,AUTO.LAND,1,1,-0.668
82.67,land,3,OFFBOARD,0,1,-0.157
82.67,land,4,OFFBOARD,0,1,-0.105
82.67,land,5,OFFBOARD,0,1,-0.339
82.67,land,6,OFFBOARD,0,1,-0.594
82.67,land,7,OFFBOARD,0,1,-0.369
82.67,land,8,OFFBOARD,0,1,-0.118
82.67,land,9,OFFBOARD,0,1,-0.493
82.67,land,10,AUTO.LAND,1,1,-0.706
82.88,land,1,OFFBOARD,0,1,-0.118
82.88,land,2,AUTO.LAND,1,1,-0.646
82.88,land,3,OFFBOARD,0,1,-0.156
82.88,land,4,OFFBOARD,0,1,-0.101
82.88,land,5,OFFBOARD,0,1,-0.352
82.88,land,6,OFFBOARD,0,1,-0.595
82.88,land,7,OFFBOARD,0,1,-0.381
82.88,land,8,OFFBOARD,0,1,-0.043
82.88,land,9,OFFBOARD,0,1,-0.5
82.88,land,10,AUTO.LAND,1,1,-0.712
83.08,land,1,OFFBOARD,0,1,-0.133
83.08,land,2,AUTO.LAND,1,1,-0.635
83.08,land,3,OFFBOARD,0,1,-0.156
83.08,land,4,OFFBOARD,0,1,-0.097
83.08,land,5,OFFBOARD,0,1,-0.362
83.08,land,6,OFFBOARD,0,1,-0.596
83.08,land,7,OFFBOARD,0,1,-0.39
83.08,land,8,OFFBOARD,0,1,-0.005
83.08,land,9,OFFBOARD,0,1,-0.51
83.08,land,10,AUTO.LAND,1,1,-0.702
83.29,land,1,OFFBOARD,0,1,-0.144
83.29,land,2,AUTO.LAND,1,1,-0.634
83.29,land,3,OFFBOARD,0,1,-0.153
83.29,land,4,OFFBOARD,0,1,-0.072
83.29,land,5,OFFBOARD,0,1,-0.367
83.29,land,6,OFFBOARD,0,1,-0.598
83.29,land,7,OFFBOARD,0,1,-0.398
83.29,land,8,OFFBOARD,0,1,0.011
83.29,land,9,OFFBOARD,0,1,-0.516
83.29,land,10,AUTO.LAND,1,1,-0.695
83.5,land,1,OFFBOARD,0,1,-0.16
83.5,land,2,AUTO.LAND,1,1,-0.638
83.5,land,3,OFFBOARD,0,1,-0.151
83.5,land,4,OFFBOARD,0,1,0.016
83.5,land,5,OFFBOARD,0,1,-0.371
83.5,land,6,OFFBOARD,0,1,-0.602
83.5,land,7,OFFBOARD,0,1,-0.404
83.5,land,8,OFFBOARD,0,1,0.021
83.5,land,9,OFFBOARD,0,1,-0.26
83.5,land,10,AUTO.LAND,1,1,-0.696
83.7,land,1,OFFBOARD,0,1,-0.175
83.7,land,2,AUTO.LAND,1,1,-0.65
83.7,land,3,OFFBOARD,0,1,-0.134
83.7,land,4,OFFBOARD,0,1,0.068
83.7,land,5,OFFBOARD,0,1,-0.374
83.7,land,6,OFFBOARD,0,1,-0.606
83.7,land,7,OFFBOARD,0,1,-0.41
83.7,land,8,OFFBOARD,0,1,0.025
83.7,land,9,OFFBOARD,0,1,0.002
83.7,land,10,AUTO.LAND,1,1,-0.692
83.92,land,1,OFFBOARD,0,1,-0.19
83.92,land,2,AUTO.LAND,1,1,-0.665
83.92,land,3,OFFBOARD,0,1,-0.123
83.92,land,4,OFFBOARD,0,1,0.091
83.92,land,5,OFFBOARD,0,1,-0.378
83.92,land,6,OFFBOARD,0,1,-0.61
83.92,land,7,OFFBOARD,0,1,-0.411
83.92,land,8,OFFBOARD,0,1,0.028
83.92,land,9,OFFBOARD,0,1,0.123
83.92,land,10,OFFBOARD,0,1,-0.692
84.13,land,1,OFFBOARD,0,1,-0.203
84.13,land,2,AUTO.LAND,1,1,-0.679
84.13,land,3,OFFBOARD,0,1,-0.115
84.13,land,4,OFFBOARD,0,1,0.105
84.13,land,5,OFFBOARD,0,1,-0.382
84.13,land,6,OFFBOARD,0,1,-0.611
84.13,land,7,OFFBOARD,0,1,-0.268
84.13,land,8,OFFBOARD,0,1,0.031
84.13,land,9,OFFBOARD,0,1,0.198
84.13,land,10,OFFBOARD,0,1,-0.687
84.34,land,1,OFFBOARD,0,1,-0.22
84.34,land,2,AUTO.LAND,1,1,-0.692
84.34,land,3,OFFBOARD,0,1,-0.112
84.34,land,4,OFFBOARD,0,1,0.109
84.34,land,5,OFFBOARD,0,1,-0.382
84.34,land,6,OFFBOARD,0,1,-0.612
84.34,land,7,OFFBOARD,0,1,-0.158
84.34,land,8,OFFBOARD,0,1,0.035
84.34,land,9,OFFBOARD,0,1,0.228
84.34,land,10,OFFBOARD,0,1,-0.681
84.54,land,1,OFFBOARD,0,1,-0.234
84.54,land,2,AUTO.LAND,1,1,-0.717
84.54,land,3,OFFBOARD,0,1,-0.112
84.54,land,4,OFFBOARD,0,1,0.11
84.54,land,5,OFFBOARD,0,1,-0.146
84.54,land,6,OFFBOARD,0,1,-0.612
84.54,land,7,OFFBOARD,0,1,-0.102
84.54,land,8,OFFBOARD,0,1,0.038
84.54,land,9,OFFBOARD,0,1,0.242
84.54,land,10,OFFBOARD,0,1,-0.675
84.75,land,1,OFFBOARD,0,1,-0.249
84.75,land,2,AUTO.LAND,1,1,-0.739
84.75,land,3,OFFBOARD,0,1,-0.113
84.75,land,4,OFFBOARD,0,1,0.107
84.75,land,5,OFFBOARD,0,1,0.104
84.75,land,6,OFFBOARD,0,1,-0.613
84.75,land,7,OFFBOARD,0,1,-0.08
84.75,land,8,OFFBOARD,0,1,0.039
84.75,land,9,OFFBOARD,0,1,0.244
84.75,land,10,OFFBOARD,0,1,-0.666
84.97,land,1,OFFBOARD,0,1,-0.299
84.97,land,2,AUTO.LAND,1,1,-0.767
84.97,land,3,OFFBOARD,0,1,-0.114
84.97,land,4,OFFBOARD,0,1,0.103
84.97,land,5,OFFBOARD,0,1,0.222
84.97,land,6,OFFBOARD,0,1,-0.443
84.97,land,7,OFFBOARD,0,1,-0.066
84.97,land,8,OFFBOARD,0,1,0.04
84.97,land,9,OFFBOARD,0,1,0.243
84.97,land,10,OFFBOARD,0,1,-0.661
86.02,done,1,OFFBOARD,0,1,-0.44
86.02,done,2,OFFBOARD,0,1,-0.877
86.02,done,3,OFFBOARD,0,1,-0.121
86.02,done,4,OFFBOARD,0,1,0.068
86.02,done,5,OFFBOARD,0,1,0.356
86.02,done,6,OFFBOARD,0,1,-0.115
86.02,done,7,OFFBOARD,0,1,-0.054
86.02,done,8,OFFBOARD,0,1,0.038
86.02,done,9,OFFBOARD,0,1,0.228
86.02,done,10,OFFBOARD,0,1,-0.652
