/home/saad-rafique/Documents/drone swarm/.venv/lib/python3.12/site-packages/stable_baselines3/common/vec_env/base_vec_env.py:78: UserWarning: The `render_mode` attribute is not defined in your environment. It will be set to None.
  warnings.warn("The `render_mode` attribute is not defined in your environment. It will be set to None.")
Using cpu device
Logging to reports/logs/rl/run1
---------------------------------
| rollout/           |          |
|    ep_len_mean     | 230      |
|    ep_rew_mean     | 18.8     |
| time/              |          |
|    fps             | 3216     |
|    iterations      | 1        |
|    time_elapsed    | 4        |
|    total_timesteps | 13824    |
---------------------------------
-----------------------------------------
| rollout/                |             |
|    ep_len_mean          | 409         |
|    ep_rew_mean          | 34.5        |
| time/                   |             |
|    fps                  | 3043        |
|    iterations           | 2           |
|    time_elapsed         | 9           |
|    total_timesteps      | 27648       |
| train/                  |             |
|    approx_kl            | 0.004672106 |
|    clip_fraction        | 0.0399      |
|    clip_range           | 0.2         |
|    entropy_loss         | -0.837      |
|    explained_variance   | 0.00566     |
|    learning_rate        | 0.0003      |
|    loss                 | 0.447       |
|    n_updates            | 5           |
|    policy_gradient_loss | 0.000113    |
|    std                  | 0.367       |
|    value_loss           | 1.09        |
-----------------------------------------
------------------------------------------
| rollout/                |              |
|    ep_len_mean          | 341          |
|    ep_rew_mean          | 28.4         |
| time/                   |              |
|    fps                  | 3076         |
|    iterations           | 3            |
|    time_elapsed         | 13           |
|    total_timesteps      | 41472        |
| train/                  |              |
|    approx_kl            | 0.0024763471 |
|    clip_fraction        | 0.015        |
|    clip_range           | 0.2          |
|    entropy_loss         | -0.833       |
|    explained_variance   | 0.0726       |
|    learning_rate        | 0.0003       |
|    loss                 | 0.0257       |
|    n_updates            | 10           |
|    policy_gradient_loss | -0.000684    |
|    std                  | 0.367        |
|    value_loss           | 0.105        |
------------------------------------------
------------------------------------------
| rollout/                |              |
|    ep_len_mean          | 403          |
|    ep_rew_mean          | 33.8         |
| time/                   |              |
|    fps                  | 3105         |
|    iterations           | 4            |
|    time_elapsed         | 17           |
|    total_timesteps      | 55296        |
| train/                  |              |
|    approx_kl            | 0.0031359291 |
|    clip_fraction        | 0.0164       |
|    clip_range           | 0.2          |
|    entropy_loss         | -0.83        |
|    explained_variance   | 0.131        |
|    learning_rate        | 0.0003       |
|    loss                 | 0.0265       |
|    n_updates            | 15           |
|    policy_gradient_loss | -0.00135     |
|    std                  | 0.366        |
|    value_loss           | 0.106        |
------------------------------------------
------------------------------------------
| rollout/                |              |
|    ep_len_mean          | 380          |
|    ep_rew_mean          | 31.9         |
| time/                   |              |
|    fps                  | 3054         |
|    iterations           | 5            |
|    time_elapsed         | 22           |
|    total_timesteps      | 69120        |
| train/                  |              |
|    approx_kl            | 0.0059576915 |
|    clip_fraction        | 0.0423       |
|    clip_range           | 0.2          |
|    entropy_loss         | -0.826       |
|    explained_variance   | 0.269        |
|    learning_rate        | 0.0003       |
|    loss                 | 0.0112       |
|    n_updates            | 20           |
|    policy_gradient_loss | -0.00128     |
|    std                  | 0.365        |
|    value_loss           | 0.0724       |
------------------------------------------
------------------------------------------
| rollout/                |              |
|    ep_len_mean          | 492          |
|    ep_rew_mean          | 42           |
| time/                   |              |
|    fps                  | 2979         |
|    iterations           | 6            |
|    time_elapsed         | 27           |
|    total_timesteps      | 82944        |
| train/                  |              |
|    approx_kl            | 0.0034359042 |
|    clip_fraction        | 0.0108       |
|    clip_range           | 0.2          |
|    entropy_loss         | -0.818       |
|    explained_variance   | 0.353        |
|    learning_rate        | 0.0003       |
|    loss                 | 0.027        |
|    n_updates            | 25           |
|    policy_gradient_loss | -0.00124     |
|    std                  | 0.363        |
|    value_loss           | 0.0754       |
------------------------------------------
------------------------------------------
| rollout/                |              |
|    ep_len_mean          | 389          |
|    ep_rew_mean          | 32.9         |
| time/                   |              |
|    fps                  | 2892         |
|    iterations           | 7            |
|    time_elapsed         | 33           |
|    total_timesteps      | 96768        |
| train/                  |              |
|    approx_kl            | 0.0036828972 |
|    clip_fraction        | 0.046        |
|    clip_range           | 0.2          |
|    entropy_loss         | -0.81        |
|    explained_variance   | 0.469        |
|    learning_rate        | 0.0003       |
|    loss                 | 0.0215       |
|    n_updates            | 30           |
|    policy_gradient_loss | -0.00286     |
|    std                  | 0.362        |
|    value_loss           | 0.0639       |
------------------------------------------
------------------------------------------
| rollout/                |              |
|    ep_len_mean          | 332          |
|    ep_rew_mean          | 27.7         |
| time/                   |              |
|    fps                  | 2734         |
|    iterations           | 8            |
|    time_elapsed         | 40           |
|    total_timesteps      | 110592       |
| train/                  |              |
|    approx_kl            | 0.0032702002 |
|    clip_fraction        | 0.0146       |
|    clip_range           | 0.2          |
|    entropy_loss         | -0.805       |
|    explained_variance   | 0.548        |
|    learning_rate        | 0.0003       |
|    loss                 | 0.0346       |
|    n_updates            | 35           |
|    policy_gradient_loss | -0.0013      |
|    std                  | 0.361        |
|    value_loss           | 0.0714       |
------------------------------------------
-----------------------------------------
| rollout/                |             |
|    ep_len_mean          | 276         |
|    ep_rew_mean          | 22.7        |
| time/                   |             |
|    fps                  | 2713        |
|    iterations           | 9           |
|    time_elapsed         | 45          |
|    total_timesteps      | 124416      |
| train/                  |             |
|    approx_kl            | 0.002484652 |
|    clip_fraction        | 0.022       |
|    clip_range           | 0.2         |
|    entropy_loss         | -0.799      |
|    explained_variance   | 0.551       |
|    learning_rate        | 0.0003      |
|    loss                 | 0.048       |
|    n_updates            | 40          |
|    policy_gradient_loss | -0.00174    |
|    std                  | 0.361       |
|    value_loss           | 0.109       |
-----------------------------------------
----------------------------------------
| rollout/                |            |
|    ep_len_mean          | 361        |
|    ep_rew_mean          | 30.3       |
| time/                   |            |
|    fps                  | 2734       |
|    iterations           | 10         |
|    time_elapsed         | 50         |
|    total_timesteps      | 138240     |
| train/                  |            |
|    approx_kl            | 0.00183411 |
|    clip_fraction        | 0.01       |
|    clip_range           | 0.2        |
|    entropy_loss         | -0.798     |
|    explained_variance   | 0.57       |
|    learning_rate        | 0.0003     |
|    loss                 | 0.0201     |
|    n_updates            | 45         |
|    policy_gradient_loss | -0.000895  |
|    std                  | 0.36       |
|    value_loss           | 0.0636     |
----------------------------------------
------------------------------------------
| rollout/                |              |
|    ep_len_mean          | 433          |
|    ep_rew_mean          | 36.6         |
| time/                   |              |
|    fps                  | 2631         |
|    iterations           | 11           |
|    time_elapsed         | 57           |
|    total_timesteps      | 152064       |
| train/                  |              |
|    approx_kl            | 0.0038335163 |
|    clip_fraction        | 0.0519       |
|    clip_range           | 0.2          |
|    entropy_loss         | -0.796       |
|    explained_variance   | 0.662        |
|    learning_rate        | 0.0003       |
|    loss                 | 0.0176       |
|    n_updates            | 50           |
|    policy_gradient_loss | -0.0029      |
|    std                  | 0.36         |
|    value_loss           | 0.0314       |
------------------------------------------
------------------------------------------
| rollout/                |              |
|    ep_len_mean          | 450          |
|    ep_rew_mean          | 38.2         |
| time/                   |              |
|    fps                  | 2625         |
|    iterations           | 12           |
|    time_elapsed         | 63           |
|    total_timesteps      | 165888       |
| train/                  |              |
|    approx_kl            | 0.0027347284 |
|    clip_fraction        | 0.028        |
|    clip_range           | 0.2          |
|    entropy_loss         | -0.793       |
|    explained_variance   | 0.732        |
|    learning_rate        | 0.0003       |
|    loss                 | 0.0216       |
|    n_updates            | 55           |
|    policy_gradient_loss | -0.00109     |
|    std                  | 0.359        |
|    value_loss           | 0.0594       |
------------------------------------------
------------------------------------------
| rollout/                |              |
|    ep_len_mean          | 458          |
|    ep_rew_mean          | 38.9         |
| time/                   |              |
|    fps                  | 2661         |
|    iterations           | 13           |
|    time_elapsed         | 67           |
|    total_timesteps      | 179712       |
| train/                  |              |
|    approx_kl            | 0.0034275118 |
|    clip_fraction        | 0.0186       |
|    clip_range           | 0.2          |
|    entropy_loss         | -0.79        |
|    explained_variance   | 0.79         |
|    learning_rate        | 0.0003       |
|    loss                 | 0.0173       |
|    n_updates            | 60           |
|    policy_gradient_loss | -0.0013      |
|    std                  | 0.359        |
|    value_loss           | 0.0559       |
------------------------------------------
------------------------------------------
| rollout/                |              |
|    ep_len_mean          | 422          |
|    ep_rew_mean          | 36           |
| time/                   |              |
|    fps                  | 2677         |
|    iterations           | 14           |
|    time_elapsed         | 72           |
|    total_timesteps      | 193536       |
| train/                  |              |
|    approx_kl            | 0.0013441608 |
|    clip_fraction        | 0.0175       |
|    clip_range           | 0.2          |
|    entropy_loss         | -0.784       |
|    explained_variance   | 0.812        |
|    learning_rate        | 0.0003       |
|    loss                 | 0.0139       |
|    n_updates            | 65           |
|    policy_gradient_loss | -0.00148     |
|    std                  | 0.358        |
|    value_loss           | 0.0496       |
------------------------------------------
-----------------------------------------
| rollout/                |             |
|    ep_len_mean          | 435         |
|    ep_rew_mean          | 37.2        |
| time/                   |             |
|    fps                  | 2670        |
|    iterations           | 15          |
|    time_elapsed         | 77          |
|    total_timesteps      | 207360      |
| train/                  |             |
|    approx_kl            | 0.002264441 |
|    clip_fraction        | 0.031       |
|    clip_range           | 0.2         |
|    entropy_loss         | -0.78       |
|    explained_variance   | 0.781       |
|    learning_rate        | 0.0003      |
|    loss                 | 0.0304      |
|    n_updates            | 70          |
|    policy_gradient_loss | -0.00071    |
|    std                  | 0.357       |
|    value_loss           | 0.0662      |
-----------------------------------------
------------------------------------------
| rollout/                |              |
|    ep_len_mean          | 368          |
|    ep_rew_mean          | 31.3         |
| time/                   |              |
|    fps                  | 2632         |
|    iterations           | 16           |
|    time_elapsed         | 84           |
|    total_timesteps      | 221184       |
| train/                  |              |
|    approx_kl            | 0.0031831402 |
|    clip_fraction        | 0.0104       |
|    clip_range           | 0.2          |
|    entropy_loss         | -0.776       |
|    explained_variance   | 0.776        |
|    learning_rate        | 0.0003       |
|    loss                 | 0.0575       |
|    n_updates            | 75           |
|    policy_gradient_loss | -0.000694    |
|    std                  | 0.356        |
|    value_loss           | 0.107        |
------------------------------------------
------------------------------------------
| rollout/                |              |
|    ep_len_mean          | 316          |
|    ep_rew_mean          | 26.6         |
| time/                   |              |
|    fps                  | 2595         |
|    iterations           | 17           |
|    time_elapsed         | 90           |
|    total_timesteps      | 235008       |
| train/                  |              |
|    approx_kl            | 0.0024496417 |
|    clip_fraction        | 0.00953      |
|    clip_range           | 0.2          |
|    entropy_loss         | -0.77        |
|    explained_variance   | 0.79         |
|    learning_rate        | 0.0003       |
|    loss                 | 0.0551       |
|    n_updates            | 80           |
|    policy_gradient_loss | -0.00143     |
|    std                  | 0.355        |
|    value_loss           | 0.105        |
------------------------------------------
-----------------------------------------
| rollout/                |             |
|    ep_len_mean          | 305         |
|    ep_rew_mean          | 25.5        |
| time/                   |             |
|    fps                  | 2556        |
|    iterations           | 18          |
|    time_elapsed         | 97          |
|    total_timesteps      | 248832      |
| train/                  |             |
|    approx_kl            | 0.004250647 |
|    clip_fraction        | 0.0281      |
|    clip_range           | 0.2         |
|    entropy_loss         | -0.761      |
|    explained_variance   | 0.824       |
|    learning_rate        | 0.0003      |
|    loss                 | 0.0587      |
|    n_updates            | 85          |
|    policy_gradient_loss | -0.000505   |
|    std                  | 0.353       |
|    value_loss           | 0.138       |
-----------------------------------------
------------------------------------------
| rollout/                |              |
|    ep_len_mean          | 277          |
|    ep_rew_mean          | 23.1         |
| time/                   |              |
|    fps                  | 2533         |
|    iterations           | 19           |
|    time_elapsed         | 103          |
|    total_timesteps      | 262656       |
| train/                  |              |
|    approx_kl            | 0.0043341857 |
|    clip_fraction        | 0.0307       |
|    clip_range           | 0.2          |
|    entropy_loss         | -0.752       |
|    explained_variance   | 0.862        |
|    learning_rate        | 0.0003       |
|    loss                 | 0.0481       |
|    n_updates            | 90           |
|    policy_gradient_loss | -0.00163     |
|    std                  | 0.351        |
|    value_loss           | 0.0995       |
------------------------------------------
------------------------------------------
| rollout/                |              |
|    ep_len_mean          | 346          |
|    ep_rew_mean          | 29.2         |
| time/                   |              |
|    fps                  | 2518         |
|    iterations           | 20           |
|    time_elapsed         | 109          |
|    total_timesteps      | 276480       |
| train/                  |              |
|    approx_kl            | 0.0032519444 |
|    clip_fraction        | 0.0373       |
|    clip_range           | 0.2          |
|    entropy_loss         | -0.737       |
|    explained_variance   | 0.875        |
|    learning_rate        | 0.0003       |
|    loss                 | 0.048        |
|    n_updates            | 95           |
|    policy_gradient_loss | -0.0017      |
|    std                  | 0.349        |
|    value_loss           | 0.103        |
------------------------------------------
----------------------------------------
| rollout/                |            |
|    ep_len_mean          | 352        |
|    ep_rew_mean          | 29.7       |
| time/                   |            |
|    fps                  | 2497       |
|    iterations           | 21         |
|    time_elapsed         | 116        |
|    total_timesteps      | 290304     |
| train/                  |            |
|    approx_kl            | 0.00222652 |
|    clip_fraction        | 0.0399     |
|    clip_range           | 0.2        |
|    entropy_loss         | -0.725     |
|    explained_variance   | 0.866      |
|    learning_rate        | 0.0003     |
|    loss                 | 0.0359     |
|    n_updates            | 100        |
|    policy_gradient_loss | -0.00208   |
|    std                  | 0.347      |
|    value_loss           | 0.0915     |
----------------------------------------
------------------------------------------
| rollout/                |              |
|    ep_len_mean          | 365          |
|    ep_rew_mean          | 30.9         |
| time/                   |              |
|    fps                  | 2475         |
|    iterations           | 22           |
|    time_elapsed         | 122          |
|    total_timesteps      | 304128       |
| train/                  |              |
|    approx_kl            | 0.0033446206 |
|    clip_fraction        | 0.0197       |
|    clip_range           | 0.2          |
|    entropy_loss         | -0.718       |
|    explained_variance   | 0.807        |
|    learning_rate        | 0.0003       |
|    loss                 | 0.0644       |
|    n_updates            | 105          |
|    policy_gradient_loss | -0.00164     |
|    std                  | 0.346        |
|    value_loss           | 0.153        |
------------------------------------------
------------------------------------------
| rollout/                |              |
|    ep_len_mean          | 403          |
|    ep_rew_mean          | 34.5         |
| time/                   |              |
|    fps                  | 2470         |
|    iterations           | 23           |
|    time_elapsed         | 128          |
|    total_timesteps      | 317952       |
| train/                  |              |
|    approx_kl            | 0.0043774094 |
|    clip_fraction        | 0.0147       |
|    clip_range           | 0.2          |
|    entropy_loss         | -0.712       |
|    explained_variance   | 0.798        |
|    learning_rate        | 0.0003       |
|    loss                 | 0.0446       |
|    n_updates            | 110          |
|    policy_gradient_loss | -0.000932    |
|    std                  | 0.344        |
|    value_loss           | 0.0887       |
------------------------------------------
-----------------------------------------
| rollout/                |             |
|    ep_len_mean          | 433         |
|    ep_rew_mean          | 37.3        |
| time/                   |             |
|    fps                  | 2452        |
|    iterations           | 24          |
|    time_elapsed         | 135         |
|    total_timesteps      | 331776      |
| train/                  |             |
|    approx_kl            | 0.003769974 |
|    clip_fraction        | 0.037       |
|    clip_range           | 0.2         |
|    entropy_loss         | -0.7        |
|    explained_variance   | 0.904       |
|    learning_rate        | 0.0003      |
|    loss                 | 0.0153      |
|    n_updates            | 115         |
|    policy_gradient_loss | -0.00131    |
|    std                  | 0.342       |
|    value_loss           | 0.0384      |
-----------------------------------------
------------------------------------------
| rollout/                |              |
|    ep_len_mean          | 491          |
|    ep_rew_mean          | 42.6         |
| time/                   |              |
|    fps                  | 2452         |
|    iterations           | 25           |
|    time_elapsed         | 140          |
|    total_timesteps      | 345600       |
| train/                  |              |
|    approx_kl            | 0.0025472932 |
|    clip_fraction        | 0.0218       |
|    clip_range           | 0.2          |
|    entropy_loss         | -0.693       |
|    explained_variance   | 0.847        |
|    learning_rate        | 0.0003       |
|    loss                 | 0.0345       |
|    n_updates            | 120          |
|    policy_gradient_loss | -0.000915    |
|    std                  | 0.342        |
|    value_loss           | 0.0647       |
------------------------------------------
------------------------------------------
| rollout/                |              |
|    ep_len_mean          | 548          |
|    ep_rew_mean          | 47.8         |
| time/                   |              |
|    fps                  | 2426         |
|    iterations           | 26           |
|    time_elapsed         | 148          |
|    total_timesteps      | 359424       |
| train/                  |              |
|    approx_kl            | 0.0027368802 |
|    clip_fraction        | 0.0438       |
|    clip_range           | 0.2          |
|    entropy_loss         | -0.694       |
|    explained_variance   | 0.844        |
|    learning_rate        | 0.0003       |
|    loss                 | 0.0506       |
|    n_updates            | 125          |
|    policy_gradient_loss | -0.000771    |
|    std                  | 0.342        |
|    value_loss           | 0.0896       |
------------------------------------------
-----------------------------------------
| rollout/                |             |
|    ep_len_mean          | 461         |
|    ep_rew_mean          | 39.8        |
| time/                   |             |
|    fps                  | 2413        |
|    iterations           | 27          |
|    time_elapsed         | 154         |
|    total_timesteps      | 373248      |
| train/                  |             |
|    approx_kl            | 0.002551487 |
|    clip_fraction        | 0.0316      |
|    clip_range           | 0.2         |
|    entropy_loss         | -0.694      |
|    explained_variance   | 0.86        |
|    learning_rate        | 0.0003      |
|    loss                 | 0.042       |
|    n_updates            | 130         |
|    policy_gradient_loss | -0.00067    |
|    std                  | 0.342       |
|    value_loss           | 0.103       |
-----------------------------------------
------------------------------------------
| rollout/                |              |
|    ep_len_mean          | 465          |
|    ep_rew_mean          | 40           |
| time/                   |              |
|    fps                  | 2402         |
|    iterations           | 28           |
|    time_elapsed         | 161          |
|    total_timesteps      | 387072       |
| train/                  |              |
|    approx_kl            | 0.0030684604 |
|    clip_fraction        | 0.0127       |
|    clip_range           | 0.2          |
|    entropy_loss         | -0.691       |
|    explained_variance   | 0.852        |
|    learning_rate        | 0.0003       |
|    loss                 | 0.0463       |
|    n_updates            | 135          |
|    policy_gradient_loss | -0.00152     |
|    std                  | 0.341        |
|    value_loss           | 0.128        |
------------------------------------------
------------------------------------------
| rollout/                |              |
|    ep_len_mean          | 469          |
|    ep_rew_mean          | 40.4         |
| time/                   |              |
|    fps                  | 2373         |
|    iterations           | 29           |
|    time_elapsed         | 168          |
|    total_timesteps      | 400896       |
| train/                  |              |
|    approx_kl            | 0.0044310065 |
|    clip_fraction        | 0.0297       |
|    clip_range           | 0.2          |
|    entropy_loss         | -0.684       |
|    explained_variance   | 0.818        |
|    learning_rate        | 0.0003       |
|    loss                 | 0.0827       |
|    n_updates            | 140          |
|    policy_gradient_loss | -0.00146     |
|    std                  | 0.34         |
|    value_loss           | 0.148        |
------------------------------------------
------------------------------------------
| rollout/                |              |
|    ep_len_mean          | 504          |
|    ep_rew_mean          | 43.7         |
| time/                   |              |
|    fps                  | 2355         |
|    iterations           | 30           |
|    time_elapsed         | 176          |
|    total_timesteps      | 414720       |
| train/                  |              |
|    approx_kl            | 0.0021675553 |
|    clip_fraction        | 0.0233       |
|    clip_range           | 0.2          |
|    entropy_loss         | -0.681       |
|    explained_variance   | 0.795        |
|    learning_rate        | 0.0003       |
|    loss                 | 0.0618       |
|    n_updates            | 145          |
|    policy_gradient_loss | -0.000704    |
|    std                  | 0.34         |
|    value_loss           | 0.125        |
------------------------------------------
------------------------------------------
| rollout/                |              |
|    ep_len_mean          | 456          |
|    ep_rew_mean          | 39.4         |
| time/                   |              |
|    fps                  | 2335         |
|    iterations           | 31           |
|    time_elapsed         | 183          |
|    total_timesteps      | 428544       |
| train/                  |              |
|    approx_kl            | 0.0015750291 |
|    clip_fraction        | 0.0234       |
|    clip_range           | 0.2          |
|    entropy_loss         | -0.676       |
|    explained_variance   | 0.83         |
|    learning_rate        | 0.0003       |
|    loss                 | 0.0552       |
|    n_updates            | 150          |
|    policy_gradient_loss | -0.000829    |
|    std                  | 0.339        |
|    value_loss           | 0.0874       |
------------------------------------------
-----------------------------------------
| rollout/                |             |
|    ep_len_mean          | 352         |
|    ep_rew_mean          | 30          |
| time/                   |             |
|    fps                  | 2326        |
|    iterations           | 32          |
|    time_elapsed         | 190         |
|    total_timesteps      | 442368      |
| train/                  |             |
|    approx_kl            | 0.008627537 |
|    clip_fraction        | 0.0464      |
|    clip_range           | 0.2         |
|    entropy_loss         | -0.674      |
|    explained_variance   | 0.756       |
|    learning_rate        | 0.0003      |
|    loss                 | 0.0747      |
|    n_updates            | 155         |
|    policy_gradient_loss | -0.00173    |
|    std                  | 0.339       |
|    value_loss           | 0.156       |
-----------------------------------------
-----------------------------------------
| rollout/                |             |
|    ep_len_mean          | 362         |
|    ep_rew_mean          | 31          |
| time/                   |             |
|    fps                  | 2313        |
|    iterations           | 33          |
|    time_elapsed         | 197         |
|    total_timesteps      | 456192      |
| train/                  |             |
|    approx_kl            | 0.002781054 |
|    clip_fraction        | 0.0831      |
|    clip_range           | 0.2         |
|    entropy_loss         | -0.673      |
|    explained_variance   | 0.883       |
|    learning_rate        | 0.0003      |
|    loss                 | 0.0384      |
|    n_updates            | 160         |
|    policy_gradient_loss | 0.000812    |
|    std                  | 0.338       |
|    value_loss           | 0.0806      |
-----------------------------------------
------------------------------------------
| rollout/                |              |
|    ep_len_mean          | 363          |
|    ep_rew_mean          | 31.1         |
| time/                   |              |
|    fps                  | 2303         |
|    iterations           | 34           |
|    time_elapsed         | 204          |
|    total_timesteps      | 470016       |
| train/                  |              |
|    approx_kl            | 0.0059315595 |
|    clip_fraction        | 0.0425       |
|    clip_range           | 0.2          |
|    entropy_loss         | -0.667       |
|    explained_variance   | 0.841        |
|    learning_rate        | 0.0003       |
|    loss                 | 0.0677       |
|    n_updates            | 165          |
|    policy_gradient_loss | -0.00183     |
|    std                  | 0.337        |
|    value_loss           | 0.13         |
------------------------------------------
------------------------------------------
| rollout/                |              |
|    ep_len_mean          | 287          |
|    ep_rew_mean          | 24.1         |
| time/                   |              |
|    fps                  | 2285         |
|    iterations           | 35           |
|    time_elapsed         | 211          |
|    total_timesteps      | 483840       |
| train/                  |              |
|    approx_kl            | 0.0037073067 |
|    clip_fraction        | 0.0327       |
|    clip_range           | 0.2          |
|    entropy_loss         | -0.664       |
|    explained_variance   | 0.812        |
|    learning_rate        | 0.0003       |
|    loss                 | 0.066        |
|    n_updates            | 170          |
|    policy_gradient_loss | -0.00134     |
|    std                  | 0.338        |
|    value_loss           | 0.152        |
------------------------------------------
-----------------------------------------
| rollout/                |             |
|    ep_len_mean          | 326         |
|    ep_rew_mean          | 27.6        |
| time/                   |             |
|    fps                  | 2282        |
|    iterations           | 36          |
|    time_elapsed         | 218         |
|    total_timesteps      | 497664      |
| train/                  |             |
|    approx_kl            | 0.004143731 |
|    clip_fraction        | 0.0482      |
|    clip_range           | 0.2         |
|    entropy_loss         | -0.665      |
|    explained_variance   | 0.73        |
|    learning_rate        | 0.0003      |
|    loss                 | 0.112       |
|    n_updates            | 175         |
|    policy_gradient_loss | -0.00194    |
|    std                  | 0.337       |
|    value_loss           | 0.211       |
-----------------------------------------
[eval] {'steps': 500013, 'wall_s': 42.2, 'success': 0, 'crash_free': 0, 'restored': 8, 'n': 8, 'crashes': 3.25, 'sep_violation_s': 0.0, 'mean_err_m': 0.6925, 'final_rms_m': 0.6725}
-----------------------------------------
| rollout/                |             |
|    ep_len_mean          | 382         |
|    ep_rew_mean          | 32.6        |
| time/                   |             |
|    fps                  | 1913        |
|    iterations           | 37          |
|    time_elapsed         | 267         |
|    total_timesteps      | 511488      |
| train/                  |             |
|    approx_kl            | 0.004253091 |
|    clip_fraction        | 0.0281      |
|    clip_range           | 0.2         |
|    entropy_loss         | -0.656      |
|    explained_variance   | 0.882       |
|    learning_rate        | 0.0003      |
|    loss                 | 0.0155      |
|    n_updates            | 180         |
|    policy_gradient_loss | -0.00158    |
|    std                  | 0.335       |
|    value_loss           | 0.0386      |
-----------------------------------------
------------------------------------------
| rollout/                |              |
|    ep_len_mean          | 391          |
|    ep_rew_mean          | 33.5         |
| time/                   |              |
|    fps                  | 1918         |
|    iterations           | 38           |
|    time_elapsed         | 273          |
|    total_timesteps      | 525312       |
| train/                  |              |
|    approx_kl            | 0.0042761234 |
|    clip_fraction        | 0.0311       |
|    clip_range           | 0.2          |
|    entropy_loss         | -0.646       |
|    explained_variance   | 0.776        |
|    learning_rate        | 0.0003       |
|    loss                 | 0.0872       |
|    n_updates            | 185          |
|    policy_gradient_loss | -0.00146     |
|    std                  | 0.333        |
|    value_loss           | 0.16         |
------------------------------------------
------------------------------------------
| rollout/                |              |
|    ep_len_mean          | 292          |
|    ep_rew_mean          | 24.5         |
| time/                   |              |
|    fps                  | 1925         |
|    iterations           | 39           |
|    time_elapsed         | 279          |
|    total_timesteps      | 539136       |
| train/                  |              |
|    approx_kl            | 0.0069900225 |
|    clip_fraction        | 0.0616       |
|    clip_range           | 0.2          |
|    entropy_loss         | -0.637       |
|    explained_variance   | 0.835        |
|    learning_rate        | 0.0003       |
|    loss                 | 0.0438       |
|    n_updates            | 190          |
|    policy_gradient_loss | -0.00106     |
|    std                  | 0.332        |
|    value_loss           | 0.0969       |
------------------------------------------
-----------------------------------------
| rollout/                |             |
|    ep_len_mean          | 378         |
|    ep_rew_mean          | 32.4        |
| time/                   |             |
|    fps                  | 1929        |
|    iterations           | 40          |
|    time_elapsed         | 286         |
|    total_timesteps      | 552960      |
| train/                  |             |
|    approx_kl            | 0.008037219 |
|    clip_fraction        | 0.0732      |
|    clip_range           | 0.2         |
|    entropy_loss         | -0.631      |
|    explained_variance   | 0.899       |
|    learning_rate        | 0.0003      |
|    loss                 | 0.0178      |
|    n_updates            | 195         |
|    policy_gradient_loss | -0.00158    |
|    std                  | 0.332       |
|    value_loss           | 0.0469      |
-----------------------------------------
------------------------------------------
| rollout/                |              |
|    ep_len_mean          | 453          |
|    ep_rew_mean          | 39.1         |
| time/                   |              |
|    fps                  | 1931         |
|    iterations           | 41           |
|    time_elapsed         | 293          |
|    total_timesteps      | 566784       |
| train/                  |              |
|    approx_kl            | 0.0050968616 |
|    clip_fraction        | 0.0387       |
|    clip_range           | 0.2          |
|    entropy_loss         | -0.63        |
|    explained_variance   | 0.802        |
|    learning_rate        | 0.0003       |
|    loss                 | 0.0181       |
|    n_updates            | 200          |
|    policy_gradient_loss | -0.00248     |
|    std                  | 0.331        |
|    value_loss           | 0.059        |
------------------------------------------
------------------------------------------
| rollout/                |              |
|    ep_len_mean          | 466          |
|    ep_rew_mean          | 40.4         |
| time/                   |              |
|    fps                  | 1929         |
|    iterations           | 42           |
|    time_elapsed         | 300          |
|    total_timesteps      | 580608       |
| train/                  |              |
|    approx_kl            | 0.0049561686 |
|    clip_fraction        | 0.0649       |
|    clip_range           | 0.2          |
|    entropy_loss         | -0.625       |
|    explained_variance   | 0.847        |
|    learning_rate        | 0.0003       |
|    loss                 | 0.0397       |
|    n_updates            | 205          |
|    policy_gradient_loss | -0.00311     |
|    std                  | 0.33         |
|    value_loss           | 0.0749       |
------------------------------------------
-----------------------------------------
| rollout/                |             |
|    ep_len_mean          | 458         |
|    ep_rew_mean          | 39.4        |
| time/                   |             |
|    fps                  | 1914        |
|    iterations           | 43          |
|    time_elapsed         | 310         |
|    total_timesteps      | 594432      |
| train/                  |             |
|    approx_kl            | 0.004574299 |
|    clip_fraction        | 0.0442      |
|    clip_range           | 0.2         |
|    entropy_loss         | -0.616      |
|    explained_variance   | 0.732       |
|    learning_rate        | 0.0003      |
|    loss                 | 0.0672      |
|    n_updates            | 210         |
|    policy_gradient_loss | -0.00122    |
|    std                  | 0.328       |
|    value_loss           | 0.159       |
-----------------------------------------
------------------------------------------
| rollout/                |              |
|    ep_len_mean          | 385          |
|    ep_rew_mean          | 32.9         |
| time/                   |              |
|    fps                  | 1905         |
|    iterations           | 44           |
|    time_elapsed         | 319          |
|    total_timesteps      | 608256       |
| train/                  |              |
|    approx_kl            | 0.0042340043 |
|    clip_fraction        | 0.0437       |
|    clip_range           | 0.2          |
|    entropy_loss         | -0.605       |
|    explained_variance   | 0.873        |
|    learning_rate        | 0.0003       |
|    loss                 | 0.0424       |
|    n_updates            | 215          |
|    policy_gradient_loss | -0.0013      |
|    std                  | 0.327        |
|    value_loss           | 0.0888       |
------------------------------------------
------------------------------------------
| rollout/                |              |
|    ep_len_mean          | 343          |
|    ep_rew_mean          | 28.8         |
| time/                   |              |
|    fps                  | 1907         |
|    iterations           | 45           |
|    time_elapsed         | 326          |
|    total_timesteps      | 622080       |
| train/                  |              |
|    approx_kl            | 0.0032738636 |
|    clip_fraction        | 0.0414       |
|    clip_range           | 0.2          |
|    entropy_loss         | -0.602       |
|    explained_variance   | 0.82         |
|    learning_rate        | 0.0003       |
|    loss                 | 0.05         |
|    n_updates            | 220          |
|    policy_gradient_loss | -0.00261     |
|    std                  | 0.327        |
|    value_loss           | 0.119        |
------------------------------------------
-----------------------------------------
| rollout/                |             |
|    ep_len_mean          | 331         |
|    ep_rew_mean          | 27.7        |
| time/                   |             |
|    fps                  | 1893        |
|    iterations           | 46          |
|    time_elapsed         | 335         |
|    total_timesteps      | 635904      |
| train/                  |             |
|    approx_kl            | 0.008055997 |
|    clip_fraction        | 0.0698      |
|    clip_range           | 0.2         |
|    entropy_loss         | -0.598      |
|    explained_variance   | 0.829       |
|    learning_rate        | 0.0003      |
|    loss                 | 0.0688      |
|    n_updates            | 225         |
|    policy_gradient_loss | -0.000529   |
|    std                  | 0.326       |
|    value_loss           | 0.112       |
-----------------------------------------
-----------------------------------------
| rollout/                |             |
|    ep_len_mean          | 450         |
|    ep_rew_mean          | 38.4        |
| time/                   |             |
|    fps                  | 1905        |
|    iterations           | 47          |
|    time_elapsed         | 340         |
|    total_timesteps      | 649728      |
| train/                  |             |
|    approx_kl            | 0.007202497 |
|    clip_fraction        | 0.0612      |
|    clip_range           | 0.2         |
|    entropy_loss         | -0.594      |
|    explained_variance   | 0.807       |
|    learning_rate        | 0.0003      |
|    loss                 | 0.0487      |
|    n_updates            | 230         |
|    policy_gradient_loss | -0.00117    |
|    std                  | 0.325       |
|    value_loss           | 0.0908      |
-----------------------------------------
------------------------------------------
| rollout/                |              |
|    ep_len_mean          | 464          |
|    ep_rew_mean          | 39.8         |
| time/                   |              |
|    fps                  | 1919         |
|    iterations           | 48           |
|    time_elapsed         | 345          |
|    total_timesteps      | 663552       |
| train/                  |              |
|    approx_kl            | 0.0059048147 |
|    clip_fraction        | 0.0664       |
|    clip_range           | 0.2          |
|    entropy_loss         | -0.591       |
|    explained_variance   | 0.774        |
|    learning_rate        | 0.0003       |
|    loss                 | 0.0349       |
|    n_updates            | 235          |
|    policy_gradient_loss | -0.00173     |
|    std                  | 0.325        |
|    value_loss           | 0.0816       |
------------------------------------------
------------------------------------------
| rollout/                |              |
|    ep_len_mean          | 510          |
|    ep_rew_mean          | 44.2         |
| time/                   |              |
|    fps                  | 1937         |
|    iterations           | 49           |
|    time_elapsed         | 349          |
|    total_timesteps      | 677376       |
| train/                  |              |
|    approx_kl            | 0.0035733941 |
|    clip_fraction        | 0.0502       |
|    clip_range           | 0.2          |
|    entropy_loss         | -0.586       |
|    explained_variance   | 0.715        |
|    learning_rate        | 0.0003       |
|    loss                 | 0.0292       |
|    n_updates            | 240          |
|    policy_gradient_loss | -0.0021      |
|    std                  | 0.324        |
|    value_loss           | 0.0853       |
------------------------------------------
-----------------------------------------
| rollout/                |             |
|    ep_len_mean          | 394         |
|    ep_rew_mean          | 33.9        |
| time/                   |             |
|    fps                  | 1954        |
|    iterations           | 50          |
|    time_elapsed         | 353         |
|    total_timesteps      | 691200      |
| train/                  |             |
|    approx_kl            | 0.011064666 |
|    clip_fraction        | 0.0561      |
|    clip_range           | 0.2         |
|    entropy_loss         | -0.581      |
|    explained_variance   | 0.842       |
|    learning_rate        | 0.0003      |
|    loss                 | 0.0228      |
|    n_updates            | 245         |
|    policy_gradient_loss | -0.000841   |
|    std                  | 0.323       |
|    value_loss           | 0.0677      |
-----------------------------------------
-----------------------------------------
| rollout/                |             |
|    ep_len_mean          | 401         |
|    ep_rew_mean          | 34.6        |
| time/                   |             |
|    fps                  | 1967        |
|    iterations           | 51          |
|    time_elapsed         | 358         |
|    total_timesteps      | 705024      |
| train/                  |             |
|    approx_kl            | 0.003878802 |
|    clip_fraction        | 0.0392      |
|    clip_range           | 0.2         |
|    entropy_loss         | -0.578      |
|    explained_variance   | 0.793       |
|    learning_rate        | 0.0003      |
|    loss                 | 0.0467      |
|    n_updates            | 250         |
|    policy_gradient_loss | -0.00162    |
|    std                  | 0.323       |
|    value_loss           | 0.114       |
-----------------------------------------
-----------------------------------------
| rollout/                |             |
|    ep_len_mean          | 381         |
|    ep_rew_mean          | 32.9        |
| time/                   |             |
|    fps                  | 1980        |
|    iterations           | 52          |
|    time_elapsed         | 363         |
|    total_timesteps      | 718848      |
| train/                  |             |
|    approx_kl            | 0.008481175 |
|    clip_fraction        | 0.0653      |
|    clip_range           | 0.2         |
|    entropy_loss         | -0.58       |
|    explained_variance   | 0.862       |
|    learning_rate        | 0.0003      |
|    loss                 | 0.0201      |
|    n_updates            | 255         |
|    policy_gradient_loss | -0.00212    |
|    std                  | 0.323       |
|    value_loss           | 0.05        |
-----------------------------------------
-----------------------------------------
| rollout/                |             |
|    ep_len_mean          | 400         |
|    ep_rew_mean          | 34.6        |
| time/                   |             |
|    fps                  | 1992        |
|    iterations           | 53          |
|    time_elapsed         | 367         |
|    total_timesteps      | 732672      |
| train/                  |             |
|    approx_kl            | 0.004610632 |
|    clip_fraction        | 0.0477      |
|    clip_range           | 0.2         |
|    entropy_loss         | -0.576      |
|    explained_variance   | 0.884       |
|    learning_rate        | 0.0003      |
|    loss                 | 0.0195      |
|    n_updates            | 260         |
|    policy_gradient_loss | -0.00161    |
|    std                  | 0.322       |
|    value_loss           | 0.0545      |
-----------------------------------------
-----------------------------------------
| rollout/                |             |
|    ep_len_mean          | 443         |
|    ep_rew_mean          | 38.5        |
| time/                   |             |
|    fps                  | 2003        |
|    iterations           | 54          |
|    time_elapsed         | 372         |
|    total_timesteps      | 746496      |
| train/                  |             |
|    approx_kl            | 0.004473119 |
|    clip_fraction        | 0.0249      |
|    clip_range           | 0.2         |
|    entropy_loss         | -0.567      |
|    explained_variance   | 0.722       |
|    learning_rate        | 0.0003      |
|    loss                 | 0.0374      |
|    n_updates            | 265         |
|    policy_gradient_loss | -0.00115    |
|    std                  | 0.321       |
|    value_loss           | 0.0914      |
-----------------------------------------
------------------------------------------
| rollout/                |              |
|    ep_len_mean          | 383          |
|    ep_rew_mean          | 32.8         |
| time/                   |              |
|    fps                  | 2012         |
|    iterations           | 55           |
|    time_elapsed         | 377          |
|    total_timesteps      | 760320       |
| train/                  |              |
|    approx_kl            | 0.0037266763 |
|    clip_fraction        | 0.0422       |
|    clip_range           | 0.2          |
|    entropy_loss         | -0.563       |
|    explained_variance   | 0.84         |
|    learning_rate        | 0.0003       |
|    loss                 | 0.0583       |
|    n_updates            | 270          |
|    policy_gradient_loss | -0.00326     |
|    std                  | 0.32         |
|    value_loss           | 0.121        |
------------------------------------------
------------------------------------------
| rollout/                |              |
|    ep_len_mean          | 350          |
|    ep_rew_mean          | 29.7         |
| time/                   |              |
|    fps                  | 2021         |
|    iterations           | 56           |
|    time_elapsed         | 382          |
|    total_timesteps      | 774144       |
| train/                  |              |
|    approx_kl            | 0.0028682954 |
|    clip_fraction        | 0.0476       |
|    clip_range           | 0.2          |
|    entropy_loss         | -0.557       |
|    explained_variance   | 0.858        |
|    learning_rate        | 0.0003       |
|    loss                 | 0.0702       |
|    n_updates            | 275          |
|    policy_gradient_loss | -0.000371    |
|    std                  | 0.319        |
|    value_loss           | 0.119        |
------------------------------------------
-----------------------------------------
| rollout/                |             |
|    ep_len_mean          | 312         |
|    ep_rew_mean          | 26.4        |
| time/                   |             |
|    fps                  | 2028        |
|    iterations           | 57          |
|    time_elapsed         | 388         |
|    total_timesteps      | 787968      |
| train/                  |             |
|    approx_kl            | 0.005331775 |
|    clip_fraction        | 0.0319      |
|    clip_range           | 0.2         |
|    entropy_loss         | -0.549      |
|    explained_variance   | 0.803       |
|    learning_rate        | 0.0003      |
|    loss                 | 0.0565      |
|    n_updates            | 280         |
|    policy_gradient_loss | -0.00129    |
|    std                  | 0.318       |
|    value_loss           | 0.106       |
-----------------------------------------
-----------------------------------------
| rollout/                |             |
|    ep_len_mean          | 345         |
|    ep_rew_mean          | 29.6        |
| time/                   |             |
|    fps                  | 2038        |
|    iterations           | 58          |
|    time_elapsed         | 393         |
|    total_timesteps      | 801792      |
| train/                  |             |
|    approx_kl            | 0.005655311 |
|    clip_fraction        | 0.084       |
|    clip_range           | 0.2         |
|    entropy_loss         | -0.543      |
|    explained_variance   | 0.863       |
|    learning_rate        | 0.0003      |
|    loss                 | 0.0644      |
|    n_updates            | 285         |
|    policy_gradient_loss | -0.00106    |
|    std                  | 0.317       |
|    value_loss           | 0.107       |
-----------------------------------------
------------------------------------------
| rollout/                |              |
|    ep_len_mean          | 315          |
|    ep_rew_mean          | 26.9         |
| time/                   |              |
|    fps                  | 2052         |
|    iterations           | 59           |
|    time_elapsed         | 397          |
|    total_timesteps      | 815616       |
| train/                  |              |
|    approx_kl            | 0.0051496937 |
|    clip_fraction        | 0.0694       |
|    clip_range           | 0.2          |
|    entropy_loss         | -0.534       |
|    explained_variance   | 0.864        |
|    learning_rate        | 0.0003       |
|    loss                 | 0.019        |
|    n_updates            | 290          |
|    policy_gradient_loss | -8.89e-05    |
|    std                  | 0.315        |
|    value_loss           | 0.0454       |
------------------------------------------
------------------------------------------
| rollout/                |              |
|    ep_len_mean          | 336          |
|    ep_rew_mean          | 28.7         |
| time/                   |              |
|    fps                  | 2069         |
|    iterations           | 60           |
|    time_elapsed         | 400          |
|    total_timesteps      | 829440       |
| train/                  |              |
|    approx_kl            | 0.0030276477 |
|    clip_fraction        | 0.0217       |
|    clip_range           | 0.2          |
|    entropy_loss         | -0.527       |
|    explained_variance   | 0.714        |
|    learning_rate        | 0.0003       |
|    loss                 | 0.0658       |
|    n_updates            | 295          |
|    policy_gradient_loss | -0.00158     |
|    std                  | 0.315        |
|    value_loss           | 0.172        |
------------------------------------------
-----------------------------------------
| rollout/                |             |
|    ep_len_mean          | 318         |
|    ep_rew_mean          | 27.2        |
| time/                   |             |
|    fps                  | 2087        |
|    iterations           | 61          |
|    time_elapsed         | 404         |
|    total_timesteps      | 843264      |
| train/                  |             |
|    approx_kl            | 0.007928432 |
|    clip_fraction        | 0.0699      |
|    clip_range           | 0.2         |
|    entropy_loss         | -0.523      |
|    explained_variance   | 0.853       |
|    learning_rate        | 0.0003      |
|    loss                 | 0.037       |
|    n_updates            | 300         |
|    policy_gradient_loss | -0.00134    |
|    std                  | 0.314       |
|    value_loss           | 0.0755      |
-----------------------------------------
------------------------------------------
| rollout/                |              |
|    ep_len_mean          | 399          |
|    ep_rew_mean          | 34.7         |
| time/                   |              |
|    fps                  | 2106         |
|    iterations           | 62           |
|    time_elapsed         | 406          |
|    total_timesteps      | 857088       |
| train/                  |              |
|    approx_kl            | 0.0077929595 |
|    clip_fraction        | 0.0634       |
|    clip_range           | 0.2          |
|    entropy_loss         | -0.519       |
|    explained_variance   | 0.866        |
|    learning_rate        | 0.0003       |
|    loss                 | 0.0143       |
|    n_updates            | 305          |
|    policy_gradient_loss | -0.00205     |
|    std                  | 0.313        |
|    value_loss           | 0.0378       |
------------------------------------------
------------------------------------------
| rollout/                |              |
|    ep_len_mean          | 514          |
|    ep_rew_mean          | 45.2         |
| time/                   |              |
|    fps                  | 2123         |
|    iterations           | 63           |
|    time_elapsed         | 410          |
|    total_timesteps      | 870912       |
| train/                  |              |
|    approx_kl            | 0.0074734185 |
|    clip_fraction        | 0.126        |
|    clip_range           | 0.2          |
|    entropy_loss         | -0.514       |
|    explained_variance   | 0.86         |
|    learning_rate        | 0.0003       |
|    loss                 | 0.00429      |
|    n_updates            | 310          |
|    policy_gradient_loss | -0.00189     |
|    std                  | 0.312        |
|    value_loss           | 0.0171       |
------------------------------------------
------------------------------------------
| rollout/                |              |
|    ep_len_mean          | 453          |
|    ep_rew_mean          | 39.7         |
| time/                   |              |
|    fps                  | 2137         |
|    iterations           | 64           |
|    time_elapsed         | 413          |
|    total_timesteps      | 884736       |
| train/                  |              |
|    approx_kl            | 0.0046909093 |
|    clip_fraction        | 0.0397       |
|    clip_range           | 0.2          |
|    entropy_loss         | -0.509       |
|    explained_variance   | 0.783        |
|    learning_rate        | 0.0003       |
|    loss                 | 0.0332       |
|    n_updates            | 315          |
|    policy_gradient_loss | -0.000843    |
|    std                  | 0.312        |
|    value_loss           | 0.0789       |
------------------------------------------
------------------------------------------
| rollout/                |              |
|    ep_len_mean          | 636          |
|    ep_rew_mean          | 56           |
| time/                   |              |
|    fps                  | 2149         |
|    iterations           | 65           |
|    time_elapsed         | 418          |
|    total_timesteps      | 898560       |
| train/                  |              |
|    approx_kl            | 0.0044821883 |
|    clip_fraction        | 0.0296       |
|    clip_range           | 0.2          |
|    entropy_loss         | -0.506       |
|    explained_variance   | 0.859        |
|    learning_rate        | 0.0003       |
|    loss                 | 0.0264       |
|    n_updates            | 320          |
|    policy_gradient_loss | -0.00123     |
|    std                  | 0.311        |
|    value_loss           | 0.0652       |
------------------------------------------
------------------------------------------
| rollout/                |              |
|    ep_len_mean          | 564          |
|    ep_rew_mean          | 49.3         |
| time/                   |              |
|    fps                  | 2161         |
|    iterations           | 66           |
|    time_elapsed         | 422          |
|    total_timesteps      | 912384       |
| train/                  |              |
|    approx_kl            | 0.0038666765 |
|    clip_fraction        | 0.0544       |
|    clip_range           | 0.2          |
|    entropy_loss         | -0.502       |
|    explained_variance   | 0.894        |
|    learning_rate        | 0.0003       |
|    loss                 | 0.00849      |
|    n_updates            | 325          |
|    policy_gradient_loss | -0.00094     |
|    std                  | 0.31         |
|    value_loss           | 0.0246       |
------------------------------------------
-----------------------------------------
| rollout/                |             |
|    ep_len_mean          | 583         |
|    ep_rew_mean          | 50.5        |
| time/                   |             |
|    fps                  | 2171        |
|    iterations           | 67          |
|    time_elapsed         | 426         |
|    total_timesteps      | 926208      |
| train/                  |             |
|    approx_kl            | 0.006174375 |
|    clip_fraction        | 0.0726      |
|    clip_range           | 0.2         |
|    entropy_loss         | -0.494      |
|    explained_variance   | 0.782       |
|    learning_rate        | 0.0003      |
|    loss                 | 0.0225      |
|    n_updates            | 330         |
|    policy_gradient_loss | -0.00288    |
|    std                  | 0.309       |
|    value_loss           | 0.0595      |
-----------------------------------------
-----------------------------------------
| rollout/                |             |
|    ep_len_mean          | 648         |
|    ep_rew_mean          | 56.4        |
| time/                   |             |
|    fps                  | 2177        |
|    iterations           | 68          |
|    time_elapsed         | 431         |
|    total_timesteps      | 940032      |
| train/                  |             |
|    approx_kl            | 0.008349233 |
|    clip_fraction        | 0.0961      |
|    clip_range           | 0.2         |
|    entropy_loss         | -0.487      |
|    explained_variance   | 0.841       |
|    learning_rate        | 0.0003      |
|    loss                 | 0.00763     |
|    n_updates            | 335         |
|    policy_gradient_loss | -0.00274    |
|    std                  | 0.308       |
|    value_loss           | 0.0179      |
-----------------------------------------
-----------------------------------------
| rollout/                |             |
|    ep_len_mean          | 510         |
|    ep_rew_mean          | 43.5        |
| time/                   |             |
|    fps                  | 2183        |
|    iterations           | 69          |
|    time_elapsed         | 436         |
|    total_timesteps      | 953856      |
| train/                  |             |
|    approx_kl            | 0.005804613 |
|    clip_fraction        | 0.0531      |
|    clip_range           | 0.2         |
|    entropy_loss         | -0.477      |
|    explained_variance   | 0.887       |
|    learning_rate        | 0.0003      |
|    loss                 | 0.0337      |
|    n_updates            | 340         |
|    policy_gradient_loss | -0.00166    |
|    std                  | 0.306       |
|    value_loss           | 0.0735      |
-----------------------------------------
------------------------------------------
| rollout/                |              |
|    ep_len_mean          | 340          |
|    ep_rew_mean          | 28.4         |
| time/                   |              |
|    fps                  | 2188         |
|    iterations           | 70           |
|    time_elapsed         | 442          |
|    total_timesteps      | 967680       |
| train/                  |              |
|    approx_kl            | 0.0032326374 |
|    clip_fraction        | 0.122        |
|    clip_range           | 0.2          |
|    entropy_loss         | -0.469       |
|    explained_variance   | 0.828        |
|    learning_rate        | 0.0003       |
|    loss                 | 0.0671       |
|    n_updates            | 345          |
|    policy_gradient_loss | 0.000782     |
|    std                  | 0.306        |
|    value_loss           | 0.141        |
------------------------------------------
------------------------------------------
| rollout/                |              |
|    ep_len_mean          | 310          |
|    ep_rew_mean          | 25.6         |
| time/                   |              |
|    fps                  | 2185         |
|    iterations           | 71           |
|    time_elapsed         | 449          |
|    total_timesteps      | 981504       |
| train/                  |              |
|    approx_kl            | 0.0043183235 |
|    clip_fraction        | 0.0357       |
|    clip_range           | 0.2          |
|    entropy_loss         | -0.464       |
|    explained_variance   | 0.81         |
|    learning_rate        | 0.0003       |
|    loss                 | 0.0752       |
|    n_updates            | 350          |
|    policy_gradient_loss | -0.00137     |
|    std                  | 0.305        |
|    value_loss           | 0.168        |
------------------------------------------
-----------------------------------------
| rollout/                |             |
|    ep_len_mean          | 345         |
|    ep_rew_mean          | 28.8        |
| time/                   |             |
|    fps                  | 2189        |
|    iterations           | 72          |
|    time_elapsed         | 454         |
|    total_timesteps      | 995328      |
| train/                  |             |
|    approx_kl            | 0.008200117 |
|    clip_fraction        | 0.0522      |
|    clip_range           | 0.2         |
|    entropy_loss         | -0.455      |
|    explained_variance   | 0.833       |
|    learning_rate        | 0.0003      |
|    loss                 | 0.0599      |
|    n_updates            | 355         |
|    policy_gradient_loss | -0.00101    |
|    std                  | 0.303       |
|    value_loss           | 0.105       |
-----------------------------------------
[eval] {'steps': 1000026, 'wall_s': 28.6, 'success': 0, 'crash_free': 0, 'restored': 8, 'n': 8, 'crashes': 2.5, 'sep_violation_s': 0.0, 'mean_err_m': 0.9612499999999999, 'final_rms_m': 1.02625}
-----------------------------------------
| rollout/                |             |
|    ep_len_mean          | 358         |
|    ep_rew_mean          | 30          |
| time/                   |             |
|    fps                  | 2068        |
|    iterations           | 73          |
|    time_elapsed         | 487         |
|    total_timesteps      | 1009152     |
| train/                  |             |
|    approx_kl            | 0.004982502 |
|    clip_fraction        | 0.0387      |
|    clip_range           | 0.2         |
|    entropy_loss         | -0.449      |
|    explained_variance   | 0.782       |
|    learning_rate        | 0.0003      |
|    loss                 | 0.0806      |
|    n_updates            | 360         |
|    policy_gradient_loss | -0.00202    |
|    std                  | 0.302       |
|    value_loss           | 0.164       |
-----------------------------------------
-----------------------------------------
| rollout/                |             |
|    ep_len_mean          | 370         |
|    ep_rew_mean          | 31.2        |
| time/                   |             |
|    fps                  | 2079        |
|    iterations           | 74          |
|    time_elapsed         | 491         |
|    total_timesteps      | 1022976     |
| train/                  |             |
|    approx_kl            | 0.008182995 |
|    clip_fraction        | 0.0535      |
|    clip_range           | 0.2         |
|    entropy_loss         | -0.443      |
|    explained_variance   | 0.829       |
|    learning_rate        | 0.0003      |
|    loss                 | 0.0321      |
|    n_updates            | 365         |
|    policy_gradient_loss | -0.00143    |
|    std                  | 0.302       |
|    value_loss           | 0.0673      |
-----------------------------------------
------------------------------------------
| rollout/                |              |
|    ep_len_mean          | 416          |
|    ep_rew_mean          | 35           |
| time/                   |              |
|    fps                  | 2084         |
|    iterations           | 75           |
|    time_elapsed         | 497          |
|    total_timesteps      | 1036800      |
| train/                  |              |
|    approx_kl            | 0.0067785084 |
|    clip_fraction        | 0.0403       |
|    clip_range           | 0.2          |
|    entropy_loss         | -0.435       |
|    explained_variance   | 0.761        |
|    learning_rate        | 0.0003       |
|    loss                 | 0.0527       |
|    n_updates            | 370          |
|    policy_gradient_loss | -0.0021      |
|    std                  | 0.3          |
|    value_loss           | 0.133        |
------------------------------------------
-----------------------------------------
| rollout/                |             |
|    ep_len_mean          | 470         |
|    ep_rew_mean          | 39.8        |
| time/                   |             |
|    fps                  | 2094        |
|    iterations           | 76          |
|    time_elapsed         | 501         |
|    total_timesteps      | 1050624     |
| train/                  |             |
|    approx_kl            | 0.009426807 |
|    clip_fraction        | 0.0859      |
|    clip_range           | 0.2         |
|    entropy_loss         | -0.426      |
|    explained_variance   | 0.693       |
|    learning_rate        | 0.0003      |
|    loss                 | 0.0203      |
|    n_updates            | 375         |
|    policy_gradient_loss | -0.00136    |
|    std                  | 0.299       |
|    value_loss           | 0.0498      |
-----------------------------------------
-----------------------------------------
| rollout/                |             |
|    ep_len_mean          | 464         |
|    ep_rew_mean          | 39.3        |
| time/                   |             |
|    fps                  | 2102        |
|    iterations           | 77          |
|    time_elapsed         | 506         |
|    total_timesteps      | 1064448     |
| train/                  |             |
|    approx_kl            | 0.007783415 |
|    clip_fraction        | 0.0789      |
|    clip_range           | 0.2         |
|    entropy_loss         | -0.425      |
|    explained_variance   | 0.837       |
|    learning_rate        | 0.0003      |
|    loss                 | 0.013       |
|    n_updates            | 380         |
|    policy_gradient_loss | -0.00245    |
|    std                  | 0.299       |
|    value_loss           | 0.0348      |
-----------------------------------------
-----------------------------------------
| rollout/                |             |
|    ep_len_mean          | 496         |
|    ep_rew_mean          | 42.2        |
| time/                   |             |
|    fps                  | 2110        |
|    iterations           | 78          |
|    time_elapsed         | 510         |
|    total_timesteps      | 1078272     |
| train/                  |             |
|    approx_kl            | 0.008159493 |
|    clip_fraction        | 0.108       |
|    clip_range           | 0.2         |
|    entropy_loss         | -0.42       |
|    explained_variance   | 0.814       |
|    learning_rate        | 0.0003      |
|    loss                 | 0.00776     |
|    n_updates            | 385         |
|    policy_gradient_loss | -0.0028     |
|    std                  | 0.298       |
|    value_loss           | 0.0272      |
-----------------------------------------
-----------------------------------------
| rollout/                |             |
|    ep_len_mean          | 566         |
|    ep_rew_mean          | 48.5        |
| time/                   |             |
|    fps                  | 2120        |
|    iterations           | 79          |
|    time_elapsed         | 514         |
|    total_timesteps      | 1092096     |
| train/                  |             |
|    approx_kl            | 0.012799482 |
|    clip_fraction        | 0.108       |
|    clip_range           | 0.2         |
|    entropy_loss         | -0.413      |
|    explained_variance   | 0.907       |
|    learning_rate        | 0.0003      |
|    loss                 | 0.00873     |
|    n_updates            | 390         |
|    policy_gradient_loss | -0.00315    |
|    std                  | 0.297       |
|    value_loss           | 0.0207      |
-----------------------------------------
-----------------------------------------
| rollout/                |             |
|    ep_len_mean          | 612         |
|    ep_rew_mean          | 53.6        |
| time/                   |             |
|    fps                  | 2133        |
|    iterations           | 80          |
|    time_elapsed         | 518         |
|    total_timesteps      | 1105920     |
| train/                  |             |
|    approx_kl            | 0.005111598 |
|    clip_fraction        | 0.0795      |
|    clip_range           | 0.2         |
|    entropy_loss         | -0.408      |
|    explained_variance   | 0.874       |
|    learning_rate        | 0.0003      |
|    loss                 | 0.0141      |
|    n_updates            | 395         |
|    policy_gradient_loss | -0.000698   |
|    std                  | 0.297       |
|    value_loss           | 0.0325      |
-----------------------------------------
-----------------------------------------
| rollout/                |             |
|    ep_len_mean          | 645         |
|    ep_rew_mean          | 56.7        |
| time/                   |             |
|    fps                  | 2145        |
|    iterations           | 81          |
|    time_elapsed         | 521         |
|    total_timesteps      | 1119744     |
| train/                  |             |
|    approx_kl            | 0.010078485 |
|    clip_fraction        | 0.0669      |
|    clip_range           | 0.2         |
|    entropy_loss         | -0.404      |
|    explained_variance   | 0.519       |
|    learning_rate        | 0.0003      |
|    loss                 | 0.044       |
|    n_updates            | 400         |
|    policy_gradient_loss | -0.00106    |
|    std                  | 0.296       |
|    value_loss           | 0.0655      |
-----------------------------------------
-----------------------------------------
| rollout/                |             |
|    ep_len_mean          | 612         |
|    ep_rew_mean          | 54          |
| time/                   |             |
|    fps                  | 2157        |
|    iterations           | 82          |
|    time_elapsed         | 525         |
|    total_timesteps      | 1133568     |
| train/                  |             |
|    approx_kl            | 0.003374951 |
|    clip_fraction        | 0.0708      |
|    clip_range           | 0.2         |
|    entropy_loss         | -0.399      |
|    explained_variance   | 0.675       |
|    learning_rate        | 0.0003      |
|    loss                 | 0.0192      |
|    n_updates            | 405         |
|    policy_gradient_loss | -0.0016     |
|    std                  | 0.295       |
|    value_loss           | 0.07        |
-----------------------------------------
-----------------------------------------
| rollout/                |             |
|    ep_len_mean          | 605         |
|    ep_rew_mean          | 53.6        |
| time/                   |             |
|    fps                  | 2164        |
|    iterations           | 83          |
|    time_elapsed         | 530         |
|    total_timesteps      | 1147392     |
| train/                  |             |
|    approx_kl            | 0.006087284 |
|    clip_fraction        | 0.0421      |
|    clip_range           | 0.2         |
|    entropy_loss         | -0.396      |
|    explained_variance   | 0.894       |
|    learning_rate        | 0.0003      |
|    loss                 | 0.00605     |
|    n_updates            | 410         |
|    policy_gradient_loss | -0.00318    |
|    std                  | 0.295       |
|    value_loss           | 0.0249      |
-----------------------------------------
-----------------------------------------
| rollout/                |             |
|    ep_len_mean          | 502         |
|    ep_rew_mean          | 44.1        |
| time/                   |             |
|    fps                  | 2169        |
|    iterations           | 84          |
|    time_elapsed         | 535         |
|    total_timesteps      | 1161216     |
| train/                  |             |
|    approx_kl            | 0.006461318 |
|    clip_fraction        | 0.0678      |
|    clip_range           | 0.2         |
|    entropy_loss         | -0.391      |
|    explained_variance   | 0.79        |
|    learning_rate        | 0.0003      |
|    loss                 | 0.0526      |
|    n_updates            | 415         |
|    policy_gradient_loss | -0.00228    |
|    std                  | 0.294       |
|    value_loss           | 0.107       |
-----------------------------------------
----------------------------------------
| rollout/                |            |
|    ep_len_mean          | 498        |
|    ep_rew_mean          | 43.8       |
| time/                   |            |
|    fps                  | 2172       |
|    iterations           | 85         |
|    time_elapsed         | 540        |
|    total_timesteps      | 1175040    |
| train/                  |            |
|    approx_kl            | 0.00779846 |
|    clip_fraction        | 0.056      |
|    clip_range           | 0.2        |
|    entropy_loss         | -0.387     |
|    explained_variance   | 0.853      |
|    learning_rate        | 0.0003     |
|    loss                 | 0.0598     |
|    n_updates            | 420        |
|    policy_gradient_loss | -0.00201   |
|    std                  | 0.293      |
|    value_loss           | 0.115      |
----------------------------------------
------------------------------------------
| rollout/                |              |
|    ep_len_mean          | 468          |
|    ep_rew_mean          | 41.1         |
| time/                   |              |
|    fps                  | 2178         |
|    iterations           | 86           |
|    time_elapsed         | 545          |
|    total_timesteps      | 1188864      |
| train/                  |              |
|    approx_kl            | 0.0041382364 |
|    clip_fraction        | 0.0607       |
|    clip_range           | 0.2          |
|    entropy_loss         | -0.385       |
|    explained_variance   | 0.846        |
|    learning_rate        | 0.0003       |
|    loss                 | 0.0309       |
|    n_updates            | 425          |
|    policy_gradient_loss | -0.000252    |
|    std                  | 0.293        |
|    value_loss           | 0.0707       |
------------------------------------------
------------------------------------------
| rollout/                |              |
|    ep_len_mean          | 425          |
|    ep_rew_mean          | 37           |
| time/                   |              |
|    fps                  | 2185         |
|    iterations           | 87           |
|    time_elapsed         | 550          |
|    total_timesteps      | 1202688      |
| train/                  |              |
|    approx_kl            | 0.0059584174 |
|    clip_fraction        | 0.0401       |
|    clip_range           | 0.2          |
|    entropy_loss         | -0.38        |
|    explained_variance   | 0.858        |
|    learning_rate        | 0.0003       |
|    loss                 | 0.0366       |
|    n_updates            | 430          |
|    policy_gradient_loss | -0.00138     |
|    std                  | 0.292        |
|    value_loss           | 0.0563       |
------------------------------------------
------------------------------------------
| rollout/                |              |
|    ep_len_mean          | 450          |
|    ep_rew_mean          | 38.9         |
| time/                   |              |
|    fps                  | 2192         |
|    iterations           | 88           |
|    time_elapsed         | 554          |
|    total_timesteps      | 1216512      |
| train/                  |              |
|    approx_kl            | 0.0051245596 |
|    clip_fraction        | 0.0651       |
|    clip_range           | 0.2          |
|    entropy_loss         | -0.372       |
|    explained_variance   | 0.829        |
|    learning_rate        | 0.0003       |
|    loss                 | 0.0249       |
|    n_updates            | 435          |
|    policy_gradient_loss | -0.00162     |
|    std                  | 0.291        |
|    value_loss           | 0.0751       |
------------------------------------------
-----------------------------------------
| rollout/                |             |
|    ep_len_mean          | 539         |
|    ep_rew_mean          | 47.3        |
| time/                   |             |
|    fps                  | 2202        |
|    iterations           | 89          |
|    time_elapsed         | 558         |
|    total_timesteps      | 1230336     |
| train/                  |             |
|    approx_kl            | 0.006993957 |
|    clip_fraction        | 0.0559      |
|    clip_range           | 0.2         |
|    entropy_loss         | -0.362      |
|    explained_variance   | 0.842       |
|    learning_rate        | 0.0003      |
|    loss                 | 0.0461      |
|    n_updates            | 440         |
|    policy_gradient_loss | -0.0022     |
|    std                  | 0.289       |
|    value_loss           | 0.101       |
-----------------------------------------
------------------------------------------
| rollout/                |              |
|    ep_len_mean          | 453          |
|    ep_rew_mean          | 39.3         |
| time/                   |              |
|    fps                  | 2208         |
|    iterations           | 90           |
|    time_elapsed         | 563          |
|    total_timesteps      | 1244160      |
| train/                  |              |
|    approx_kl            | 0.0065166713 |
|    clip_fraction        | 0.0487       |
|    clip_range           | 0.2          |
|    entropy_loss         | -0.355       |
|    explained_variance   | 0.842        |
|    learning_rate        | 0.0003       |
|    loss                 | 0.0253       |
|    n_updates            | 445          |
|    policy_gradient_loss | -0.00139     |
|    std                  | 0.289        |
|    value_loss           | 0.0571       |
------------------------------------------
----------------------------------------
| rollout/                |            |
|    ep_len_mean          | 461        |
|    ep_rew_mean          | 40.2       |
| time/                   |            |
|    fps                  | 2215       |
|    iterations           | 91         |
|    time_elapsed         | 567        |
|    total_timesteps      | 1257984    |
| train/                  |            |
|    approx_kl            | 0.00872472 |
|    clip_fraction        | 0.0589     |
|    clip_range           | 0.2        |
|    entropy_loss         | -0.351     |
|    explained_variance   | 0.753      |
|    learning_rate        | 0.0003     |
|    loss                 | 0.0731     |
|    n_updates            | 450        |
|    policy_gradient_loss | -0.00159   |
|    std                  | 0.288      |
|    value_loss           | 0.151      |
----------------------------------------
-----------------------------------------
| rollout/                |             |
|    ep_len_mean          | 405         |
|    ep_rew_mean          | 34.6        |
| time/                   |             |
|    fps                  | 2217        |
|    iterations           | 92          |
|    time_elapsed         | 573         |
|    total_timesteps      | 1271808     |
| train/                  |             |
|    approx_kl            | 0.005635904 |
|    clip_fraction        | 0.0353      |
|    clip_range           | 0.2         |
|    entropy_loss         | -0.347      |
|    explained_variance   | 0.658       |
|    learning_rate        | 0.0003      |
|    loss                 | 0.039       |
|    n_updates            | 455         |
|    policy_gradient_loss | -0.00209    |
|    std                  | 0.288       |
|    value_loss           | 0.121       |
-----------------------------------------
------------------------------------------
| rollout/                |              |
|    ep_len_mean          | 379          |
|    ep_rew_mean          | 32.4         |
| time/                   |              |
|    fps                  | 2223         |
|    iterations           | 93           |
|    time_elapsed         | 578          |
|    total_timesteps      | 1285632      |
| train/                  |              |
|    approx_kl            | 0.0069672004 |
|    clip_fraction        | 0.0694       |
|    clip_range           | 0.2          |
|    entropy_loss         | -0.342       |
|    explained_variance   | 0.797        |
|    learning_rate        | 0.0003       |
|    loss                 | 0.044        |
|    n_updates            | 460          |
|    policy_gradient_loss | -0.0021      |
|    std                  | 0.287        |
|    value_loss           | 0.119        |
------------------------------------------
------------------------------------------
| rollout/                |              |
|    ep_len_mean          | 352          |
|    ep_rew_mean          | 30.4         |
| time/                   |              |
|    fps                  | 2225         |
|    iterations           | 94           |
|    time_elapsed         | 584          |
|    total_timesteps      | 1299456      |
| train/                  |              |
|    approx_kl            | 0.0042746835 |
|    clip_fraction        | 0.0683       |
|    clip_range           | 0.2          |
|    entropy_loss         | -0.336       |
|    explained_variance   | 0.813        |
|    learning_rate        | 0.0003       |
|    loss                 | 0.0558       |
|    n_updates            | 465          |
|    policy_gradient_loss | -0.00171     |
|    std                  | 0.286        |
|    value_loss           | 0.112        |
------------------------------------------
-----------------------------------------
| rollout/                |             |
|    ep_len_mean          | 352         |
|    ep_rew_mean          | 30.3        |
| time/                   |             |
|    fps                  | 2228        |
|    iterations           | 95          |
|    time_elapsed         | 589         |
|    total_timesteps      | 1313280     |
| train/                  |             |
|    approx_kl            | 0.010232214 |
|    clip_fraction        | 0.12        |
|    clip_range           | 0.2         |
|    entropy_loss         | -0.33       |
|    explained_variance   | 0.812       |
|    learning_rate        | 0.0003      |
|    loss                 | 0.0467      |
|    n_updates            | 470         |
|    policy_gradient_loss | -0.000943   |
|    std                  | 0.285       |
|    value_loss           | 0.0823      |
-----------------------------------------
-----------------------------------------
| rollout/                |             |
|    ep_len_mean          | 439         |
|    ep_rew_mean          | 38.1        |
| time/                   |             |
|    fps                  | 2232        |
|    iterations           | 96          |
|    time_elapsed         | 594         |
|    total_timesteps      | 1327104     |
| train/                  |             |
|    approx_kl            | 0.004060512 |
|    clip_fraction        | 0.0458      |
|    clip_range           | 0.2         |
|    entropy_loss         | -0.325      |
|    explained_variance   | 0.861       |
|    learning_rate        | 0.0003      |
|    loss                 | 0.0263      |
|    n_updates            | 475         |
|    policy_gradient_loss | -0.00273    |
|    std                  | 0.284       |
|    value_loss           | 0.0547      |
-----------------------------------------
------------------------------------------
| rollout/                |              |
|    ep_len_mean          | 406          |
|    ep_rew_mean          | 35.1         |
| time/                   |              |
|    fps                  | 2231         |
|    iterations           | 97           |
|    time_elapsed         | 600          |
|    total_timesteps      | 1340928      |
| train/                  |              |
|    approx_kl            | 0.0060499106 |
|    clip_fraction        | 0.0508       |
|    clip_range           | 0.2          |
|    entropy_loss         | -0.321       |
|    explained_variance   | 0.836        |
|    learning_rate        | 0.0003       |
|    loss                 | 0.0503       |
|    n_updates            | 480          |
|    policy_gradient_loss | -0.0013      |
|    std                  | 0.284        |
|    value_loss           | 0.114        |
------------------------------------------
-----------------------------------------
| rollout/                |             |
|    ep_len_mean          | 453         |
|    ep_rew_mean          | 39.4        |
| time/                   |             |
|    fps                  | 2236        |
|    iterations           | 98          |
|    time_elapsed         | 605         |
|    total_timesteps      | 1354752     |
| train/                  |             |
|    approx_kl            | 0.005745815 |
|    clip_fraction        | 0.0412      |
|    clip_range           | 0.2         |
|    entropy_loss         | -0.316      |
|    explained_variance   | 0.751       |
|    learning_rate        | 0.0003      |
|    loss                 | 0.058       |
|    n_updates            | 485         |
|    policy_gradient_loss | -0.00134    |
|    std                  | 0.283       |
|    value_loss           | 0.12        |
-----------------------------------------
-----------------------------------------
| rollout/                |             |
|    ep_len_mean          | 382         |
|    ep_rew_mean          | 33          |
| time/                   |             |
|    fps                  | 2239        |
|    iterations           | 99          |
|    time_elapsed         | 611         |
|    total_timesteps      | 1368576     |
| train/                  |             |
|    approx_kl            | 0.011203885 |
|    clip_fraction        | 0.0715      |
|    clip_range           | 0.2         |
|    entropy_loss         | -0.308      |
|    explained_variance   | 0.838       |
|    learning_rate        | 0.0003      |
|    loss                 | 0.0422      |
|    n_updates            | 490         |
|    policy_gradient_loss | -0.0019     |
|    std                  | 0.282       |
|    value_loss           | 0.0969      |
-----------------------------------------
------------------------------------------
| rollout/                |              |
|    ep_len_mean          | 382          |
|    ep_rew_mean          | 33           |
| time/                   |              |
|    fps                  | 2240         |
|    iterations           | 100          |
|    time_elapsed         | 616          |
|    total_timesteps      | 1382400      |
| train/                  |              |
|    approx_kl            | 0.0064041694 |
|    clip_fraction        | 0.111        |
|    clip_range           | 0.2          |
|    entropy_loss         | -0.3         |
|    explained_variance   | 0.857        |
|    learning_rate        | 0.0003       |
|    loss                 | 0.0247       |
|    n_updates            | 495          |
|    policy_gradient_loss | -0.000151    |
|    std                  | 0.281        |
|    value_loss           | 0.0508       |
------------------------------------------
------------------------------------------
| rollout/                |              |
|    ep_len_mean          | 568          |
|    ep_rew_mean          | 50.2         |
| time/                   |              |
|    fps                  | 2242         |
|    iterations           | 101          |
|    time_elapsed         | 622          |
|    total_timesteps      | 1396224      |
| train/                  |              |
|    approx_kl            | 0.0064918897 |
|    clip_fraction        | 0.0707       |
|    clip_range           | 0.2          |
|    entropy_loss         | -0.294       |
|    explained_variance   | 0.279        |
|    learning_rate        | 0.0003       |
|    loss                 | 0.000689     |
|    n_updates            | 500          |
|    policy_gradient_loss | -0.00128     |
|    std                  | 0.28         |
|    value_loss           | 0.00833      |
------------------------------------------
------------------------------------------
| rollout/                |              |
|    ep_len_mean          | 656          |
|    ep_rew_mean          | 58.1         |
| time/                   |              |
|    fps                  | 2239         |
|    iterations           | 102          |
|    time_elapsed         | 629          |
|    total_timesteps      | 1410048      |
| train/                  |              |
|    approx_kl            | 0.0056051607 |
|    clip_fraction        | 0.0559       |
|    clip_range           | 0.2          |
|    entropy_loss         | -0.287       |
|    explained_variance   | 0.816        |
|    learning_rate        | 0.0003       |
|    loss                 | -0.00504     |
|    n_updates            | 505          |
|    policy_gradient_loss | -0.00146     |
|    std                  | 0.279        |
|    value_loss           | 0.00462      |
------------------------------------------
-----------------------------------------
| rollout/                |             |
|    ep_len_mean          | 632         |
|    ep_rew_mean          | 56.2        |
| time/                   |             |
|    fps                  | 2236        |
|    iterations           | 103         |
|    time_elapsed         | 636         |
|    total_timesteps      | 1423872     |
| train/                  |             |
|    approx_kl            | 0.003591494 |
|    clip_fraction        | 0.045       |
|    clip_range           | 0.2         |
|    entropy_loss         | -0.281      |
|    explained_variance   | 0.883       |
|    learning_rate        | 0.0003      |
|    loss                 | 0.0363      |
|    n_updates            | 510         |
|    policy_gradient_loss | -0.0015     |
|    std                  | 0.278       |
|    value_loss           | 0.0728      |
-----------------------------------------
-----------------------------------------
| rollout/                |             |
|    ep_len_mean          | 345         |
|    ep_rew_mean          | 29.6        |
| time/                   |             |
|    fps                  | 2234        |
|    iterations           | 104         |
|    time_elapsed         | 643         |
|    total_timesteps      | 1437696     |
| train/                  |             |
|    approx_kl            | 0.004923935 |
|    clip_fraction        | 0.0589      |
|    clip_range           | 0.2         |
|    entropy_loss         | -0.278      |
|    explained_variance   | 0.763       |
|    learning_rate        | 0.0003      |
|    loss                 | 0.0559      |
|    n_updates            | 515         |
|    policy_gradient_loss | -0.0013     |
|    std                  | 0.278       |
|    value_loss           | 0.119       |
-----------------------------------------
------------------------------------------
| rollout/                |              |
|    ep_len_mean          | 374          |
|    ep_rew_mean          | 32.7         |
| time/                   |              |
|    fps                  | 2239         |
|    iterations           | 105          |
|    time_elapsed         | 648          |
|    total_timesteps      | 1451520      |
| train/                  |              |
|    approx_kl            | 0.0035548515 |
|    clip_fraction        | 0.0331       |
|    clip_range           | 0.2          |
|    entropy_loss         | -0.274       |
|    explained_variance   | 0.841        |
|    learning_rate        | 0.0003       |
|    loss                 | 0.0442       |
|    n_updates            | 520          |
|    policy_gradient_loss | -0.00137     |
|    std                  | 0.278        |
|    value_loss           | 0.111        |
------------------------------------------
-----------------------------------------
| rollout/                |             |
|    ep_len_mean          | 392         |
|    ep_rew_mean          | 34.1        |
| time/                   |             |
|    fps                  | 2239        |
|    iterations           | 106         |
|    time_elapsed         | 654         |
|    total_timesteps      | 1465344     |
| train/                  |             |
|    approx_kl            | 0.008275313 |
|    clip_fraction        | 0.0676      |
|    clip_range           | 0.2         |
|    entropy_loss         | -0.275      |
|    explained_variance   | 0.784       |
|    learning_rate        | 0.0003      |
|    loss                 | 0.0413      |
|    n_updates            | 525         |
|    policy_gradient_loss | -0.000993   |
|    std                  | 0.277       |
|    value_loss           | 0.0971      |
-----------------------------------------
-----------------------------------------
| rollout/                |             |
|    ep_len_mean          | 446         |
|    ep_rew_mean          | 38.9        |
| time/                   |             |
|    fps                  | 2235        |
|    iterations           | 107         |
|    time_elapsed         | 661         |
|    total_timesteps      | 1479168     |
| train/                  |             |
|    approx_kl            | 0.004493551 |
|    clip_fraction        | 0.0471      |
|    clip_range           | 0.2         |
|    entropy_loss         | -0.274      |
|    explained_variance   | 0.853       |
|    learning_rate        | 0.0003      |
|    loss                 | 0.0268      |
|    n_updates            | 530         |
|    policy_gradient_loss | -0.0015     |
|    std                  | 0.277       |
|    value_loss           | 0.0609      |
-----------------------------------------
------------------------------------------
| rollout/                |              |
|    ep_len_mean          | 513          |
|    ep_rew_mean          | 44.8         |
| time/                   |              |
|    fps                  | 2231         |
|    iterations           | 108          |
|    time_elapsed         | 669          |
|    total_timesteps      | 1492992      |
| train/                  |              |
|    approx_kl            | 0.0035584818 |
|    clip_fraction        | 0.0695       |
|    clip_range           | 0.2          |
|    entropy_loss         | -0.273       |
|    explained_variance   | 0.889        |
|    learning_rate        | 0.0003       |
|    loss                 | 0.0233       |
|    n_updates            | 535          |
|    policy_gradient_loss | -0.000254    |
|    std                  | 0.277        |
|    value_loss           | 0.0592       |
------------------------------------------
[eval] {'steps': 1500012, 'wall_s': 39.6, 'success': 2, 'crash_free': 2, 'restored': 8, 'n': 8, 'crashes': 1.5, 'sep_violation_s': 0.0, 'mean_err_m': 0.7475, 'final_rms_m': 0.5375000000000001}
-----------------------------------------
| rollout/                |             |
|    ep_len_mean          | 479         |
|    ep_rew_mean          | 41.5        |
| time/                   |             |
|    fps                  | 2108        |
|    iterations           | 109         |
|    time_elapsed         | 714         |
|    total_timesteps      | 1506816     |
| train/                  |             |
|    approx_kl            | 0.007622286 |
|    clip_fraction        | 0.0947      |
|    clip_range           | 0.2         |
|    entropy_loss         | -0.27       |
|    explained_variance   | 0.795       |
|    learning_rate        | 0.0003      |
|    loss                 | 0.068       |
|    n_updates            | 540         |
|    policy_gradient_loss | 0.000627    |
|    std                  | 0.277       |
|    value_loss           | 0.144       |
-----------------------------------------
------------------------------------------
| rollout/                |              |
|    ep_len_mean          | 528          |
|    ep_rew_mean          | 46.3         |
| time/                   |              |
|    fps                  | 2107         |
|    iterations           | 110          |
|    time_elapsed         | 721          |
|    total_timesteps      | 1520640      |
| train/                  |              |
|    approx_kl            | 0.0037895737 |
|    clip_fraction        | 0.0717       |
|    clip_range           | 0.2          |
|    entropy_loss         | -0.263       |
|    explained_variance   | 0.643        |
|    learning_rate        | 0.0003       |
|    loss                 | 0.0306       |
|    n_updates            | 545          |
|    policy_gradient_loss | -0.00172     |
|    std                  | 0.275        |
|    value_loss           | 0.0639       |
------------------------------------------
----------------------------------------
| rollout/                |            |
|    ep_len_mean          | 467        |
|    ep_rew_mean          | 40.7       |
| time/                   |            |
|    fps                  | 2108       |
|    iterations           | 111        |
|    time_elapsed         | 727        |
|    total_timesteps      | 1534464    |
| train/                  |            |
|    approx_kl            | 0.00563361 |
|    clip_fraction        | 0.0749     |
|    clip_range           | 0.2        |
|    entropy_loss         | -0.255     |
|    explained_variance   | 0.818      |
|    learning_rate        | 0.0003     |
|    loss                 | 0.0458     |
|    n_updates            | 550        |
|    policy_gradient_loss | -0.00159   |
|    std                  | 0.274      |
|    value_loss           | 0.0874     |
----------------------------------------
-----------------------------------------
| rollout/                |             |
|    ep_len_mean          | 523         |
|    ep_rew_mean          | 45.4        |
| time/                   |             |
|    fps                  | 2113        |
|    iterations           | 112         |
|    time_elapsed         | 732         |
|    total_timesteps      | 1548288     |
| train/                  |             |
|    approx_kl            | 0.005508033 |
|    clip_fraction        | 0.0497      |
|    clip_range           | 0.2         |
|    entropy_loss         | -0.248      |
|    explained_variance   | 0.723       |
|    learning_rate        | 0.0003      |
|    loss                 | 0.0388      |
|    n_updates            | 555         |
|    policy_gradient_loss | -0.00201    |
|    std                  | 0.273       |
|    value_loss           | 0.0925      |
-----------------------------------------
------------------------------------------
| rollout/                |              |
|    ep_len_mean          | 558          |
|    ep_rew_mean          | 48.7         |
| time/                   |              |
|    fps                  | 2116         |
|    iterations           | 113          |
|    time_elapsed         | 737          |
|    total_timesteps      | 1562112      |
| train/                  |              |
|    approx_kl            | 0.0049882904 |
|    clip_fraction        | 0.0767       |
|    clip_range           | 0.2          |
|    entropy_loss         | -0.24        |
|    explained_variance   | 0.827        |
|    learning_rate        | 0.0003       |
|    loss                 | 0.0162       |
|    n_updates            | 560          |
|    policy_gradient_loss | -0.00109     |
|    std                  | 0.272        |
|    value_loss           | 0.0294       |
------------------------------------------
------------------------------------------
| rollout/                |              |
|    ep_len_mean          | 649          |
|    ep_rew_mean          | 57           |
| time/                   |              |
|    fps                  | 2124         |
|    iterations           | 114          |
|    time_elapsed         | 741          |
|    total_timesteps      | 1575936      |
| train/                  |              |
|    approx_kl            | 0.0117259845 |
|    clip_fraction        | 0.0803       |
|    clip_range           | 0.2          |
|    entropy_loss         | -0.234       |
|    explained_variance   | 0.692        |
|    learning_rate        | 0.0003       |
|    loss                 | 0.0109       |
|    n_updates            | 565          |
|    policy_gradient_loss | -0.00191     |
|    std                  | 0.272        |
|    value_loss           | 0.025        |
------------------------------------------
------------------------------------------
| rollout/                |              |
|    ep_len_mean          | 664          |
|    ep_rew_mean          | 58.2         |
| time/                   |              |
|    fps                  | 2131         |
|    iterations           | 115          |
|    time_elapsed         | 745          |
|    total_timesteps      | 1589760      |
| train/                  |              |
|    approx_kl            | 0.0046695136 |
|    clip_fraction        | 0.0791       |
|    clip_range           | 0.2          |
|    entropy_loss         | -0.228       |
|    explained_variance   | 0.735        |
|    learning_rate        | 0.0003       |
|    loss                 | 0.00213      |
|    n_updates            | 570          |
|    policy_gradient_loss | -0.00162     |
|    std                  | 0.271        |
|    value_loss           | 0.0131       |
------------------------------------------
-----------------------------------------
| rollout/                |             |
|    ep_len_mean          | 645         |
|    ep_rew_mean          | 56.7        |
| time/                   |             |
|    fps                  | 2134        |
|    iterations           | 116         |
|    time_elapsed         | 751         |
|    total_timesteps      | 1603584     |
| train/                  |             |
|    approx_kl            | 0.005021878 |
|    clip_fraction        | 0.0627      |
|    clip_range           | 0.2         |
|    entropy_loss         | -0.222      |
|    explained_variance   | 0.816       |
|    learning_rate        | 0.0003      |
|    loss                 | 0.0112      |
|    n_updates            | 575         |
|    policy_gradient_loss | -0.00132    |
|    std                  | 0.27        |
|    value_loss           | 0.0464      |
-----------------------------------------
-----------------------------------------
| rollout/                |             |
|    ep_len_mean          | 628         |
|    ep_rew_mean          | 55.7        |
| time/                   |             |
|    fps                  | 2137        |
|    iterations           | 117         |
|    time_elapsed         | 756         |
|    total_timesteps      | 1617408     |
| train/                  |             |
|    approx_kl            | 0.007713094 |
|    clip_fraction        | 0.139       |
|    clip_range           | 0.2         |
|    entropy_loss         | -0.22       |
|    explained_variance   | 0.765       |
|    learning_rate        | 0.0003      |
|    loss                 | 0.0264      |
|    n_updates            | 580         |
|    policy_gradient_loss | 0.00153     |
|    std                  | 0.27        |
|    value_loss           | 0.0565      |
-----------------------------------------
-----------------------------------------
| rollout/                |             |
|    ep_len_mean          | 511         |
|    ep_rew_mean          | 44.8        |
| time/                   |             |
|    fps                  | 2143        |
|    iterations           | 118         |
|    time_elapsed         | 761         |
|    total_timesteps      | 1631232     |
| train/                  |             |
|    approx_kl            | 0.008899551 |
|    clip_fraction        | 0.0793      |
|    clip_range           | 0.2         |
|    entropy_loss         | -0.212      |
|    explained_variance   | 0.533       |
|    learning_rate        | 0.0003      |
|    loss                 | 0.00741     |
|    n_updates            | 585         |
|    policy_gradient_loss | -0.00164    |
|    std                  | 0.268       |
|    value_loss           | 0.0247      |
-----------------------------------------
------------------------------------------
| rollout/                |              |
|    ep_len_mean          | 552          |
|    ep_rew_mean          | 48.6         |
| time/                   |              |
|    fps                  | 2148         |
|    iterations           | 119          |
|    time_elapsed         | 765          |
|    total_timesteps      | 1645056      |
| train/                  |              |
|    approx_kl            | 0.0069643855 |
|    clip_fraction        | 0.101        |
|    clip_range           | 0.2          |
|    entropy_loss         | -0.204       |
|    explained_variance   | 0.839        |
|    learning_rate        | 0.0003       |
|    loss                 | 0.00749      |
|    n_updates            | 590          |
|    policy_gradient_loss | -0.00244     |
|    std                  | 0.268        |
|    value_loss           | 0.0409       |
------------------------------------------
-----------------------------------------
| rollout/                |             |
|    ep_len_mean          | 583         |
|    ep_rew_mean          | 51.5        |
| time/                   |             |
|    fps                  | 2153        |
|    iterations           | 120         |
|    time_elapsed         | 770         |
|    total_timesteps      | 1658880     |
| train/                  |             |
|    approx_kl            | 0.006548073 |
|    clip_fraction        | 0.099       |
|    clip_range           | 0.2         |
|    entropy_loss         | -0.207      |
|    explained_variance   | 0.703       |
|    learning_rate        | 0.0003      |
|    loss                 | 0.00913     |
|    n_updates            | 595         |
|    policy_gradient_loss | -0.000795   |
|    std                  | 0.268       |
|    value_loss           | 0.0281      |
-----------------------------------------
-----------------------------------------
| rollout/                |             |
|    ep_len_mean          | 752         |
|    ep_rew_mean          | 67.3        |
| time/                   |             |
|    fps                  | 2157        |
|    iterations           | 121         |
|    time_elapsed         | 775         |
|    total_timesteps      | 1672704     |
| train/                  |             |
|    approx_kl            | 0.005678013 |
|    clip_fraction        | 0.0718      |
|    clip_range           | 0.2         |
|    entropy_loss         | -0.205      |
|    explained_variance   | 0.736       |
|    learning_rate        | 0.0003      |
|    loss                 | 0.00686     |
|    n_updates            | 600         |
|    policy_gradient_loss | -0.00278    |
|    std                  | 0.268       |
|    value_loss           | 0.0268      |
-----------------------------------------
-----------------------------------------
| rollout/                |             |
|    ep_len_mean          | 665         |
|    ep_rew_mean          | 59.2        |
| time/                   |             |
|    fps                  | 2161        |
|    iterations           | 122         |
|    time_elapsed         | 780         |
|    total_timesteps      | 1686528     |
| train/                  |             |
|    approx_kl            | 0.007008355 |
|    clip_fraction        | 0.062       |
|    clip_range           | 0.2         |
|    entropy_loss         | -0.204      |
|    explained_variance   | 0.697       |
|    learning_rate        | 0.0003      |
|    loss                 | 0.0224      |
|    n_updates            | 605         |
|    policy_gradient_loss | -0.00202    |
|    std                  | 0.268       |
|    value_loss           | 0.0719      |
-----------------------------------------
------------------------------------------
| rollout/                |              |
|    ep_len_mean          | 721          |
|    ep_rew_mean          | 64.9         |
| time/                   |              |
|    fps                  | 2167         |
|    iterations           | 123          |
|    time_elapsed         | 784          |
|    total_timesteps      | 1700352      |
| train/                  |              |
|    approx_kl            | 0.0042695487 |
|    clip_fraction        | 0.0466       |
|    clip_range           | 0.2          |
|    entropy_loss         | -0.197       |
|    explained_variance   | 0.883        |
|    learning_rate        | 0.0003       |
|    loss                 | 0.0101       |
|    n_updates            | 610          |
|    policy_gradient_loss | -0.00148     |
|    std                  | 0.267        |
|    value_loss           | 0.032        |
------------------------------------------
------------------------------------------
| rollout/                |              |
|    ep_len_mean          | 731          |
|    ep_rew_mean          | 65.6         |
| time/                   |              |
|    fps                  | 2171         |
|    iterations           | 124          |
|    time_elapsed         | 789          |
|    total_timesteps      | 1714176      |
| train/                  |              |
|    approx_kl            | 0.0072755455 |
|    clip_fraction        | 0.0713       |
|    clip_range           | 0.2          |
|    entropy_loss         | -0.195       |
|    explained_variance   | 0.862        |
|    learning_rate        | 0.0003       |
|    loss                 | 0.00745      |
|    n_updates            | 615          |
|    policy_gradient_loss | -0.000503    |
|    std                  | 0.267        |
|    value_loss           | 0.0183       |
------------------------------------------
------------------------------------------
| rollout/                |              |
|    ep_len_mean          | 716          |
|    ep_rew_mean          | 64.1         |
| time/                   |              |
|    fps                  | 2175         |
|    iterations           | 125          |
|    time_elapsed         | 794          |
|    total_timesteps      | 1728000      |
| train/                  |              |
|    approx_kl            | 0.0051178653 |
|    clip_fraction        | 0.0948       |
|    clip_range           | 0.2          |
|    entropy_loss         | -0.192       |
|    explained_variance   | 0.751        |
|    learning_rate        | 0.0003       |
|    loss                 | 0.0122       |
|    n_updates            | 620          |
|    policy_gradient_loss | -0.000988    |
|    std                  | 0.266        |
|    value_loss           | 0.035        |
------------------------------------------
------------------------------------------
| rollout/                |              |
|    ep_len_mean          | 733          |
|    ep_rew_mean          | 65.7         |
| time/                   |              |
|    fps                  | 2178         |
|    iterations           | 126          |
|    time_elapsed         | 799          |
|    total_timesteps      | 1741824      |
| train/                  |              |
|    approx_kl            | 0.0119482875 |
|    clip_fraction        | 0.083        |
|    clip_range           | 0.2          |
|    entropy_loss         | -0.187       |
|    explained_variance   | 0.646        |
|    learning_rate        | 0.0003       |
|    loss                 | 0.0172       |
|    n_updates            | 625          |
|    policy_gradient_loss | -0.00132     |
|    std                  | 0.266        |
|    value_loss           | 0.0461       |
------------------------------------------
------------------------------------------
| rollout/                |              |
|    ep_len_mean          | 699          |
|    ep_rew_mean          | 62.4         |
| time/                   |              |
|    fps                  | 2182         |
|    iterations           | 127          |
|    time_elapsed         | 804          |
|    total_timesteps      | 1755648      |
| train/                  |              |
|    approx_kl            | 0.0059433538 |
|    clip_fraction        | 0.0573       |
|    clip_range           | 0.2          |
|    entropy_loss         | -0.187       |
|    explained_variance   | 0.817        |
|    learning_rate        | 0.0003       |
|    loss                 | 0.0171       |
|    n_updates            | 630          |
|    policy_gradient_loss | -0.00141     |
|    std                  | 0.266        |
|    value_loss           | 0.0409       |
------------------------------------------
------------------------------------------
| rollout/                |              |
|    ep_len_mean          | 588          |
|    ep_rew_mean          | 51.9         |
| time/                   |              |
|    fps                  | 2182         |
|    iterations           | 128          |
|    time_elapsed         | 810          |
|    total_timesteps      | 1769472      |
| train/                  |              |
|    approx_kl            | 0.0038688027 |
|    clip_fraction        | 0.0917       |
|    clip_range           | 0.2          |
|    entropy_loss         | -0.187       |
|    explained_variance   | 0.84         |
|    learning_rate        | 0.0003       |
|    loss                 | 0.017        |
|    n_updates            | 635          |
|    policy_gradient_loss | -0.000666    |
|    std                  | 0.265        |
|    value_loss           | 0.0493       |
------------------------------------------
-----------------------------------------
| rollout/                |             |
|    ep_len_mean          | 467         |
|    ep_rew_mean          | 40.7        |
| time/                   |             |
|    fps                  | 2186        |
|    iterations           | 129         |
|    time_elapsed         | 815         |
|    total_timesteps      | 1783296     |
| train/                  |             |
|    approx_kl            | 0.008127781 |
|    clip_fraction        | 0.0655      |
|    clip_range           | 0.2         |
|    entropy_loss         | -0.184      |
|    explained_variance   | 0.82        |
|    learning_rate        | 0.0003      |
|    loss                 | 0.0373      |
|    n_updates            | 640         |
|    policy_gradient_loss | -0.0011     |
|    std                  | 0.265       |
|    value_loss           | 0.0869      |
-----------------------------------------
------------------------------------------
| rollout/                |              |
|    ep_len_mean          | 415          |
|    ep_rew_mean          | 35.9         |
| time/                   |              |
|    fps                  | 2185         |
|    iterations           | 130          |
|    time_elapsed         | 822          |
|    total_timesteps      | 1797120      |
| train/                  |              |
|    approx_kl            | 0.0075440793 |
|    clip_fraction        | 0.0547       |
|    clip_range           | 0.2          |
|    entropy_loss         | -0.179       |
|    explained_variance   | 0.847        |
|    learning_rate        | 0.0003       |
|    loss                 | 0.0282       |
|    n_updates            | 645          |
|    policy_gradient_loss | -0.00143     |
|    std                  | 0.264        |
|    value_loss           | 0.0699       |
------------------------------------------
------------------------------------------
| rollout/                |              |
|    ep_len_mean          | 375          |
|    ep_rew_mean          | 32.4         |
| time/                   |              |
|    fps                  | 2189         |
|    iterations           | 131          |
|    time_elapsed         | 826          |
|    total_timesteps      | 1810944      |
| train/                  |              |
|    approx_kl            | 0.0046280287 |
|    clip_fraction        | 0.0414       |
|    clip_range           | 0.2          |
|    entropy_loss         | -0.174       |
|    explained_variance   | 0.872        |
|    learning_rate        | 0.0003       |
|    loss                 | 0.0288       |
|    n_updates            | 650          |
|    policy_gradient_loss | -0.00188     |
|    std                  | 0.264        |
|    value_loss           | 0.0606       |
------------------------------------------
-----------------------------------------
| rollout/                |             |
|    ep_len_mean          | 418         |
|    ep_rew_mean          | 36.3        |
| time/                   |             |
|    fps                  | 2191        |
|    iterations           | 132         |
|    time_elapsed         | 832         |
|    total_timesteps      | 1824768     |
| train/                  |             |
|    approx_kl            | 0.006246101 |
|    clip_fraction        | 0.059       |
|    clip_range           | 0.2         |
|    entropy_loss         | -0.171      |
|    explained_variance   | 0.884       |
|    learning_rate        | 0.0003      |
|    loss                 | 0.0156      |
|    n_updates            | 655         |
|    policy_gradient_loss | -0.00172    |
|    std                  | 0.263       |
|    value_loss           | 0.0432      |
-----------------------------------------
-----------------------------------------
| rollout/                |             |
|    ep_len_mean          | 439         |
|    ep_rew_mean          | 37.9        |
| time/                   |             |
|    fps                  | 2193        |
|    iterations           | 133         |
|    time_elapsed         | 838         |
|    total_timesteps      | 1838592     |
| train/                  |             |
|    approx_kl            | 0.006500058 |
|    clip_fraction        | 0.0788      |
|    clip_range           | 0.2         |
|    entropy_loss         | -0.167      |
|    explained_variance   | 0.847       |
|    learning_rate        | 0.0003      |
|    loss                 | 0.0733      |
|    n_updates            | 660         |
|    policy_gradient_loss | -0.000362   |
|    std                  | 0.263       |
|    value_loss           | 0.142       |
-----------------------------------------
----------------------------------------
| rollout/                |            |
|    ep_len_mean          | 510        |
|    ep_rew_mean          | 44.4       |
| time/                   |            |
|    fps                  | 2196       |
|    iterations           | 134        |
|    time_elapsed         | 843        |
|    total_timesteps      | 1852416    |
| train/                  |            |
|    approx_kl            | 0.00472408 |
|    clip_fraction        | 0.0777     |
|    clip_range           | 0.2        |
|    entropy_loss         | -0.162     |
|    explained_variance   | 0.702      |
|    learning_rate        | 0.0003     |
|    loss                 | 0.0232     |
|    n_updates            | 665        |
|    policy_gradient_loss | -0.00183   |
|    std                  | 0.262      |
|    value_loss           | 0.063      |
----------------------------------------
------------------------------------------
| rollout/                |              |
|    ep_len_mean          | 463          |
|    ep_rew_mean          | 40.1         |
| time/                   |              |
|    fps                  | 2199         |
|    iterations           | 135          |
|    time_elapsed         | 848          |
|    total_timesteps      | 1866240      |
| train/                  |              |
|    approx_kl            | 0.0041353554 |
|    clip_fraction        | 0.0599       |
|    clip_range           | 0.2          |
|    entropy_loss         | -0.152       |
|    explained_variance   | 0.869        |
|    learning_rate        | 0.0003       |
|    loss                 | 0.0167       |
|    n_updates            | 670          |
|    policy_gradient_loss | -0.00224     |
|    std                  | 0.26         |
|    value_loss           | 0.0609       |
------------------------------------------
-----------------------------------------
| rollout/                |             |
|    ep_len_mean          | 584         |
|    ep_rew_mean          | 51.1        |
| time/                   |             |
|    fps                  | 2203        |
|    iterations           | 136         |
|    time_elapsed         | 853         |
|    total_timesteps      | 1880064     |
| train/                  |             |
|    approx_kl            | 0.004289473 |
|    clip_fraction        | 0.0551      |
|    clip_range           | 0.2         |
|    entropy_loss         | -0.144      |
|    explained_variance   | 0.831       |
|    learning_rate        | 0.0003      |
|    loss                 | 0.0229      |
|    n_updates            | 675         |
|    policy_gradient_loss | -0.00174    |
|    std                  | 0.26        |
|    value_loss           | 0.0594      |
-----------------------------------------
-----------------------------------------
| rollout/                |             |
|    ep_len_mean          | 584         |
|    ep_rew_mean          | 51.1        |
| time/                   |             |
|    fps                  | 2207        |
|    iterations           | 137         |
|    time_elapsed         | 857         |
|    total_timesteps      | 1893888     |
| train/                  |             |
|    approx_kl            | 0.006855063 |
|    clip_fraction        | 0.0517      |
|    clip_range           | 0.2         |
|    entropy_loss         | -0.144      |
|    explained_variance   | 0.853       |
|    learning_rate        | 0.0003      |
|    loss                 | 0.0179      |
|    n_updates            | 680         |
|    policy_gradient_loss | -0.00156    |
|    std                  | 0.26        |
|    value_loss           | 0.0343      |
-----------------------------------------
----------------------------------------
| rollout/                |            |
|    ep_len_mean          | 626        |
|    ep_rew_mean          | 55.5       |
| time/                   |            |
|    fps                  | 2213       |
|    iterations           | 138        |
|    time_elapsed         | 861        |
|    total_timesteps      | 1907712    |
| train/                  |            |
|    approx_kl            | 0.00550176 |
|    clip_fraction        | 0.0627     |
|    clip_range           | 0.2        |
|    entropy_loss         | -0.144     |
|    explained_variance   | 0.593      |
|    learning_rate        | 0.0003     |
|    loss                 | 0.00639    |
|    n_updates            | 685        |
|    policy_gradient_loss | -0.00216   |
|    std                  | 0.259      |
|    value_loss           | 0.0146     |
----------------------------------------
------------------------------------------
| rollout/                |              |
|    ep_len_mean          | 703          |
|    ep_rew_mean          | 63.1         |
| time/                   |              |
|    fps                  | 2216         |
|    iterations           | 139          |
|    time_elapsed         | 866          |
|    total_timesteps      | 1921536      |
| train/                  |              |
|    approx_kl            | 0.0063868556 |
|    clip_fraction        | 0.0951       |
|    clip_range           | 0.2          |
|    entropy_loss         | -0.138       |
|    explained_variance   | 0.894        |
|    learning_rate        | 0.0003       |
|    loss                 | -0.00135     |
|    n_updates            | 690          |
|    policy_gradient_loss | -0.00305     |
|    std                  | 0.259        |
|    value_loss           | 0.00978      |
------------------------------------------
-----------------------------------------
| rollout/                |             |
|    ep_len_mean          | 744         |
|    ep_rew_mean          | 66.3        |
| time/                   |             |
|    fps                  | 2221        |
|    iterations           | 140         |
|    time_elapsed         | 871         |
|    total_timesteps      | 1935360     |
| train/                  |             |
|    approx_kl            | 0.006331121 |
|    clip_fraction        | 0.0902      |
|    clip_range           | 0.2         |
|    entropy_loss         | -0.14       |
|    explained_variance   | 0.806       |
|    learning_rate        | 0.0003      |
|    loss                 | 0.00678     |
|    n_updates            | 695         |
|    policy_gradient_loss | -1.66e-05   |
|    std                  | 0.26        |
|    value_loss           | 0.0164      |
-----------------------------------------
----------------------------------------
| rollout/                |            |
|    ep_len_mean          | 744        |
|    ep_rew_mean          | 66.3       |
| time/                   |            |
|    fps                  | 2225       |
|    iterations           | 141        |
|    time_elapsed         | 875        |
|    total_timesteps      | 1949184    |
| train/                  |            |
|    approx_kl            | 0.00631541 |
|    clip_fraction        | 0.0521     |
|    clip_range           | 0.2        |
|    entropy_loss         | -0.142     |
|    explained_variance   | 0.836      |
|    learning_rate        | 0.0003     |
|    loss                 | 0.0433     |
|    n_updates            | 700        |
|    policy_gradient_loss | -0.00206   |
|    std                  | 0.26       |
|    value_loss           | 0.1        |
----------------------------------------
------------------------------------------
| rollout/                |              |
|    ep_len_mean          | 596          |
|    ep_rew_mean          | 53.1         |
| time/                   |              |
|    fps                  | 2229         |
|    iterations           | 142          |
|    time_elapsed         | 880          |
|    total_timesteps      | 1963008      |
| train/                  |              |
|    approx_kl            | 0.0038302105 |
|    clip_fraction        | 0.0423       |
|    clip_range           | 0.2          |
|    entropy_loss         | -0.139       |
|    explained_variance   | 0.43         |
|    learning_rate        | 0.0003       |
|    loss                 | 0.00676      |
|    n_updates            | 705          |
|    policy_gradient_loss | -0.0023      |
|    std                  | 0.259        |
|    value_loss           | 0.0194       |
------------------------------------------
----------------------------------------
| rollout/                |            |
|    ep_len_mean          | 604        |
|    ep_rew_mean          | 53.8       |
| time/                   |            |
|    fps                  | 2231       |
|    iterations           | 143        |
|    time_elapsed         | 885        |
|    total_timesteps      | 1976832    |
| train/                  |            |
|    approx_kl            | 0.00879437 |
|    clip_fraction        | 0.057      |
|    clip_range           | 0.2        |
|    entropy_loss         | -0.131     |
|    explained_variance   | 0.89       |
|    learning_rate        | 0.0003     |
|    loss                 | 0.00647    |
|    n_updates            | 710        |
|    policy_gradient_loss | -0.00215   |
|    std                  | 0.258      |
|    value_loss           | 0.0133     |
----------------------------------------
------------------------------------------
| rollout/                |              |
|    ep_len_mean          | 586          |
|    ep_rew_mean          | 52.6         |
| time/                   |              |
|    fps                  | 2234         |
|    iterations           | 144          |
|    time_elapsed         | 890          |
|    total_timesteps      | 1990656      |
| train/                  |              |
|    approx_kl            | 0.0050453683 |
|    clip_fraction        | 0.0431       |
|    clip_range           | 0.2          |
|    entropy_loss         | -0.132       |
|    explained_variance   | 0.895        |
|    learning_rate        | 0.0003       |
|    loss                 | 0.00792      |
|    n_updates            | 715          |
|    policy_gradient_loss | -0.00104     |
|    std                  | 0.258        |
|    value_loss           | 0.0266       |
------------------------------------------
[eval] {'steps': 2000025, 'wall_s': 30.5, 'success': 3, 'crash_free': 3, 'restored': 8, 'n': 8, 'crashes': 1.0, 'sep_violation_s': 0.0, 'mean_err_m': 0.72375, 'final_rms_m': 0.42125}
------------------------------------------
| rollout/                |              |
|    ep_len_mean          | 499          |
|    ep_rew_mean          | 43.9         |
| time/                   |              |
|    fps                  | 2161         |
|    iterations           | 145          |
|    time_elapsed         | 927          |
|    total_timesteps      | 2004480      |
| train/                  |              |
|    approx_kl            | 0.0048436183 |
|    clip_fraction        | 0.0705       |
|    clip_range           | 0.2          |
|    entropy_loss         | -0.132       |
|    explained_variance   | 0.874        |
|    learning_rate        | 0.0003       |
|    loss                 | 0.036        |
|    n_updates            | 720          |
|    policy_gradient_loss | -0.00166     |
|    std                  | 0.258        |
|    value_loss           | 0.0817       |
------------------------------------------
------------------------------------------
| rollout/                |              |
|    ep_len_mean          | 525          |
|    ep_rew_mean          | 46.5         |
| time/                   |              |
|    fps                  | 2165         |
|    iterations           | 146          |
|    time_elapsed         | 932          |
|    total_timesteps      | 2018304      |
| train/                  |              |
|    approx_kl            | 0.0055757198 |
|    clip_fraction        | 0.0636       |
|    clip_range           | 0.2          |
|    entropy_loss         | -0.132       |
|    explained_variance   | 0.796        |
|    learning_rate        | 0.0003       |
|    loss                 | 0.037        |
|    n_updates            | 725          |
|    policy_gradient_loss | -0.00202     |
|    std                  | 0.258        |
|    value_loss           | 0.112        |
------------------------------------------
-----------------------------------------
| rollout/                |             |
|    ep_len_mean          | 472         |
|    ep_rew_mean          | 41.4        |
| time/                   |             |
|    fps                  | 2168        |
|    iterations           | 147         |
|    time_elapsed         | 937         |
|    total_timesteps      | 2032128     |
| train/                  |             |
|    approx_kl            | 0.006423153 |
|    clip_fraction        | 0.0734      |
|    clip_range           | 0.2         |
|    entropy_loss         | -0.133      |
|    explained_variance   | 0.841       |
|    learning_rate        | 0.0003      |
|    loss                 | 0.0269      |
|    n_updates            | 730         |
|    policy_gradient_loss | -0.00242    |
|    std                  | 0.259       |
|    value_loss           | 0.0671      |
-----------------------------------------
----------------------------------------
| rollout/                |            |
|    ep_len_mean          | 515        |
|    ep_rew_mean          | 45.2       |
| time/                   |            |
|    fps                  | 2171       |
|    iterations           | 148        |
|    time_elapsed         | 942        |
|    total_timesteps      | 2045952    |
| train/                  |            |
|    approx_kl            | 0.00847903 |
|    clip_fraction        | 0.0724     |
|    clip_range           | 0.2        |
|    entropy_loss         | -0.134     |
|    explained_variance   | 0.833      |
|    learning_rate        | 0.0003     |
|    loss                 | 0.0211     |
|    n_updates            | 735        |
|    policy_gradient_loss | -0.00293   |
|    std                  | 0.259      |
|    value_loss           | 0.0482     |
----------------------------------------
-----------------------------------------
| rollout/                |             |
|    ep_len_mean          | 567         |
|    ep_rew_mean          | 50.3        |
| time/                   |             |
|    fps                  | 2173        |
|    iterations           | 149         |
|    time_elapsed         | 947         |
|    total_timesteps      | 2059776     |
| train/                  |             |
|    approx_kl            | 0.005908012 |
|    clip_fraction        | 0.0715      |
|    clip_range           | 0.2         |
|    entropy_loss         | -0.132      |
|    explained_variance   | 0.813       |
|    learning_rate        | 0.0003      |
|    loss                 | 0.0209      |
|    n_updates            | 740         |
|    policy_gradient_loss | -0.00151    |
|    std                  | 0.258       |
|    value_loss           | 0.0561      |
-----------------------------------------
-----------------------------------------
| rollout/                |             |
|    ep_len_mean          | 561         |
|    ep_rew_mean          | 49.9        |
| time/                   |             |
|    fps                  | 2175        |
|    iterations           | 150         |
|    time_elapsed         | 953         |
|    total_timesteps      | 2073600     |
| train/                  |             |
|    approx_kl            | 0.014377312 |
|    clip_fraction        | 0.151       |
|    clip_range           | 0.2         |
|    entropy_loss         | -0.131      |
|    explained_variance   | 0.895       |
|    learning_rate        | 0.0003      |
|    loss                 | 0.02        |
|    n_updates            | 745         |
|    policy_gradient_loss | 0.00158     |
|    std                  | 0.258       |
|    value_loss           | 0.04        |
-----------------------------------------
------------------------------------------
| rollout/                |              |
|    ep_len_mean          | 618          |
|    ep_rew_mean          | 55.4         |
| time/                   |              |
|    fps                  | 2176         |
|    iterations           | 151          |
|    time_elapsed         | 959          |
|    total_timesteps      | 2087424      |
| train/                  |              |
|    approx_kl            | 0.0038660855 |
|    clip_fraction        | 0.037        |
|    clip_range           | 0.2          |
|    entropy_loss         | -0.128       |
|    explained_variance   | 0.905        |
|    learning_rate        | 0.0003       |
|    loss                 | 0.024        |
|    n_updates            | 750          |
|    policy_gradient_loss | -0.000246    |
|    std                  | 0.258        |
|    value_loss           | 0.0488       |
------------------------------------------
-----------------------------------------
| rollout/                |             |
|    ep_len_mean          | 597         |
|    ep_rew_mean          | 53.2        |
| time/                   |             |
|    fps                  | 2177        |
|    iterations           | 152         |
|    time_elapsed         | 964         |
|    total_timesteps      | 2101248     |
| train/                  |             |
|    approx_kl            | 0.006223619 |
|    clip_fraction        | 0.0498      |
|    clip_range           | 0.2         |
|    entropy_loss         | -0.126      |
|    explained_variance   | 0.802       |
|    learning_rate        | 0.0003      |
|    loss                 | 0.0213      |
|    n_updates            | 755         |
|    policy_gradient_loss | -0.00258    |
|    std                  | 0.257       |
|    value_loss           | 0.0608      |
-----------------------------------------
-----------------------------------------
| rollout/                |             |
|    ep_len_mean          | 529         |
|    ep_rew_mean          | 46.8        |
| time/                   |             |
|    fps                  | 2178        |
|    iterations           | 153         |
|    time_elapsed         | 970         |
|    total_timesteps      | 2115072     |
| train/                  |             |
|    approx_kl            | 0.007959637 |
|    clip_fraction        | 0.0744      |
|    clip_range           | 0.2         |
|    entropy_loss         | -0.117      |
|    explained_variance   | 0.867       |
|    learning_rate        | 0.0003      |
|    loss                 | 0.0136      |
|    n_updates            | 760         |
|    policy_gradient_loss | -0.00122    |
|    std                  | 0.256       |
|    value_loss           | 0.0303      |
-----------------------------------------
-----------------------------------------
| rollout/                |             |
|    ep_len_mean          | 578         |
|    ep_rew_mean          | 51.4        |
| time/                   |             |
|    fps                  | 2180        |
|    iterations           | 154         |
|    time_elapsed         | 976         |
|    total_timesteps      | 2128896     |
| train/                  |             |
|    approx_kl            | 0.008756067 |
|    clip_fraction        | 0.128       |
|    clip_range           | 0.2         |
|    entropy_loss         | -0.111      |
|    explained_variance   | 0.817       |
|    learning_rate        | 0.0003      |
|    loss                 | 0.0483      |
|    n_updates            | 765         |
|    policy_gradient_loss | 0.000621    |
|    std                  | 0.255       |
|    value_loss           | 0.0993      |
-----------------------------------------
------------------------------------------
| rollout/                |              |
|    ep_len_mean          | 671          |
|    ep_rew_mean          | 59.9         |
| time/                   |              |
|    fps                  | 2183         |
|    iterations           | 155          |
|    time_elapsed         | 981          |
|    total_timesteps      | 2142720      |
| train/                  |              |
|    approx_kl            | 0.0052792467 |
|    clip_fraction        | 0.116        |
|    clip_range           | 0.2          |
|    entropy_loss         | -0.107       |
|    explained_variance   | 0.788        |
|    learning_rate        | 0.0003       |
|    loss                 | 0.00349      |
|    n_updates            | 770          |
|    policy_gradient_loss | -0.000589    |
|    std                  | 0.255        |
|    value_loss           | 0.0108       |
------------------------------------------
----------------------------------------
| rollout/                |            |
|    ep_len_mean          | 704        |
|    ep_rew_mean          | 63.5       |
| time/                   |            |
|    fps                  | 2184       |
|    iterations           | 156        |
|    time_elapsed         | 987        |
|    total_timesteps      | 2156544    |
| train/                  |            |
|    approx_kl            | 0.00573162 |
|    clip_fraction        | 0.0926     |
|    clip_range           | 0.2        |
|    entropy_loss         | -0.104     |
|    explained_variance   | 0.888      |
|    learning_rate        | 0.0003     |
|    loss                 | 0.0032     |
|    n_updates            | 775        |
|    policy_gradient_loss | -0.000335  |
|    std                  | 0.255      |
|    value_loss           | 0.0161     |
----------------------------------------
-----------------------------------------
| rollout/                |             |
|    ep_len_mean          | 558         |
|    ep_rew_mean          | 49.8        |
| time/                   |             |
|    fps                  | 2185        |
|    iterations           | 157         |
|    time_elapsed         | 992         |
|    total_timesteps      | 2170368     |
| train/                  |             |
|    approx_kl            | 0.007635077 |
|    clip_fraction        | 0.0712      |
|    clip_range           | 0.2         |
|    entropy_loss         | -0.101      |
|    explained_variance   | 0.854       |
|    learning_rate        | 0.0003      |
|    loss                 | 0.024       |
|    n_updates            | 780         |
|    policy_gradient_loss | -0.00158    |
|    std                  | 0.255       |
|    value_loss           | 0.0595      |
-----------------------------------------
-----------------------------------------
| rollout/                |             |
|    ep_len_mean          | 593         |
|    ep_rew_mean          | 53          |
| time/                   |             |
|    fps                  | 2190        |
|    iterations           | 158         |
|    time_elapsed         | 997         |
|    total_timesteps      | 2184192     |
| train/                  |             |
|    approx_kl            | 0.013075213 |
|    clip_fraction        | 0.0876      |
|    clip_range           | 0.2         |
|    entropy_loss         | -0.1        |
|    explained_variance   | 0.875       |
|    learning_rate        | 0.0003      |
|    loss                 | 0.045       |
|    n_updates            | 785         |
|    policy_gradient_loss | -0.000397   |
|    std                  | 0.254       |
|    value_loss           | 0.0881      |
-----------------------------------------
------------------------------------------
| rollout/                |              |
|    ep_len_mean          | 460          |
|    ep_rew_mean          | 41           |
| time/                   |              |
|    fps                  | 2190         |
|    iterations           | 159          |
|    time_elapsed         | 1003         |
|    total_timesteps      | 2198016      |
| train/                  |              |
|    approx_kl            | 0.0068867803 |
|    clip_fraction        | 0.0793       |
|    clip_range           | 0.2          |
|    entropy_loss         | -0.0962      |
|    explained_variance   | 0.642        |
|    learning_rate        | 0.0003       |
|    loss                 | -0.0019      |
|    n_updates            | 790          |
|    policy_gradient_loss | -0.00154     |
|    std                  | 0.254        |
|    value_loss           | 0.00484      |
------------------------------------------
-----------------------------------------
| rollout/                |             |
|    ep_len_mean          | 455         |
|    ep_rew_mean          | 40.5        |
| time/                   |             |
|    fps                  | 2192        |
|    iterations           | 160         |
|    time_elapsed         | 1008        |
|    total_timesteps      | 2211840     |
| train/                  |             |
|    approx_kl            | 0.008446641 |
|    clip_fraction        | 0.0684      |
|    clip_range           | 0.2         |
|    entropy_loss         | -0.0914     |
|    explained_variance   | 0.892       |
|    learning_rate        | 0.0003      |
|    loss                 | 0.0195      |
|    n_updates            | 795         |
|    policy_gradient_loss | -0.000855   |
|    std                  | 0.253       |
|    value_loss           | 0.0351      |
-----------------------------------------
-----------------------------------------
| rollout/                |             |
|    ep_len_mean          | 607         |
|    ep_rew_mean          | 54.8        |
| time/                   |             |
|    fps                  | 2197        |
|    iterations           | 161         |
|    time_elapsed         | 1012        |
|    total_timesteps      | 2225664     |
| train/                  |             |
|    approx_kl            | 0.006671188 |
|    clip_fraction        | 0.126       |
|    clip_range           | 0.2         |
|    entropy_loss         | -0.0887     |
|    explained_variance   | 0.84        |
|    learning_rate        | 0.0003      |
|    loss                 | 0.0128      |
|    n_updates            | 800         |
|    policy_gradient_loss | -0.00126    |
|    std                  | 0.253       |
|    value_loss           | 0.0445      |
-----------------------------------------
------------------------------------------
| rollout/                |              |
|    ep_len_mean          | 563          |
|    ep_rew_mean          | 49.5         |
| time/                   |              |
|    fps                  | 2202         |
|    iterations           | 162          |
|    time_elapsed         | 1016         |
|    total_timesteps      | 2239488      |
| train/                  |              |
|    approx_kl            | 0.0059143393 |
|    clip_fraction        | 0.08         |
|    clip_range           | 0.2          |
|    entropy_loss         | -0.0863      |
|    explained_variance   | 0.705        |
|    learning_rate        | 0.0003       |
|    loss                 | 0.0159       |
|    n_updates            | 805          |
|    policy_gradient_loss | -0.00286     |
|    std                  | 0.253        |
|    value_loss           | 0.0677       |
------------------------------------------
------------------------------------------
| rollout/                |              |
|    ep_len_mean          | 587          |
|    ep_rew_mean          | 51.5         |
| time/                   |              |
|    fps                  | 2207         |
|    iterations           | 163          |
|    time_elapsed         | 1020         |
|    total_timesteps      | 2253312      |
| train/                  |              |
|    approx_kl            | 0.0059318584 |
|    clip_fraction        | 0.0708       |
|    clip_range           | 0.2          |
|    entropy_loss         | -0.0857      |
|    explained_variance   | 0.829        |
|    learning_rate        | 0.0003       |
|    loss                 | 0.0401       |
|    n_updates            | 810          |
|    policy_gradient_loss | -0.00324     |
|    std                  | 0.253        |
|    value_loss           | 0.122        |
------------------------------------------
----------------------------------------
| rollout/                |            |
|    ep_len_mean          | 597        |
|    ep_rew_mean          | 52.4       |
| time/                   |            |
|    fps                  | 2212       |
|    iterations           | 164        |
|    time_elapsed         | 1024       |
|    total_timesteps      | 2267136    |
| train/                  |            |
|    approx_kl            | 0.01209665 |
|    clip_fraction        | 0.0867     |
|    clip_range           | 0.2        |
|    entropy_loss         | -0.0836    |
|    explained_variance   | 0.791      |
|    learning_rate        | 0.0003     |
|    loss                 | 0.0292     |
|    n_updates            | 815        |
|    policy_gradient_loss | -0.00146   |
|    std                  | 0.252      |
|    value_loss           | 0.0724     |
----------------------------------------
-----------------------------------------
| rollout/                |             |
|    ep_len_mean          | 558         |
|    ep_rew_mean          | 48.9        |
| time/                   |             |
|    fps                  | 2216        |
|    iterations           | 165         |
|    time_elapsed         | 1028        |
|    total_timesteps      | 2280960     |
| train/                  |             |
|    approx_kl            | 0.011238453 |
|    clip_fraction        | 0.0939      |
|    clip_range           | 0.2         |
|    entropy_loss         | -0.0766     |
|    explained_variance   | 0.89        |
|    learning_rate        | 0.0003      |
|    loss                 | 0.0241      |
|    n_updates            | 820         |
|    policy_gradient_loss | -0.00111    |
|    std                  | 0.251       |
|    value_loss           | 0.043       |
-----------------------------------------
-----------------------------------------
| rollout/                |             |
|    ep_len_mean          | 607         |
|    ep_rew_mean          | 53.5        |
| time/                   |             |
|    fps                  | 2222        |
|    iterations           | 166         |
|    time_elapsed         | 1032        |
|    total_timesteps      | 2294784     |
| train/                  |             |
|    approx_kl            | 0.008373319 |
|    clip_fraction        | 0.0917      |
|    clip_range           | 0.2         |
|    entropy_loss         | -0.0727     |
|    explained_variance   | 0.812       |
|    learning_rate        | 0.0003      |
|    loss                 | 0.0318      |
|    n_updates            | 825         |
|    policy_gradient_loss | -0.00169    |
|    std                  | 0.251       |
|    value_loss           | 0.0643      |
-----------------------------------------
-----------------------------------------
| rollout/                |             |
|    ep_len_mean          | 532         |
|    ep_rew_mean          | 46.7        |
| time/                   |             |
|    fps                  | 2228        |
|    iterations           | 167         |
|    time_elapsed         | 1035        |
|    total_timesteps      | 2308608     |
| train/                  |             |
|    approx_kl            | 0.009235294 |
|    clip_fraction        | 0.0762      |
|    clip_range           | 0.2         |
|    entropy_loss         | -0.07       |
|    explained_variance   | 0.879       |
|    learning_rate        | 0.0003      |
|    loss                 | 0.025       |
|    n_updates            | 830         |
|    policy_gradient_loss | -9.18e-05   |
|    std                  | 0.25        |
|    value_loss           | 0.0552      |
-----------------------------------------
------------------------------------------
| rollout/                |              |
|    ep_len_mean          | 531          |
|    ep_rew_mean          | 46.9         |
| time/                   |              |
|    fps                  | 2233         |
|    iterations           | 168          |
|    time_elapsed         | 1039         |
|    total_timesteps      | 2322432      |
| train/                  |              |
|    approx_kl            | 0.0050348537 |
|    clip_fraction        | 0.0336       |
|    clip_range           | 0.2          |
|    entropy_loss         | -0.0666      |
|    explained_variance   | 0.835        |
|    learning_rate        | 0.0003       |
|    loss                 | 0.0316       |
|    n_updates            | 835          |
|    policy_gradient_loss | -0.00174     |
|    std                  | 0.25         |
|    value_loss           | 0.0786       |
------------------------------------------
-----------------------------------------
| rollout/                |             |
|    ep_len_mean          | 491         |
|    ep_rew_mean          | 42.9        |
| time/                   |             |
|    fps                  | 2239        |
|    iterations           | 169         |
|    time_elapsed         | 1043        |
|    total_timesteps      | 2336256     |
| train/                  |             |
|    approx_kl            | 0.006846881 |
|    clip_fraction        | 0.0538      |
|    clip_range           | 0.2         |
|    entropy_loss         | -0.0628     |
|    explained_variance   | 0.811       |
|    learning_rate        | 0.0003      |
|    loss                 | 0.0308      |
|    n_updates            | 840         |
|    policy_gradient_loss | -0.0016     |
|    std                  | 0.249       |
|    value_loss           | 0.0755      |
-----------------------------------------
-----------------------------------------
| rollout/                |             |
|    ep_len_mean          | 485         |
|    ep_rew_mean          | 42.6        |
| time/                   |             |
|    fps                  | 2245        |
|    iterations           | 170         |
|    time_elapsed         | 1046        |
|    total_timesteps      | 2350080     |
| train/                  |             |
|    approx_kl            | 0.008551703 |
|    clip_fraction        | 0.0773      |
|    clip_range           | 0.2         |
|    entropy_loss         | -0.0562     |
|    explained_variance   | 0.856       |
|    learning_rate        | 0.0003      |
|    loss                 | 0.0202      |
|    n_updates            | 845         |
|    policy_gradient_loss | -0.00122    |
|    std                  | 0.249       |
|    value_loss           | 0.0535      |
-----------------------------------------
-----------------------------------------
| rollout/                |             |
|    ep_len_mean          | 522         |
|    ep_rew_mean          | 46.2        |
| time/                   |             |
|    fps                  | 2252        |
|    iterations           | 171         |
|    time_elapsed         | 1049        |
|    total_timesteps      | 2363904     |
| train/                  |             |
|    approx_kl            | 0.010741259 |
|    clip_fraction        | 0.126       |
|    clip_range           | 0.2         |
|    entropy_loss         | -0.0564     |
|    explained_variance   | 0.857       |
|    learning_rate        | 0.0003      |
|    loss                 | 0.0123      |
|    n_updates            | 850         |
|    policy_gradient_loss | 0.000323    |
|    std                  | 0.249       |
|    value_loss           | 0.0228      |
-----------------------------------------
------------------------------------------
| rollout/                |              |
|    ep_len_mean          | 639          |
|    ep_rew_mean          | 56.8         |
| time/                   |              |
|    fps                  | 2256         |
|    iterations           | 172          |
|    time_elapsed         | 1053         |
|    total_timesteps      | 2377728      |
| train/                  |              |
|    approx_kl            | 0.0048193224 |
|    clip_fraction        | 0.0632       |
|    clip_range           | 0.2          |
|    entropy_loss         | -0.0536      |
|    explained_variance   | 0.741        |
|    learning_rate        | 0.0003       |
|    loss                 | 0.00711      |
|    n_updates            | 855          |
|    policy_gradient_loss | -0.00131     |
|    std                  | 0.248        |
|    value_loss           | 0.0246       |
------------------------------------------
----------------------------------------
| rollout/                |            |
|    ep_len_mean          | 685        |
|    ep_rew_mean          | 61         |
| time/                   |            |
|    fps                  | 2262       |
|    iterations           | 173        |
|    time_elapsed         | 1057       |
|    total_timesteps      | 2391552    |
| train/                  |            |
|    approx_kl            | 0.00940417 |
|    clip_fraction        | 0.0973     |
|    clip_range           | 0.2        |
|    entropy_loss         | -0.0466    |
|    explained_variance   | 0.865      |
|    learning_rate        | 0.0003     |
|    loss                 | 0.029      |
|    n_updates            | 860        |
|    policy_gradient_loss | 0.000124   |
|    std                  | 0.247      |
|    value_loss           | 0.0598     |
----------------------------------------
------------------------------------------
| rollout/                |              |
|    ep_len_mean          | 576          |
|    ep_rew_mean          | 51           |
| time/                   |              |
|    fps                  | 2266         |
|    iterations           | 174          |
|    time_elapsed         | 1061         |
|    total_timesteps      | 2405376      |
| train/                  |              |
|    approx_kl            | 0.0052048904 |
|    clip_fraction        | 0.0579       |
|    clip_range           | 0.2          |
|    entropy_loss         | -0.0402      |
|    explained_variance   | 0.868        |
|    learning_rate        | 0.0003       |
|    loss                 | 0.0223       |
|    n_updates            | 865          |
|    policy_gradient_loss | -0.0019      |
|    std                  | 0.246        |
|    value_loss           | 0.0551       |
------------------------------------------
------------------------------------------
| rollout/                |              |
|    ep_len_mean          | 426          |
|    ep_rew_mean          | 37.1         |
| time/                   |              |
|    fps                  | 2270         |
|    iterations           | 175          |
|    time_elapsed         | 1065         |
|    total_timesteps      | 2419200      |
| train/                  |              |
|    approx_kl            | 0.0044932943 |
|    clip_fraction        | 0.0967       |
|    clip_range           | 0.2          |
|    entropy_loss         | -0.036       |
|    explained_variance   | 0.841        |
|    learning_rate        | 0.0003       |
|    loss                 | 0.0414       |
|    n_updates            | 870          |
|    policy_gradient_loss | -0.00024     |
|    std                  | 0.246        |
|    value_loss           | 0.106        |
------------------------------------------
-----------------------------------------
| rollout/                |             |
|    ep_len_mean          | 394         |
|    ep_rew_mean          | 34.2        |
| time/                   |             |
|    fps                  | 2274        |
|    iterations           | 176         |
|    time_elapsed         | 1069        |
|    total_timesteps      | 2433024     |
| train/                  |             |
|    approx_kl            | 0.010761847 |
|    clip_fraction        | 0.102       |
|    clip_range           | 0.2         |
|    entropy_loss         | -0.0339     |
|    explained_variance   | 0.868       |
|    learning_rate        | 0.0003      |
|    loss                 | 0.0659      |
|    n_updates            | 875         |
|    policy_gradient_loss | 3.22e-05    |
|    std                  | 0.246       |
|    value_loss           | 0.116       |
-----------------------------------------
-----------------------------------------
| rollout/                |             |
|    ep_len_mean          | 455         |
|    ep_rew_mean          | 40.1        |
| time/                   |             |
|    fps                  | 2277        |
|    iterations           | 177         |
|    time_elapsed         | 1074        |
|    total_timesteps      | 2446848     |
| train/                  |             |
|    approx_kl            | 0.008469084 |
|    clip_fraction        | 0.0697      |
|    clip_range           | 0.2         |
|    entropy_loss         | -0.0311     |
|    explained_variance   | 0.887       |
|    learning_rate        | 0.0003      |
|    loss                 | 0.019       |
|    n_updates            | 880         |
|    policy_gradient_loss | -0.00117    |
|    std                  | 0.246       |
|    value_loss           | 0.0415      |
-----------------------------------------
-----------------------------------------
| rollout/                |             |
|    ep_len_mean          | 431         |
|    ep_rew_mean          | 37.7        |
| time/                   |             |
|    fps                  | 2281        |
|    iterations           | 178         |
|    time_elapsed         | 1078        |
|    total_timesteps      | 2460672     |
| train/                  |             |
|    approx_kl            | 0.008259129 |
|    clip_fraction        | 0.0972      |
|    clip_range           | 0.2         |
|    entropy_loss         | -0.0301     |
|    explained_variance   | 0.862       |
|    learning_rate        | 0.0003      |
|    loss                 | 0.0182      |
|    n_updates            | 885         |
|    policy_gradient_loss | 0.000142    |
|    std                  | 0.245       |
|    value_loss           | 0.0441      |
-----------------------------------------
------------------------------------------
| rollout/                |              |
|    ep_len_mean          | 548          |
|    ep_rew_mean          | 48.8         |
| time/                   |              |
|    fps                  | 2287         |
|    iterations           | 179          |
|    time_elapsed         | 1081         |
|    total_timesteps      | 2474496      |
| train/                  |              |
|    approx_kl            | 0.0056715407 |
|    clip_fraction        | 0.0756       |
|    clip_range           | 0.2          |
|    entropy_loss         | -0.0284      |
|    explained_variance   | 0.863        |
|    learning_rate        | 0.0003       |
|    loss                 | 0.0193       |
|    n_updates            | 890          |
|    policy_gradient_loss | -0.00198     |
|    std                  | 0.246        |
|    value_loss           | 0.0462       |
------------------------------------------
-----------------------------------------
| rollout/                |             |
|    ep_len_mean          | 592         |
|    ep_rew_mean          | 52.9        |
| time/                   |             |
|    fps                  | 2292        |
|    iterations           | 180         |
|    time_elapsed         | 1085        |
|    total_timesteps      | 2488320     |
| train/                  |             |
|    approx_kl            | 0.007559202 |
|    clip_fraction        | 0.0647      |
|    clip_range           | 0.2         |
|    entropy_loss         | -0.0289     |
|    explained_variance   | 0.781       |
|    learning_rate        | 0.0003      |
|    loss                 | 0.0115      |
|    n_updates            | 895         |
|    policy_gradient_loss | -0.00175    |
|    std                  | 0.245       |
|    value_loss           | 0.021       |
-----------------------------------------
[eval] {'steps': 2500011, 'wall_s': 27.6, 'success': 2, 'crash_free': 2, 'restored': 8, 'n': 8, 'crashes': 1.625, 'sep_violation_s': 0.0, 'mean_err_m': 0.68625, 'final_rms_m': 0.46625}
------------------------------------------
| rollout/                |              |
|    ep_len_mean          | 588          |
|    ep_rew_mean          | 52.5         |
| time/                   |              |
|    fps                  | 2242         |
|    iterations           | 181          |
|    time_elapsed         | 1115         |
|    total_timesteps      | 2502144      |
| train/                  |              |
|    approx_kl            | 0.0053348653 |
|    clip_fraction        | 0.0619       |
|    clip_range           | 0.2          |
|    entropy_loss         | -0.0268      |
|    explained_variance   | 0.885        |
|    learning_rate        | 0.0003       |
|    loss                 | 0.0185       |
|    n_updates            | 900          |
|    policy_gradient_loss | -0.00167     |
|    std                  | 0.245        |
|    value_loss           | 0.045        |
------------------------------------------
------------------------------------------
| rollout/                |              |
|    ep_len_mean          | 653          |
|    ep_rew_mean          | 59           |
| time/                   |              |
|    fps                  | 2249         |
|    iterations           | 182          |
|    time_elapsed         | 1118         |
|    total_timesteps      | 2515968      |
| train/                  |              |
|    approx_kl            | 0.0062805233 |
|    clip_fraction        | 0.0751       |
|    clip_range           | 0.2          |
|    entropy_loss         | -0.0263      |
|    explained_variance   | 0.902        |
|    learning_rate        | 0.0003       |
|    loss                 | 0.00811      |
|    n_updates            | 905          |
|    policy_gradient_loss | -0.00371     |
|    std                  | 0.245        |
|    value_loss           | 0.0263       |
------------------------------------------
-----------------------------------------
| rollout/                |             |
|    ep_len_mean          | 691         |
|    ep_rew_mean          | 62.9        |
| time/                   |             |
|    fps                  | 2254        |
|    iterations           | 183         |
|    time_elapsed         | 1122        |
|    total_timesteps      | 2529792     |
| train/                  |             |
|    approx_kl            | 0.004202716 |
|    clip_fraction        | 0.0498      |
|    clip_range           | 0.2         |
|    entropy_loss         | -0.0186     |
|    explained_variance   | 0.817       |
|    learning_rate        | 0.0003      |
|    loss                 | -0.00241    |
|    n_updates            | 910         |
|    policy_gradient_loss | -0.000533   |
|    std                  | 0.243       |
|    value_loss           | 0.00259     |
-----------------------------------------
-----------------------------------------
| rollout/                |             |
|    ep_len_mean          | 699         |
|    ep_rew_mean          | 63.3        |
| time/                   |             |
|    fps                  | 2259        |
|    iterations           | 184         |
|    time_elapsed         | 1125        |
|    total_timesteps      | 2543616     |
| train/                  |             |
|    approx_kl            | 0.008378028 |
|    clip_fraction        | 0.149       |
|    clip_range           | 0.2         |
|    entropy_loss         | -0.00958    |
|    explained_variance   | 0.657       |
|    learning_rate        | 0.0003      |
|    loss                 | 0.0599      |
|    n_updates            | 915         |
|    policy_gradient_loss | -0.000755   |
|    std                  | 0.243       |
|    value_loss           | 0.113       |
-----------------------------------------
------------------------------------------
| rollout/                |              |
|    ep_len_mean          | 633          |
|    ep_rew_mean          | 57.2         |
| time/                   |              |
|    fps                  | 2263         |
|    iterations           | 185          |
|    time_elapsed         | 1129         |
|    total_timesteps      | 2557440      |
| train/                  |              |
|    approx_kl            | 0.0045980355 |
|    clip_fraction        | 0.0696       |
|    clip_range           | 0.2          |
|    entropy_loss         | -0.00817     |
|    explained_variance   | 0.868        |
|    learning_rate        | 0.0003       |
|    loss                 | 0.0144       |
|    n_updates            | 920          |
|    policy_gradient_loss | -0.00244     |
|    std                  | 0.243        |
|    value_loss           | 0.0466       |
------------------------------------------
------------------------------------------
| rollout/                |              |
|    ep_len_mean          | 480          |
|    ep_rew_mean          | 42.5         |
| time/                   |              |
|    fps                  | 2267         |
|    iterations           | 186          |
|    time_elapsed         | 1133         |
|    total_timesteps      | 2571264      |
| train/                  |              |
|    approx_kl            | 0.0076430775 |
|    clip_fraction        | 0.0826       |
|    clip_range           | 0.2          |
|    entropy_loss         | -0.0026      |
|    explained_variance   | 0.88         |
|    learning_rate        | 0.0003       |
|    loss                 | 0.0274       |
|    n_updates            | 925          |
|    policy_gradient_loss | -0.00151     |
|    std                  | 0.242        |
|    value_loss           | 0.0557       |
------------------------------------------
------------------------------------------
| rollout/                |              |
|    ep_len_mean          | 377          |
|    ep_rew_mean          | 33.2         |
| time/                   |              |
|    fps                  | 2271         |
|    iterations           | 187          |
|    time_elapsed         | 1138         |
|    total_timesteps      | 2585088      |
| train/                  |              |
|    approx_kl            | 0.0055065732 |
|    clip_fraction        | 0.0432       |
|    clip_range           | 0.2          |
|    entropy_loss         | 0.00423      |
|    explained_variance   | 0.891        |
|    learning_rate        | 0.0003       |
|    loss                 | 0.0352       |
|    n_updates            | 930          |
|    policy_gradient_loss | -0.00163     |
|    std                  | 0.241        |
|    value_loss           | 0.0903       |
------------------------------------------
------------------------------------------
| rollout/                |              |
|    ep_len_mean          | 412          |
|    ep_rew_mean          | 36.8         |
| time/                   |              |
|    fps                  | 2275         |
|    iterations           | 188          |
|    time_elapsed         | 1142         |
|    total_timesteps      | 2598912      |
| train/                  |              |
|    approx_kl            | 0.0044167037 |
|    clip_fraction        | 0.0465       |
|    clip_range           | 0.2          |
|    entropy_loss         | 0.01         |
|    explained_variance   | 0.857        |
|    learning_rate        | 0.0003       |
|    loss                 | 0.0523       |
|    n_updates            | 935          |
|    policy_gradient_loss | -0.00203     |
|    std                  | 0.241        |
|    value_loss           | 0.108        |
------------------------------------------
-----------------------------------------
| rollout/                |             |
|    ep_len_mean          | 362         |
|    ep_rew_mean          | 31.7        |
| time/                   |             |
|    fps                  | 2279        |
|    iterations           | 189         |
|    time_elapsed         | 1146        |
|    total_timesteps      | 2612736     |
| train/                  |             |
|    approx_kl            | 0.006998375 |
|    clip_fraction        | 0.0607      |
|    clip_range           | 0.2         |
|    entropy_loss         | 0.0154      |
|    explained_variance   | 0.894       |
|    learning_rate        | 0.0003      |
|    loss                 | 0.0164      |
|    n_updates            | 940         |
|    policy_gradient_loss | -0.00127    |
|    std                  | 0.24        |
|    value_loss           | 0.0401      |
-----------------------------------------
----------------------------------------
| rollout/                |            |
|    ep_len_mean          | 428        |
|    ep_rew_mean          | 38.2       |
| time/                   |            |
|    fps                  | 2282       |
|    iterations           | 190        |
|    time_elapsed         | 1150       |
|    total_timesteps      | 2626560    |
| train/                  |            |
|    approx_kl            | 0.00661823 |
|    clip_fraction        | 0.044      |
|    clip_range           | 0.2        |
|    entropy_loss         | 0.0207     |
|    explained_variance   | 0.849      |
|    learning_rate        | 0.0003     |
|    loss                 | 0.0422     |
|    n_updates            | 945        |
|    policy_gradient_loss | -0.00198   |
|    std                  | 0.239      |
|    value_loss           | 0.087      |
----------------------------------------
------------------------------------------
| rollout/                |              |
|    ep_len_mean          | 572          |
|    ep_rew_mean          | 50.6         |
| time/                   |              |
|    fps                  | 2285         |
|    iterations           | 191          |
|    time_elapsed         | 1155         |
|    total_timesteps      | 2640384      |
| train/                  |              |
|    approx_kl            | 0.0071510463 |
|    clip_fraction        | 0.0748       |
|    clip_range           | 0.2          |
|    entropy_loss         | 0.022        |
|    explained_variance   | 0.747        |
|    learning_rate        | 0.0003       |
|    loss                 | 0.0433       |
|    n_updates            | 950          |
|    policy_gradient_loss | 8.79e-05     |
|    std                  | 0.239        |
|    value_loss           | 0.0948       |
------------------------------------------
-----------------------------------------
| rollout/                |             |
|    ep_len_mean          | 569         |
|    ep_rew_mean          | 50.3        |
| time/                   |             |
|    fps                  | 2290        |
|    iterations           | 192         |
|    time_elapsed         | 1158        |
|    total_timesteps      | 2654208     |
| train/                  |             |
|    approx_kl            | 0.004731772 |
|    clip_fraction        | 0.0487      |
|    clip_range           | 0.2         |
|    entropy_loss         | 0.0262      |
|    explained_variance   | 0.779       |
|    learning_rate        | 0.0003      |
|    loss                 | 0.0415      |
|    n_updates            | 955         |
|    policy_gradient_loss | -0.00179    |
|    std                  | 0.238       |
|    value_loss           | 0.0815      |
-----------------------------------------
-----------------------------------------
| rollout/                |             |
|    ep_len_mean          | 636         |
|    ep_rew_mean          | 56.3        |
| time/                   |             |
|    fps                  | 2294        |
|    iterations           | 193         |
|    time_elapsed         | 1162        |
|    total_timesteps      | 2668032     |
| train/                  |             |
|    approx_kl            | 0.011866228 |
|    clip_fraction        | 0.0794      |
|    clip_range           | 0.2         |
|    entropy_loss         | 0.0314      |
|    explained_variance   | 0.869       |
|    learning_rate        | 0.0003      |
|    loss                 | 0.0121      |
|    n_updates            | 960         |
|    policy_gradient_loss | -0.000684   |
|    std                  | 0.238       |
|    value_loss           | 0.0295      |
-----------------------------------------
---------------------------------------
| rollout/                |           |
|    ep_len_mean          | 637       |
|    ep_rew_mean          | 56.4      |
| time/                   |           |
|    fps                  | 2299      |
|    iterations           | 194       |
|    time_elapsed         | 1166      |
|    total_timesteps      | 2681856   |
| train/                  |           |
|    approx_kl            | 0.0065291 |
|    clip_fraction        | 0.0945    |
|    clip_range           | 0.2       |
|    entropy_loss         | 0.0316    |
|    explained_variance   | 0.854     |
|    learning_rate        | 0.0003    |
|    loss                 | 0.0139    |
|    n_updates            | 965       |
|    policy_gradient_loss | -0.00138  |
|    std                  | 0.238     |
|    value_loss           | 0.0376    |
---------------------------------------
----------------------------------------
| rollout/                |            |
|    ep_len_mean          | 646        |
|    ep_rew_mean          | 57.4       |
| time/                   |            |
|    fps                  | 2303       |
|    iterations           | 195        |
|    time_elapsed         | 1170       |
|    total_timesteps      | 2695680    |
| train/                  |            |
|    approx_kl            | 0.01597183 |
|    clip_fraction        | 0.116      |
|    clip_range           | 0.2        |
|    entropy_loss         | 0.0322     |
|    explained_variance   | 0.93       |
|    learning_rate        | 0.0003     |
|    loss                 | 0.00293    |
|    n_updates            | 970        |
|    policy_gradient_loss | 3.5e-05    |
|    std                  | 0.238      |
|    value_loss           | 0.0141     |
----------------------------------------
-----------------------------------------
| rollout/                |             |
|    ep_len_mean          | 629         |
|    ep_rew_mean          | 56.5        |
| time/                   |             |
|    fps                  | 2305        |
|    iterations           | 196         |
|    time_elapsed         | 1175        |
|    total_timesteps      | 2709504     |
| train/                  |             |
|    approx_kl            | 0.010446031 |
|    clip_fraction        | 0.115       |
|    clip_range           | 0.2         |
|    entropy_loss         | 0.0325      |
|    explained_variance   | 0.872       |
|    learning_rate        | 0.0003      |
|    loss                 | 0.0165      |
|    n_updates            | 975         |
|    policy_gradient_loss | -0.000476   |
|    std                  | 0.238       |
|    value_loss           | 0.0289      |
-----------------------------------------
-----------------------------------------
| rollout/                |             |
|    ep_len_mean          | 670         |
|    ep_rew_mean          | 60.5        |
| time/                   |             |
|    fps                  | 2308        |
|    iterations           | 197         |
|    time_elapsed         | 1179        |
|    total_timesteps      | 2723328     |
| train/                  |             |
|    approx_kl            | 0.006078385 |
|    clip_fraction        | 0.0599      |
|    clip_range           | 0.2         |
|    entropy_loss         | 0.0332      |
|    explained_variance   | 0.87        |
|    learning_rate        | 0.0003      |
|    loss                 | 0.0057      |
|    n_updates            | 980         |
|    policy_gradient_loss | -0.00176    |
|    std                  | 0.238       |
|    value_loss           | 0.0249      |
-----------------------------------------
-----------------------------------------
| rollout/                |             |
|    ep_len_mean          | 633         |
|    ep_rew_mean          | 56.5        |
| time/                   |             |
|    fps                  | 2313        |
|    iterations           | 198         |
|    time_elapsed         | 1183        |
|    total_timesteps      | 2737152     |
| train/                  |             |
|    approx_kl            | 0.006888567 |
|    clip_fraction        | 0.0768      |
|    clip_range           | 0.2         |
|    entropy_loss         | 0.0379      |
|    explained_variance   | 0.834       |
|    learning_rate        | 0.0003      |
|    loss                 | 0.0207      |
|    n_updates            | 985         |
|    policy_gradient_loss | -0.000662   |
|    std                  | 0.237       |
|    value_loss           | 0.0724      |
-----------------------------------------
------------------------------------------
| rollout/                |              |
|    ep_len_mean          | 601          |
|    ep_rew_mean          | 52.8         |
| time/                   |              |
|    fps                  | 2317         |
|    iterations           | 199          |
|    time_elapsed         | 1187         |
|    total_timesteps      | 2750976      |
| train/                  |              |
|    approx_kl            | 0.0049788305 |
|    clip_fraction        | 0.0545       |
|    clip_range           | 0.2          |
|    entropy_loss         | 0.0398       |
|    explained_variance   | 0.842        |
|    learning_rate        | 0.0003       |
|    loss                 | 0.0214       |
|    n_updates            | 990          |
|    policy_gradient_loss | -0.00169     |
|    std                  | 0.237        |
|    value_loss           | 0.0574       |
------------------------------------------
-----------------------------------------
| rollout/                |             |
|    ep_len_mean          | 601         |
|    ep_rew_mean          | 52.8        |
| time/                   |             |
|    fps                  | 2320        |
|    iterations           | 200         |
|    time_elapsed         | 1191        |
|    total_timesteps      | 2764800     |
| train/                  |             |
|    approx_kl            | 0.008316775 |
|    clip_fraction        | 0.104       |
|    clip_range           | 0.2         |
|    entropy_loss         | 0.0426      |
|    explained_variance   | 0.903       |
|    learning_rate        | 0.0003      |
|    loss                 | 0.0286      |
|    n_updates            | 995         |
|    policy_gradient_loss | -0.00261    |
|    std                  | 0.237       |
|    value_loss           | 0.0556      |
-----------------------------------------
------------------------------------------
| rollout/                |              |
|    ep_len_mean          | 578          |
|    ep_rew_mean          | 50.8         |
| time/                   |              |
|    fps                  | 2324         |
|    iterations           | 201          |
|    time_elapsed         | 1195         |
|    total_timesteps      | 2778624      |
| train/                  |              |
|    approx_kl            | 0.0073395516 |
|    clip_fraction        | 0.0761       |
|    clip_range           | 0.2          |
|    entropy_loss         | 0.0462       |
|    explained_variance   | 0.657        |
|    learning_rate        | 0.0003       |
|    loss                 | 0.0104       |
|    n_updates            | 1000         |
|    policy_gradient_loss | -0.00184     |
|    std                  | 0.236        |
|    value_loss           | 0.0375       |
------------------------------------------
-----------------------------------------
| rollout/                |             |
|    ep_len_mean          | 553         |
|    ep_rew_mean          | 48.8        |
| time/                   |             |
|    fps                  | 2329        |
|    iterations           | 202         |
|    time_elapsed         | 1198        |
|    total_timesteps      | 2792448     |
| train/                  |             |
|    approx_kl            | 0.017118035 |
|    clip_fraction        | 0.104       |
|    clip_range           | 0.2         |
|    entropy_loss         | 0.0506      |
|    explained_variance   | 0.796       |
|    learning_rate        | 0.0003      |
|    loss                 | 0.0342      |
|    n_updates            | 1005        |
|    policy_gradient_loss | -0.000678   |
|    std                  | 0.236       |
|    value_loss           | 0.0833      |
-----------------------------------------
------------------------------------------
| rollout/                |              |
|    ep_len_mean          | 683          |
|    ep_rew_mean          | 61.2         |
| time/                   |              |
|    fps                  | 2334         |
|    iterations           | 203          |
|    time_elapsed         | 1202         |
|    total_timesteps      | 2806272      |
| train/                  |              |
|    approx_kl            | 0.0065192473 |
|    clip_fraction        | 0.0572       |
|    clip_range           | 0.2          |
|    entropy_loss         | 0.0544       |
|    explained_variance   | 0.882        |
|    learning_rate        | 0.0003       |
|    loss                 | 0.00998      |
|    n_updates            | 1010         |
|    policy_gradient_loss | -0.00269     |
|    std                  | 0.235        |
|    value_loss           | 0.0311       |
------------------------------------------
-----------------------------------------
| rollout/                |             |
|    ep_len_mean          | 539         |
|    ep_rew_mean          | 48.2        |
| time/                   |             |
|    fps                  | 2338        |
|    iterations           | 204         |
|    time_elapsed         | 1205        |
|    total_timesteps      | 2820096     |
| train/                  |             |
|    approx_kl            | 0.013056342 |
|    clip_fraction        | 0.0748      |
|    clip_range           | 0.2         |
|    entropy_loss         | 0.0607      |
|    explained_variance   | 0.87        |
|    learning_rate        | 0.0003      |
|    loss                 | 0.00672     |
|    n_updates            | 1015        |
|    policy_gradient_loss | -0.00274    |
|    std                  | 0.235       |
|    value_loss           | 0.0296      |
-----------------------------------------
-----------------------------------------
| rollout/                |             |
|    ep_len_mean          | 545         |
|    ep_rew_mean          | 49          |
| time/                   |             |
|    fps                  | 2342        |
|    iterations           | 205         |
|    time_elapsed         | 1209        |
|    total_timesteps      | 2833920     |
| train/                  |             |
|    approx_kl            | 0.006442907 |
|    clip_fraction        | 0.0682      |
|    clip_range           | 0.2         |
|    entropy_loss         | 0.0631      |
|    explained_variance   | 0.908       |
|    learning_rate        | 0.0003      |
|    loss                 | 0.0129      |
|    n_updates            | 1020        |
|    policy_gradient_loss | -0.00154    |
|    std                  | 0.234       |
|    value_loss           | 0.0344      |
-----------------------------------------
-----------------------------------------
| rollout/                |             |
|    ep_len_mean          | 682         |
|    ep_rew_mean          | 61.9        |
| time/                   |             |
|    fps                  | 2347        |
|    iterations           | 206         |
|    time_elapsed         | 1213        |
|    total_timesteps      | 2847744     |
| train/                  |             |
|    approx_kl            | 0.007489122 |
|    clip_fraction        | 0.223       |
|    clip_range           | 0.2         |
|    entropy_loss         | 0.0653      |
|    explained_variance   | 0.756       |
|    learning_rate        | 0.0003      |
|    loss                 | 0.00763     |
|    n_updates            | 1025        |
|    policy_gradient_loss | 0.00343     |
|    std                  | 0.234       |
|    value_loss           | 0.0236      |
-----------------------------------------
-----------------------------------------
| rollout/                |             |
|    ep_len_mean          | 739         |
|    ep_rew_mean          | 67.1        |
| time/                   |             |
|    fps                  | 2350        |
|    iterations           | 207         |
|    time_elapsed         | 1217        |
|    total_timesteps      | 2861568     |
| train/                  |             |
|    approx_kl            | 0.006058339 |
|    clip_fraction        | 0.109       |
|    clip_range           | 0.2         |
|    entropy_loss         | 0.0691      |
|    explained_variance   | 0.878       |
|    learning_rate        | 0.0003      |
|    loss                 | 0.00144     |
|    n_updates            | 1030        |
|    policy_gradient_loss | 7.39e-05    |
|    std                  | 0.234       |
|    value_loss           | 0.00787     |
-----------------------------------------
------------------------------------------
| rollout/                |              |
|    ep_len_mean          | 871          |
|    ep_rew_mean          | 79.2         |
| time/                   |              |
|    fps                  | 2354         |
|    iterations           | 208          |
|    time_elapsed         | 1221         |
|    total_timesteps      | 2875392      |
| train/                  |              |
|    approx_kl            | 0.0043763136 |
|    clip_fraction        | 0.0861       |
|    clip_range           | 0.2          |
|    entropy_loss         | 0.073        |
|    explained_variance   | 0.853        |
|    learning_rate        | 0.0003       |
|    loss                 | 0.000755     |
|    n_updates            | 1035         |
|    policy_gradient_loss | -0.00164     |
|    std                  | 0.233        |
|    value_loss           | 0.014        |
------------------------------------------
-----------------------------------------
| rollout/                |             |
|    ep_len_mean          | 732         |
|    ep_rew_mean          | 66          |
| time/                   |             |
|    fps                  | 2357        |
|    iterations           | 209         |
|    time_elapsed         | 1225        |
|    total_timesteps      | 2889216     |
| train/                  |             |
|    approx_kl            | 0.007114818 |
|    clip_fraction        | 0.0951      |
|    clip_range           | 0.2         |
|    entropy_loss         | 0.0783      |
|    explained_variance   | 0.847       |
|    learning_rate        | 0.0003      |
|    loss                 | 0.0025      |
|    n_updates            | 1040        |
|    policy_gradient_loss | -0.00114    |
|    std                  | 0.232       |
|    value_loss           | 0.0126      |
-----------------------------------------
----------------------------------------
| rollout/                |            |
|    ep_len_mean          | 694        |
|    ep_rew_mean          | 61.9       |
| time/                   |            |
|    fps                  | 2359       |
|    iterations           | 210        |
|    time_elapsed         | 1230       |
|    total_timesteps      | 2903040    |
| train/                  |            |
|    approx_kl            | 0.01228412 |
|    clip_fraction        | 0.0941     |
|    clip_range           | 0.2        |
|    entropy_loss         | 0.0824     |
|    explained_variance   | 0.812      |
|    learning_rate        | 0.0003     |
|    loss                 | 0.00758    |
|    n_updates            | 1045       |
|    policy_gradient_loss | -0.00271   |
|    std                  | 0.232      |
|    value_loss           | 0.0535     |
----------------------------------------
------------------------------------------
| rollout/                |              |
|    ep_len_mean          | 479          |
|    ep_rew_mean          | 41.7         |
| time/                   |              |
|    fps                  | 2360         |
|    iterations           | 211          |
|    time_elapsed         | 1235         |
|    total_timesteps      | 2916864      |
| train/                  |              |
|    approx_kl            | 0.0043954705 |
|    clip_fraction        | 0.125        |
|    clip_range           | 0.2          |
|    entropy_loss         | 0.0853       |
|    explained_variance   | 0.877        |
|    learning_rate        | 0.0003       |
|    loss                 | 0.0158       |
|    n_updates            | 1050         |
|    policy_gradient_loss | -0.00041     |
|    std                  | 0.232        |
|    value_loss           | 0.047        |
------------------------------------------
-----------------------------------------
| rollout/                |             |
|    ep_len_mean          | 502         |
|    ep_rew_mean          | 44.2        |
| time/                   |             |
|    fps                  | 2361        |
|    iterations           | 212         |
|    time_elapsed         | 1241        |
|    total_timesteps      | 2930688     |
| train/                  |             |
|    approx_kl            | 0.008412401 |
|    clip_fraction        | 0.0863      |
|    clip_range           | 0.2         |
|    entropy_loss         | 0.0888      |
|    explained_variance   | 0.904       |
|    learning_rate        | 0.0003      |
|    loss                 | 0.026       |
|    n_updates            | 1055        |
|    policy_gradient_loss | -0.00132    |
|    std                  | 0.231       |
|    value_loss           | 0.0639      |
-----------------------------------------
------------------------------------------
| rollout/                |              |
|    ep_len_mean          | 448          |
|    ep_rew_mean          | 39.6         |
| time/                   |              |
|    fps                  | 2361         |
|    iterations           | 213          |
|    time_elapsed         | 1246         |
|    total_timesteps      | 2944512      |
| train/                  |              |
|    approx_kl            | 0.0056270473 |
|    clip_fraction        | 0.107        |
|    clip_range           | 0.2          |
|    entropy_loss         | 0.0935       |
|    explained_variance   | 0.904        |
|    learning_rate        | 0.0003       |
|    loss                 | 0.0149       |
|    n_updates            | 1060         |
|    policy_gradient_loss | -0.000643    |
|    std                  | 0.231        |
|    value_loss           | 0.0403       |
------------------------------------------
-----------------------------------------
| rollout/                |             |
|    ep_len_mean          | 458         |
|    ep_rew_mean          | 40.7        |
| time/                   |             |
|    fps                  | 2363        |
|    iterations           | 214         |
|    time_elapsed         | 1251        |
|    total_timesteps      | 2958336     |
| train/                  |             |
|    approx_kl            | 0.007367423 |
|    clip_fraction        | 0.0872      |
|    clip_range           | 0.2         |
|    entropy_loss         | 0.0978      |
|    explained_variance   | 0.883       |
|    learning_rate        | 0.0003      |
|    loss                 | 0.0237      |
|    n_updates            | 1065        |
|    policy_gradient_loss | -0.00216    |
|    std                  | 0.23        |
|    value_loss           | 0.0621      |
-----------------------------------------
-----------------------------------------
| rollout/                |             |
|    ep_len_mean          | 576         |
|    ep_rew_mean          | 51.5        |
| time/                   |             |
|    fps                  | 2352        |
|    iterations           | 215         |
|    time_elapsed         | 1263        |
|    total_timesteps      | 2972160     |
| train/                  |             |
|    approx_kl            | 0.010719684 |
|    clip_fraction        | 0.0777      |
|    clip_range           | 0.2         |
|    entropy_loss         | 0.1         |
|    explained_variance   | 0.882       |
|    learning_rate        | 0.0003      |
|    loss                 | 0.013       |
|    n_updates            | 1070        |
|    policy_gradient_loss | -0.000409   |
|    std                  | 0.23        |
|    value_loss           | 0.0386      |
-----------------------------------------
------------------------------------------
| rollout/                |              |
|    ep_len_mean          | 520          |
|    ep_rew_mean          | 46.2         |
| time/                   |              |
|    fps                  | 2353         |
|    iterations           | 216          |
|    time_elapsed         | 1269         |
|    total_timesteps      | 2985984      |
| train/                  |              |
|    approx_kl            | 0.0062944056 |
|    clip_fraction        | 0.043        |
|    clip_range           | 0.2          |
|    entropy_loss         | 0.106        |
|    explained_variance   | 0.831        |
|    learning_rate        | 0.0003       |
|    loss                 | 0.0452       |
|    n_updates            | 1075         |
|    policy_gradient_loss | -0.00198     |
|    std                  | 0.229        |
|    value_loss           | 0.1          |
------------------------------------------
-----------------------------------------
| rollout/                |             |
|    ep_len_mean          | 575         |
|    ep_rew_mean          | 51.6        |
| time/                   |             |
|    fps                  | 2356        |
|    iterations           | 217         |
|    time_elapsed         | 1273        |
|    total_timesteps      | 2999808     |
| train/                  |             |
|    approx_kl            | 0.009243553 |
|    clip_fraction        | 0.0869      |
|    clip_range           | 0.2         |
|    entropy_loss         | 0.111       |
|    explained_variance   | 0.87        |
|    learning_rate        | 0.0003      |
|    loss                 | 0.0159      |
|    n_updates            | 1080        |
|    policy_gradient_loss | -0.00262    |
|    std                  | 0.229       |
|    value_loss           | 0.0373      |
-----------------------------------------
[eval] {'steps': 3000024, 'wall_s': 26.7, 'success': 3, 'crash_free': 3, 'restored': 8, 'n': 8, 'crashes': 0.875, 'sep_violation_s': 0.0, 'mean_err_m': 0.8200000000000001, 'final_rms_m': 0.38375000000000004}
-----------------------------------------
| rollout/                |             |
|    ep_len_mean          | 637         |
|    ep_rew_mean          | 56.9        |
| time/                   |             |
|    fps                  | 2310        |
|    iterations           | 218         |
|    time_elapsed         | 1304        |
|    total_timesteps      | 3013632     |
| train/                  |             |
|    approx_kl            | 0.010225675 |
|    clip_fraction        | 0.136       |
|    clip_range           | 0.2         |
|    entropy_loss         | 0.113       |
|    explained_variance   | 0.76        |
|    learning_rate        | 0.0003      |
|    loss                 | 0.0136      |
|    n_updates            | 1085        |
|    policy_gradient_loss | 6.96e-05    |
|    std                  | 0.229       |
|    value_loss           | 0.0334      |
-----------------------------------------
-----------------------------------------
| rollout/                |             |
|    ep_len_mean          | 575         |
|    ep_rew_mean          | 50.8        |
| time/                   |             |
|    fps                  | 2314        |
|    iterations           | 219         |
|    time_elapsed         | 1308        |
|    total_timesteps      | 3027456     |
| train/                  |             |
|    approx_kl            | 0.006726652 |
|    clip_fraction        | 0.0617      |
|    clip_range           | 0.2         |
|    entropy_loss         | 0.117       |
|    explained_variance   | 0.858       |
|    learning_rate        | 0.0003      |
|    loss                 | 0.039       |
|    n_updates            | 1090        |
|    policy_gradient_loss | -0.00169    |
|    std                  | 0.228       |
|    value_loss           | 0.0913      |
-----------------------------------------
-----------------------------------------
| rollout/                |             |
|    ep_len_mean          | 611         |
|    ep_rew_mean          | 54.5        |
| time/                   |             |
|    fps                  | 2317        |
|    iterations           | 220         |
|    time_elapsed         | 1312        |
|    total_timesteps      | 3041280     |
| train/                  |             |
|    approx_kl            | 0.006425929 |
|    clip_fraction        | 0.0572      |
|    clip_range           | 0.2         |
|    entropy_loss         | 0.119       |
|    explained_variance   | 0.842       |
|    learning_rate        | 0.0003      |
|    loss                 | 0.016       |
|    n_updates            | 1095        |
|    policy_gradient_loss | -0.000945   |
|    std                  | 0.228       |
|    value_loss           | 0.0443      |
-----------------------------------------
-----------------------------------------
| rollout/                |             |
|    ep_len_mean          | 643         |
|    ep_rew_mean          | 57          |
| time/                   |             |
|    fps                  | 2321        |
|    iterations           | 221         |
|    time_elapsed         | 1316        |
|    total_timesteps      | 3055104     |
| train/                  |             |
|    approx_kl            | 0.008593732 |
|    clip_fraction        | 0.146       |
|    clip_range           | 0.2         |
|    entropy_loss         | 0.124       |
|    explained_variance   | 0.858       |
|    learning_rate        | 0.0003      |
|    loss                 | 0.00628     |
|    n_updates            | 1100        |
|    policy_gradient_loss | 0.00104     |
|    std                  | 0.227       |
|    value_loss           | 0.0312      |
-----------------------------------------
------------------------------------------
| rollout/                |              |
|    ep_len_mean          | 586          |
|    ep_rew_mean          | 50.5         |
| time/                   |              |
|    fps                  | 2324         |
|    iterations           | 222          |
|    time_elapsed         | 1320         |
|    total_timesteps      | 3068928      |
| train/                  |              |
|    approx_kl            | 0.0077173742 |
|    clip_fraction        | 0.072        |
|    clip_range           | 0.2          |
|    entropy_loss         | 0.127        |
|    explained_variance   | 0.836        |
|    learning_rate        | 0.0003       |
|    loss                 | 0.0453       |
|    n_updates            | 1105         |
|    policy_gradient_loss | -0.000683    |
|    std                  | 0.227        |
|    value_loss           | 0.0864       |
------------------------------------------
------------------------------------------
| rollout/                |              |
|    ep_len_mean          | 613          |
|    ep_rew_mean          | 53.3         |
| time/                   |              |
|    fps                  | 2329         |
|    iterations           | 223          |
|    time_elapsed         | 1323         |
|    total_timesteps      | 3082752      |
| train/                  |              |
|    approx_kl            | 0.0044042226 |
|    clip_fraction        | 0.0486       |
|    clip_range           | 0.2          |
|    entropy_loss         | 0.131        |
|    explained_variance   | 0.861        |
|    learning_rate        | 0.0003       |
|    loss                 | 0.0254       |
|    n_updates            | 1110         |
|    policy_gradient_loss | -0.00164     |
|    std                  | 0.227        |
|    value_loss           | 0.0755       |
------------------------------------------
----------------------------------------
| rollout/                |            |
|    ep_len_mean          | 724        |
|    ep_rew_mean          | 63.9       |
| time/                   |            |
|    fps                  | 2334       |
|    iterations           | 224        |
|    time_elapsed         | 1326       |
|    total_timesteps      | 3096576    |
| train/                  |            |
|    approx_kl            | 0.01477211 |
|    clip_fraction        | 0.124      |
|    clip_range           | 0.2        |
|    entropy_loss         | 0.134      |
|    explained_variance   | 0.646      |
|    learning_rate        | 0.0003     |
|    loss                 | 0.00137    |
|    n_updates            | 1115       |
|    policy_gradient_loss | -0.00267   |
|    std                  | 0.226      |
|    value_loss           | 0.00547    |
----------------------------------------
-----------------------------------------
| rollout/                |             |
|    ep_len_mean          | 690         |
|    ep_rew_mean          | 60.9        |
| time/                   |             |
|    fps                  | 2338        |
|    iterations           | 225         |
|    time_elapsed         | 1330        |
|    total_timesteps      | 3110400     |
| train/                  |             |
|    approx_kl            | 0.008056416 |
|    clip_fraction        | 0.106       |
|    clip_range           | 0.2         |
|    entropy_loss         | 0.142       |
|    explained_variance   | 0.873       |
|    learning_rate        | 0.0003      |
|    loss                 | 0.00403     |
|    n_updates            | 1120        |
|    policy_gradient_loss | -0.00071    |
|    std                  | 0.225       |
|    value_loss           | 0.0231      |
-----------------------------------------
------------------------------------------
| rollout/                |              |
|    ep_len_mean          | 760          |
|    ep_rew_mean          | 67.5         |
| time/                   |              |
|    fps                  | 2342         |
|    iterations           | 226          |
|    time_elapsed         | 1333         |
|    total_timesteps      | 3124224      |
| train/                  |              |
|    approx_kl            | 0.0063147508 |
|    clip_fraction        | 0.0899       |
|    clip_range           | 0.2          |
|    entropy_loss         | 0.148        |
|    explained_variance   | 0.839        |
|    learning_rate        | 0.0003       |
|    loss                 | 0.00807      |
|    n_updates            | 1125         |
|    policy_gradient_loss | -0.0022      |
|    std                  | 0.225        |
|    value_loss           | 0.0209       |
------------------------------------------
-----------------------------------------
| rollout/                |             |
|    ep_len_mean          | 797         |
|    ep_rew_mean          | 71.3        |
| time/                   |             |
|    fps                  | 2345        |
|    iterations           | 227         |
|    time_elapsed         | 1337        |
|    total_timesteps      | 3138048     |
| train/                  |             |
|    approx_kl            | 0.009374189 |
|    clip_fraction        | 0.103       |
|    clip_range           | 0.2         |
|    entropy_loss         | 0.149       |
|    explained_variance   | 0.877       |
|    learning_rate        | 0.0003      |
|    loss                 | 0.0184      |
|    n_updates            | 1130        |
|    policy_gradient_loss | 0.000231    |
|    std                  | 0.225       |
|    value_loss           | 0.0334      |
-----------------------------------------
----------------------------------------
| rollout/                |            |
|    ep_len_mean          | 788        |
|    ep_rew_mean          | 70.8       |
| time/                   |            |
|    fps                  | 2348       |
|    iterations           | 228        |
|    time_elapsed         | 1341       |
|    total_timesteps      | 3151872    |
| train/                  |            |
|    approx_kl            | 0.00940103 |
|    clip_fraction        | 0.118      |
|    clip_range           | 0.2        |
|    entropy_loss         | 0.152      |
|    explained_variance   | 0.743      |
|    learning_rate        | 0.0003     |
|    loss                 | 0.0207     |
|    n_updates            | 1135       |
|    policy_gradient_loss | 0.000128   |
|    std                  | 0.224      |
|    value_loss           | 0.0472     |
----------------------------------------
-----------------------------------------
| rollout/                |             |
|    ep_len_mean          | 867         |
|    ep_rew_mean          | 78.6        |
| time/                   |             |
|    fps                  | 2351        |
|    iterations           | 229         |
|    time_elapsed         | 1346        |
|    total_timesteps      | 3165696     |
| train/                  |             |
|    approx_kl            | 0.010635361 |
|    clip_fraction        | 0.14        |
|    clip_range           | 0.2         |
|    entropy_loss         | 0.156       |
|    explained_variance   | 0.848       |
|    learning_rate        | 0.0003      |
|    loss                 | 0.0213      |
|    n_updates            | 1140        |
|    policy_gradient_loss | 0.00016     |
|    std                  | 0.224       |
|    value_loss           | 0.0494      |
-----------------------------------------
-----------------------------------------
| rollout/                |             |
|    ep_len_mean          | 960         |
|    ep_rew_mean          | 86.5        |
| time/                   |             |
|    fps                  | 2354        |
|    iterations           | 230         |
|    time_elapsed         | 1350        |
|    total_timesteps      | 3179520     |
| train/                  |             |
|    approx_kl            | 0.012114438 |
|    clip_fraction        | 0.0953      |
|    clip_range           | 0.2         |
|    entropy_loss         | 0.156       |
|    explained_variance   | 0.806       |
|    learning_rate        | 0.0003      |
|    loss                 | 0.0112      |
|    n_updates            | 1145        |
|    policy_gradient_loss | -0.000599   |
|    std                  | 0.224       |
|    value_loss           | 0.0324      |
-----------------------------------------
-----------------------------------------
| rollout/                |             |
|    ep_len_mean          | 861         |
|    ep_rew_mean          | 76.1        |
| time/                   |             |
|    fps                  | 2357        |
|    iterations           | 231         |
|    time_elapsed         | 1354        |
|    total_timesteps      | 3193344     |
| train/                  |             |
|    approx_kl            | 0.007580144 |
|    clip_fraction        | 0.0849      |
|    clip_range           | 0.2         |
|    entropy_loss         | 0.159       |
|    explained_variance   | 0.69        |
|    learning_rate        | 0.0003      |
|    loss                 | 0.00834     |
|    n_updates            | 1150        |
|    policy_gradient_loss | -0.00247    |
|    std                  | 0.223       |
|    value_loss           | 0.0241      |
-----------------------------------------
-----------------------------------------
| rollout/                |             |
|    ep_len_mean          | 841         |
|    ep_rew_mean          | 73.7        |
| time/                   |             |
|    fps                  | 2360        |
|    iterations           | 232         |
|    time_elapsed         | 1358        |
|    total_timesteps      | 3207168     |
| train/                  |             |
|    approx_kl            | 0.005981657 |
|    clip_fraction        | 0.0787      |
|    clip_range           | 0.2         |
|    entropy_loss         | 0.162       |
|    explained_variance   | 0.857       |
|    learning_rate        | 0.0003      |
|    loss                 | 0.0192      |
|    n_updates            | 1155        |
|    policy_gradient_loss | -0.00159    |
|    std                  | 0.224       |
|    value_loss           | 0.0515      |
-----------------------------------------
------------------------------------------
| rollout/                |              |
|    ep_len_mean          | 798          |
|    ep_rew_mean          | 69.3         |
| time/                   |              |
|    fps                  | 2363         |
|    iterations           | 233          |
|    time_elapsed         | 1362         |
|    total_timesteps      | 3220992      |
| train/                  |              |
|    approx_kl            | 0.0048015774 |
|    clip_fraction        | 0.064        |
|    clip_range           | 0.2          |
|    entropy_loss         | 0.157        |
|    explained_variance   | 0.863        |
|    learning_rate        | 0.0003       |
|    loss                 | 0.0114       |
|    n_updates            | 1160         |
|    policy_gradient_loss | -0.0022      |
|    std                  | 0.224        |
|    value_loss           | 0.043        |
------------------------------------------
------------------------------------------
| rollout/                |              |
|    ep_len_mean          | 725          |
|    ep_rew_mean          | 62.5         |
| time/                   |              |
|    fps                  | 2366         |
|    iterations           | 234          |
|    time_elapsed         | 1366         |
|    total_timesteps      | 3234816      |
| train/                  |              |
|    approx_kl            | 0.0059529077 |
|    clip_fraction        | 0.0623       |
|    clip_range           | 0.2          |
|    entropy_loss         | 0.156        |
|    explained_variance   | 0.832        |
|    learning_rate        | 0.0003       |
|    loss                 | 0.0149       |
|    n_updates            | 1165         |
|    policy_gradient_loss | -0.00279     |
|    std                  | 0.224        |
|    value_loss           | 0.0526       |
------------------------------------------
------------------------------------------
| rollout/                |              |
|    ep_len_mean          | 616          |
|    ep_rew_mean          | 53.5         |
| time/                   |              |
|    fps                  | 2370         |
|    iterations           | 235          |
|    time_elapsed         | 1370         |
|    total_timesteps      | 3248640      |
| train/                  |              |
|    approx_kl            | 0.0045916545 |
|    clip_fraction        | 0.0825       |
|    clip_range           | 0.2          |
|    entropy_loss         | 0.154        |
|    explained_variance   | 0.909        |
|    learning_rate        | 0.0003       |
|    loss                 | 0.0137       |
|    n_updates            | 1170         |
|    policy_gradient_loss | -0.000678    |
|    std                  | 0.224        |
|    value_loss           | 0.0316       |
------------------------------------------
-----------------------------------------
| rollout/                |             |
|    ep_len_mean          | 586         |
|    ep_rew_mean          | 51.4        |
| time/                   |             |
|    fps                  | 2373        |
|    iterations           | 236         |
|    time_elapsed         | 1374        |
|    total_timesteps      | 3262464     |
| train/                  |             |
|    approx_kl            | 0.010229772 |
|    clip_fraction        | 0.106       |
|    clip_range           | 0.2         |
|    entropy_loss         | 0.154       |
|    explained_variance   | 0.893       |
|    learning_rate        | 0.0003      |
|    loss                 | 0.0204      |
|    n_updates            | 1175        |
|    policy_gradient_loss | -9.58e-05   |
|    std                  | 0.224       |
|    value_loss           | 0.0479      |
-----------------------------------------
-----------------------------------------
| rollout/                |             |
|    ep_len_mean          | 640         |
|    ep_rew_mean          | 56.5        |
| time/                   |             |
|    fps                  | 2377        |
|    iterations           | 237         |
|    time_elapsed         | 1378        |
|    total_timesteps      | 3276288     |
| train/                  |             |
|    approx_kl            | 0.009228536 |
|    clip_fraction        | 0.0895      |
|    clip_range           | 0.2         |
|    entropy_loss         | 0.155       |
|    explained_variance   | 0.872       |
|    learning_rate        | 0.0003      |
|    loss                 | 0.0365      |
|    n_updates            | 1180        |
|    policy_gradient_loss | -0.000555   |
|    std                  | 0.224       |
|    value_loss           | 0.0725      |
-----------------------------------------
-----------------------------------------
| rollout/                |             |
|    ep_len_mean          | 645         |
|    ep_rew_mean          | 57.3        |
| time/                   |             |
|    fps                  | 2380        |
|    iterations           | 238         |
|    time_elapsed         | 1382        |
|    total_timesteps      | 3290112     |
| train/                  |             |
|    approx_kl            | 0.009093349 |
|    clip_fraction        | 0.0766      |
|    clip_range           | 0.2         |
|    entropy_loss         | 0.158       |
|    explained_variance   | 0.893       |
|    learning_rate        | 0.0003      |
|    loss                 | 0.0173      |
|    n_updates            | 1185        |
|    policy_gradient_loss | -0.000649   |
|    std                  | 0.224       |
|    value_loss           | 0.0404      |
-----------------------------------------
-----------------------------------------
| rollout/                |             |
|    ep_len_mean          | 546         |
|    ep_rew_mean          | 47.9        |
| time/                   |             |
|    fps                  | 2382        |
|    iterations           | 239         |
|    time_elapsed         | 1386        |
|    total_timesteps      | 3303936     |
| train/                  |             |
|    approx_kl            | 0.010103048 |
|    clip_fraction        | 0.122       |
|    clip_range           | 0.2         |
|    entropy_loss         | 0.16        |
|    explained_variance   | 0.838       |
|    learning_rate        | 0.0003      |
|    loss                 | 0.0225      |
|    n_updates            | 1190        |
|    policy_gradient_loss | -0.000828   |
|    std                  | 0.223       |
|    value_loss           | 0.0403      |
-----------------------------------------
------------------------------------------
| rollout/                |              |
|    ep_len_mean          | 483          |
|    ep_rew_mean          | 42.2         |
| time/                   |              |
|    fps                  | 2384         |
|    iterations           | 240          |
|    time_elapsed         | 1391         |
|    total_timesteps      | 3317760      |
| train/                  |              |
|    approx_kl            | 0.0053645484 |
|    clip_fraction        | 0.0778       |
|    clip_range           | 0.2          |
|    entropy_loss         | 0.163        |
|    explained_variance   | 0.899        |
|    learning_rate        | 0.0003       |
|    loss                 | 0.0302       |
|    n_updates            | 1195         |
|    policy_gradient_loss | -0.00159     |
|    std                  | 0.223        |
|    value_loss           | 0.0934       |
------------------------------------------
------------------------------------------
| rollout/                |              |
|    ep_len_mean          | 444          |
|    ep_rew_mean          | 38.4         |
| time/                   |              |
|    fps                  | 2388         |
|    iterations           | 241          |
|    time_elapsed         | 1394         |
|    total_timesteps      | 3331584      |
| train/                  |              |
|    approx_kl            | 0.0071223327 |
|    clip_fraction        | 0.0682       |
|    clip_range           | 0.2          |
|    entropy_loss         | 0.166        |
|    explained_variance   | 0.78         |
|    learning_rate        | 0.0003       |
|    loss                 | 0.0192       |
|    n_updates            | 1200         |
|    policy_gradient_loss | -0.00265     |
|    std                  | 0.223        |
|    value_loss           | 0.0739       |
------------------------------------------
-----------------------------------------
| rollout/                |             |
|    ep_len_mean          | 590         |
|    ep_rew_mean          | 51.6        |
| time/                   |             |
|    fps                  | 2393        |
|    iterations           | 242         |
|    time_elapsed         | 1397        |
|    total_timesteps      | 3345408     |
| train/                  |             |
|    approx_kl            | 0.011422779 |
|    clip_fraction        | 0.177       |
|    clip_range           | 0.2         |
|    entropy_loss         | 0.168       |
|    explained_variance   | 0.873       |
|    learning_rate        | 0.0003      |
|    loss                 | 0.024       |
|    n_updates            | 1205        |
|    policy_gradient_loss | 0.0022      |
|    std                  | 0.222       |
|    value_loss           | 0.0322      |
-----------------------------------------
-----------------------------------------
| rollout/                |             |
|    ep_len_mean          | 623         |
|    ep_rew_mean          | 55.2        |
| time/                   |             |
|    fps                  | 2397        |
|    iterations           | 243         |
|    time_elapsed         | 1401        |
|    total_timesteps      | 3359232     |
| train/                  |             |
|    approx_kl            | 0.007676853 |
|    clip_fraction        | 0.0746      |
|    clip_range           | 0.2         |
|    entropy_loss         | 0.172       |
|    explained_variance   | 0.77        |
|    learning_rate        | 0.0003      |
|    loss                 | 0.00226     |
|    n_updates            | 1210        |
|    policy_gradient_loss | -0.00127    |
|    std                  | 0.222       |
|    value_loss           | 0.017       |
-----------------------------------------
-----------------------------------------
| rollout/                |             |
|    ep_len_mean          | 619         |
|    ep_rew_mean          | 54.4        |
| time/                   |             |
|    fps                  | 2401        |
|    iterations           | 244         |
|    time_elapsed         | 1404        |
|    total_timesteps      | 3373056     |
| train/                  |             |
|    approx_kl            | 0.004805762 |
|    clip_fraction        | 0.0468      |
|    clip_range           | 0.2         |
|    entropy_loss         | 0.178       |
|    explained_variance   | 0.771       |
|    learning_rate        | 0.0003      |
|    loss                 | 0.0106      |
|    n_updates            | 1215        |
|    policy_gradient_loss | -0.0019     |
|    std                  | 0.221       |
|    value_loss           | 0.0447      |
-----------------------------------------
-----------------------------------------
| rollout/                |             |
|    ep_len_mean          | 700         |
|    ep_rew_mean          | 61.6        |
| time/                   |             |
|    fps                  | 2404        |
|    iterations           | 245         |
|    time_elapsed         | 1408        |
|    total_timesteps      | 3386880     |
| train/                  |             |
|    approx_kl            | 0.006885813 |
|    clip_fraction        | 0.09        |
|    clip_range           | 0.2         |
|    entropy_loss         | 0.182       |
|    explained_variance   | 0.89        |
|    learning_rate        | 0.0003      |
|    loss                 | 0.0144      |
|    n_updates            | 1220        |
|    policy_gradient_loss | -0.000999   |
|    std                  | 0.221       |
|    value_loss           | 0.0461      |
-----------------------------------------
------------------------------------------
| rollout/                |              |
|    ep_len_mean          | 560          |
|    ep_rew_mean          | 49           |
| time/                   |              |
|    fps                  | 2408         |
|    iterations           | 246          |
|    time_elapsed         | 1411         |
|    total_timesteps      | 3400704      |
| train/                  |              |
|    approx_kl            | 0.0071092076 |
|    clip_fraction        | 0.156        |
|    clip_range           | 0.2          |
|    entropy_loss         | 0.184        |
|    explained_variance   | 0.887        |
|    learning_rate        | 0.0003       |
|    loss                 | 0.0171       |
|    n_updates            | 1225         |
|    policy_gradient_loss | 0.00201      |
|    std                  | 0.221        |
|    value_loss           | 0.0478       |
------------------------------------------
------------------------------------------
| rollout/                |              |
|    ep_len_mean          | 538          |
|    ep_rew_mean          | 47.2         |
| time/                   |              |
|    fps                  | 2413         |
|    iterations           | 247          |
|    time_elapsed         | 1414         |
|    total_timesteps      | 3414528      |
| train/                  |              |
|    approx_kl            | 0.0055336286 |
|    clip_fraction        | 0.0662       |
|    clip_range           | 0.2          |
|    entropy_loss         | 0.188        |
|    explained_variance   | 0.9          |
|    learning_rate        | 0.0003       |
|    loss                 | 0.0244       |
|    n_updates            | 1230         |
|    policy_gradient_loss | -0.00217     |
|    std                  | 0.22         |
|    value_loss           | 0.0458       |
------------------------------------------
-----------------------------------------
| rollout/                |             |
|    ep_len_mean          | 535         |
|    ep_rew_mean          | 47.6        |
| time/                   |             |
|    fps                  | 2417        |
|    iterations           | 248         |
|    time_elapsed         | 1418        |
|    total_timesteps      | 3428352     |
| train/                  |             |
|    approx_kl            | 0.007326924 |
|    clip_fraction        | 0.0927      |
|    clip_range           | 0.2         |
|    entropy_loss         | 0.19        |
|    explained_variance   | 0.813       |
|    learning_rate        | 0.0003      |
|    loss                 | 0.00668     |
|    n_updates            | 1235        |
|    policy_gradient_loss | -0.0006     |
|    std                  | 0.22        |
|    value_loss           | 0.0325      |
-----------------------------------------
-----------------------------------------
| rollout/                |             |
|    ep_len_mean          | 479         |
|    ep_rew_mean          | 42.5        |
| time/                   |             |
|    fps                  | 2420        |
|    iterations           | 249         |
|    time_elapsed         | 1422        |
|    total_timesteps      | 3442176     |
| train/                  |             |
|    approx_kl            | 0.007592812 |
|    clip_fraction        | 0.0501      |
|    clip_range           | 0.2         |
|    entropy_loss         | 0.194       |
|    explained_variance   | 0.836       |
|    learning_rate        | 0.0003      |
|    loss                 | 0.0301      |
|    n_updates            | 1240        |
|    policy_gradient_loss | -0.00138    |
|    std                  | 0.219       |
|    value_loss           | 0.0601      |
-----------------------------------------
-----------------------------------------
| rollout/                |             |
|    ep_len_mean          | 508         |
|    ep_rew_mean          | 45.4        |
| time/                   |             |
|    fps                  | 2423        |
|    iterations           | 250         |
|    time_elapsed         | 1426        |
|    total_timesteps      | 3456000     |
| train/                  |             |
|    approx_kl            | 0.010824668 |
|    clip_fraction        | 0.105       |
|    clip_range           | 0.2         |
|    entropy_loss         | 0.201       |
|    explained_variance   | 0.843       |
|    learning_rate        | 0.0003      |
|    loss                 | 0.0204      |
|    n_updates            | 1245        |
|    policy_gradient_loss | -6.13e-05   |
|    std                  | 0.219       |
|    value_loss           | 0.0539      |
-----------------------------------------
------------------------------------------
| rollout/                |              |
|    ep_len_mean          | 444          |
|    ep_rew_mean          | 39.3         |
| time/                   |              |
|    fps                  | 2426         |
|    iterations           | 251          |
|    time_elapsed         | 1429         |
|    total_timesteps      | 3469824      |
| train/                  |              |
|    approx_kl            | 0.0057692546 |
|    clip_fraction        | 0.0626       |
|    clip_range           | 0.2          |
|    entropy_loss         | 0.204        |
|    explained_variance   | 0.887        |
|    learning_rate        | 0.0003       |
|    loss                 | 0.0257       |
|    n_updates            | 1250         |
|    policy_gradient_loss | -0.000995    |
|    std                  | 0.219        |
|    value_loss           | 0.0567       |
------------------------------------------
-----------------------------------------
| rollout/                |             |
|    ep_len_mean          | 460         |
|    ep_rew_mean          | 40.7        |
| time/                   |             |
|    fps                  | 2429        |
|    iterations           | 252         |
|    time_elapsed         | 1433        |
|    total_timesteps      | 3483648     |
| train/                  |             |
|    approx_kl            | 0.004578046 |
|    clip_fraction        | 0.0704      |
|    clip_range           | 0.2         |
|    entropy_loss         | 0.205       |
|    explained_variance   | 0.87        |
|    learning_rate        | 0.0003      |
|    loss                 | 0.0303      |
|    n_updates            | 1255        |
|    policy_gradient_loss | -0.000214   |
|    std                  | 0.218       |
|    value_loss           | 0.0692      |
-----------------------------------------
------------------------------------------
| rollout/                |              |
|    ep_len_mean          | 530          |
|    ep_rew_mean          | 47           |
| time/                   |              |
|    fps                  | 2433         |
|    iterations           | 253          |
|    time_elapsed         | 1437         |
|    total_timesteps      | 3497472      |
| train/                  |              |
|    approx_kl            | 0.0047009774 |
|    clip_fraction        | 0.041        |
|    clip_range           | 0.2          |
|    entropy_loss         | 0.21         |
|    explained_variance   | 0.789        |
|    learning_rate        | 0.0003       |
|    loss                 | 0.0497       |
|    n_updates            | 1260         |
|    policy_gradient_loss | -0.00231     |
|    std                  | 0.218        |
|    value_loss           | 0.0949       |
------------------------------------------
[eval] {'steps': 3500010, 'wall_s': 26.7, 'success': 2, 'crash_free': 2, 'restored': 8, 'n': 8, 'crashes': 1.375, 'sep_violation_s': 0.0, 'mean_err_m': 0.9662499999999999, 'final_rms_m': 0.6775}
-----------------------------------------
| rollout/                |             |
|    ep_len_mean          | 576         |
|    ep_rew_mean          | 51.1        |
| time/                   |             |
|    fps                  | 2392        |
|    iterations           | 254         |
|    time_elapsed         | 1467        |
|    total_timesteps      | 3511296     |
| train/                  |             |
|    approx_kl            | 0.012115949 |
|    clip_fraction        | 0.0822      |
|    clip_range           | 0.2         |
|    entropy_loss         | 0.209       |
|    explained_variance   | 0.896       |
|    learning_rate        | 0.0003      |
|    loss                 | 0.0341      |
|    n_updates            | 1265        |
|    policy_gradient_loss | 0.000118    |
|    std                  | 0.218       |
|    value_loss           | 0.0578      |
-----------------------------------------
----------------------------------------
| rollout/                |            |
|    ep_len_mean          | 600        |
|    ep_rew_mean          | 53.3       |
| time/                   |            |
|    fps                  | 2395       |
|    iterations           | 255        |
|    time_elapsed         | 1471       |
|    total_timesteps      | 3525120    |
| train/                  |            |
|    approx_kl            | 0.00619558 |
|    clip_fraction        | 0.0576     |
|    clip_range           | 0.2        |
|    entropy_loss         | 0.212      |
|    explained_variance   | 0.823      |
|    learning_rate        | 0.0003     |
|    loss                 | 0.0142     |
|    n_updates            | 1270       |
|    policy_gradient_loss | -0.00101   |
|    std                  | 0.217      |
|    value_loss           | 0.0337     |
----------------------------------------
-----------------------------------------
| rollout/                |             |
|    ep_len_mean          | 712         |
|    ep_rew_mean          | 63.3        |
| time/                   |             |
|    fps                  | 2399        |
|    iterations           | 256         |
|    time_elapsed         | 1474        |
|    total_timesteps      | 3538944     |
| train/                  |             |
|    approx_kl            | 0.008136229 |
|    clip_fraction        | 0.102       |
|    clip_range           | 0.2         |
|    entropy_loss         | 0.217       |
|    explained_variance   | 0.811       |
|    learning_rate        | 0.0003      |
|    loss                 | 0.0135      |
|    n_updates            | 1275        |
|    policy_gradient_loss | 0.000462    |
|    std                  | 0.217       |
|    value_loss           | 0.0135      |
-----------------------------------------
------------------------------------------
| rollout/                |              |
|    ep_len_mean          | 792          |
|    ep_rew_mean          | 70.5         |
| time/                   |              |
|    fps                  | 2404         |
|    iterations           | 257          |
|    time_elapsed         | 1477         |
|    total_timesteps      | 3552768      |
| train/                  |              |
|    approx_kl            | 0.0105672255 |
|    clip_fraction        | 0.115        |
|    clip_range           | 0.2          |
|    entropy_loss         | 0.223        |
|    explained_variance   | 0.822        |
|    learning_rate        | 0.0003       |
|    loss                 | -0.00112     |
|    n_updates            | 1280         |
|    policy_gradient_loss | -0.00131     |
|    std                  | 0.216        |
|    value_loss           | 0.0086       |
------------------------------------------
---------------------------------------
| rollout/                |           |
|    ep_len_mean          | 858       |
|    ep_rew_mean          | 77.4      |
| time/                   |           |
|    fps                  | 2407      |
|    iterations           | 258       |
|    time_elapsed         | 1481      |
|    total_timesteps      | 3566592   |
| train/                  |           |
|    approx_kl            | 0.0073757 |
|    clip_fraction        | 0.0909    |
|    clip_range           | 0.2       |
|    entropy_loss         | 0.23      |
|    explained_variance   | 0.821     |
|    learning_rate        | 0.0003    |
|    loss                 | -0.00428  |
|    n_updates            | 1285      |
|    policy_gradient_loss | -0.00341  |
|    std                  | 0.215     |
|    value_loss           | 0.00238   |
---------------------------------------
------------------------------------------
| rollout/                |              |
|    ep_len_mean          | 815          |
|    ep_rew_mean          | 73.8         |
| time/                   |              |
|    fps                  | 2411         |
|    iterations           | 259          |
|    time_elapsed         | 1484         |
|    total_timesteps      | 3580416      |
| train/                  |              |
|    approx_kl            | 0.0063984543 |
|    clip_fraction        | 0.0634       |
|    clip_range           | 0.2          |
|    entropy_loss         | 0.238        |
|    explained_variance   | 0.87         |
|    learning_rate        | 0.0003       |
|    loss                 | 0.00801      |
|    n_updates            | 1290         |
|    policy_gradient_loss | -0.00116     |
|    std                  | 0.214        |
|    value_loss           | 0.0143       |
------------------------------------------
------------------------------------------
| rollout/                |              |
|    ep_len_mean          | 690          |
|    ep_rew_mean          | 62.4         |
| time/                   |              |
|    fps                  | 2413         |
|    iterations           | 260          |
|    time_elapsed         | 1488         |
|    total_timesteps      | 3594240      |
| train/                  |              |
|    approx_kl            | 0.0058926786 |
|    clip_fraction        | 0.0719       |
|    clip_range           | 0.2          |
|    entropy_loss         | 0.242        |
|    explained_variance   | 0.901        |
|    learning_rate        | 0.0003       |
|    loss                 | 0.0159       |
|    n_updates            | 1295         |
|    policy_gradient_loss | -0.00146     |
|    std                  | 0.214        |
|    value_loss           | 0.0466       |
------------------------------------------
------------------------------------------
| rollout/                |              |
|    ep_len_mean          | 494          |
|    ep_rew_mean          | 43.7         |
| time/                   |              |
|    fps                  | 2417         |
|    iterations           | 261          |
|    time_elapsed         | 1492         |
|    total_timesteps      | 3608064      |
| train/                  |              |
|    approx_kl            | 0.0050414926 |
|    clip_fraction        | 0.138        |
|    clip_range           | 0.2          |
|    entropy_loss         | 0.244        |
|    explained_variance   | 0.785        |
|    learning_rate        | 0.0003       |
|    loss                 | 0.0345       |
|    n_updates            | 1300         |
|    policy_gradient_loss | -0.000129    |
|    std                  | 0.214        |
|    value_loss           | 0.0782       |
------------------------------------------
-----------------------------------------
| rollout/                |             |
|    ep_len_mean          | 466         |
|    ep_rew_mean          | 40.8        |
| time/                   |             |
|    fps                  | 2420        |
|    iterations           | 262         |
|    time_elapsed         | 1496        |
|    total_timesteps      | 3621888     |
| train/                  |             |
|    approx_kl            | 0.004860586 |
|    clip_fraction        | 0.0728      |
|    clip_range           | 0.2         |
|    entropy_loss         | 0.249       |
|    explained_variance   | 0.865       |
|    learning_rate        | 0.0003      |
|    loss                 | 0.0227      |
|    n_updates            | 1305        |
|    policy_gradient_loss | -0.00264    |
|    std                  | 0.213       |
|    value_loss           | 0.0634      |
-----------------------------------------
-----------------------------------------
| rollout/                |             |
|    ep_len_mean          | 466         |
|    ep_rew_mean          | 40.8        |
| time/                   |             |
|    fps                  | 2423        |
|    iterations           | 263         |
|    time_elapsed         | 1500        |
|    total_timesteps      | 3635712     |
| train/                  |             |
|    approx_kl            | 0.010815385 |
|    clip_fraction        | 0.0919      |
|    clip_range           | 0.2         |
|    entropy_loss         | 0.254       |
|    explained_variance   | 0.853       |
|    learning_rate        | 0.0003      |
|    loss                 | 0.0229      |
|    n_updates            | 1310        |
|    policy_gradient_loss | 0.00013     |
|    std                  | 0.213       |
|    value_loss           | 0.0681      |
-----------------------------------------
-----------------------------------------
| rollout/                |             |
|    ep_len_mean          | 473         |
|    ep_rew_mean          | 41.5        |
| time/                   |             |
|    fps                  | 2426        |
|    iterations           | 264         |
|    time_elapsed         | 1503        |
|    total_timesteps      | 3649536     |
| train/                  |             |
|    approx_kl            | 0.011554874 |
|    clip_fraction        | 0.0877      |
|    clip_range           | 0.2         |
|    entropy_loss         | 0.26        |
|    explained_variance   | 0.868       |
|    learning_rate        | 0.0003      |
|    loss                 | 0.0255      |
|    n_updates            | 1315        |
|    policy_gradient_loss | -0.00051    |
|    std                  | 0.212       |
|    value_loss           | 0.0375      |
-----------------------------------------
------------------------------------------
| rollout/                |              |
|    ep_len_mean          | 496          |
|    ep_rew_mean          | 44           |
| time/                   |              |
|    fps                  | 2429         |
|    iterations           | 265          |
|    time_elapsed         | 1507         |
|    total_timesteps      | 3663360      |
| train/                  |              |
|    approx_kl            | 0.0053793024 |
|    clip_fraction        | 0.118        |
|    clip_range           | 0.2          |
|    entropy_loss         | 0.265        |
|    explained_variance   | 0.831        |
|    learning_rate        | 0.0003       |
|    loss                 | 0.0448       |
|    n_updates            | 1320         |
|    policy_gradient_loss | -6.66e-05    |
|    std                  | 0.212        |
|    value_loss           | 0.0791       |
------------------------------------------
------------------------------------------
| rollout/                |              |
|    ep_len_mean          | 429          |
|    ep_rew_mean          | 37.7         |
| time/                   |              |
|    fps                  | 2433         |
|    iterations           | 266          |
|    time_elapsed         | 1511         |
|    total_timesteps      | 3677184      |
| train/                  |              |
|    approx_kl            | 0.0055132913 |
|    clip_fraction        | 0.0687       |
|    clip_range           | 0.2          |
|    entropy_loss         | 0.267        |
|    explained_variance   | 0.802        |
|    learning_rate        | 0.0003       |
|    loss                 | 0.0296       |
|    n_updates            | 1325         |
|    policy_gradient_loss | -0.00212     |
|    std                  | 0.212        |
|    value_loss           | 0.0848       |
------------------------------------------
-----------------------------------------
| rollout/                |             |
|    ep_len_mean          | 420         |
|    ep_rew_mean          | 36.9        |
| time/                   |             |
|    fps                  | 2436        |
|    iterations           | 267         |
|    time_elapsed         | 1514        |
|    total_timesteps      | 3691008     |
| train/                  |             |
|    approx_kl            | 0.007069743 |
|    clip_fraction        | 0.0513      |
|    clip_range           | 0.2         |
|    entropy_loss         | 0.268       |
|    explained_variance   | 0.87        |
|    learning_rate        | 0.0003      |
|    loss                 | 0.0417      |
|    n_updates            | 1330        |
|    policy_gradient_loss | -0.0022     |
|    std                  | 0.212       |
|    value_loss           | 0.121       |
-----------------------------------------
------------------------------------------
| rollout/                |              |
|    ep_len_mean          | 479          |
|    ep_rew_mean          | 42.4         |
| time/                   |              |
|    fps                  | 2440         |
|    iterations           | 268          |
|    time_elapsed         | 1517         |
|    total_timesteps      | 3704832      |
| train/                  |              |
|    approx_kl            | 0.0036194746 |
|    clip_fraction        | 0.0539       |
|    clip_range           | 0.2          |
|    entropy_loss         | 0.268        |
|    explained_variance   | 0.711        |
|    learning_rate        | 0.0003       |
|    loss                 | 0.0287       |
|    n_updates            | 1335         |
|    policy_gradient_loss | -0.00122     |
|    std                  | 0.212        |
|    value_loss           | 0.0564       |
------------------------------------------
------------------------------------------
| rollout/                |              |
|    ep_len_mean          | 516          |
|    ep_rew_mean          | 45.9         |
| time/                   |              |
|    fps                  | 2444         |
|    iterations           | 269          |
|    time_elapsed         | 1521         |
|    total_timesteps      | 3718656      |
| train/                  |              |
|    approx_kl            | 0.0054535554 |
|    clip_fraction        | 0.0889       |
|    clip_range           | 0.2          |
|    entropy_loss         | 0.269        |
|    explained_variance   | 0.848        |
|    learning_rate        | 0.0003       |
|    loss                 | 0.0171       |
|    n_updates            | 1340         |
|    policy_gradient_loss | -0.00032     |
|    std                  | 0.211        |
|    value_loss           | 0.0387       |
------------------------------------------
-----------------------------------------
| rollout/                |             |
|    ep_len_mean          | 627         |
|    ep_rew_mean          | 56.1        |
| time/                   |             |
|    fps                  | 2445        |
|    iterations           | 270         |
|    time_elapsed         | 1526        |
|    total_timesteps      | 3732480     |
| train/                  |             |
|    approx_kl            | 0.012114644 |
|    clip_fraction        | 0.107       |
|    clip_range           | 0.2         |
|    entropy_loss         | 0.275       |
|    explained_variance   | 0.845       |
|    learning_rate        | 0.0003      |
|    loss                 | 0.0172      |
|    n_updates            | 1345        |
|    policy_gradient_loss | -0.000939   |
|    std                  | 0.211       |
|    value_loss           | 0.0407      |
-----------------------------------------
-----------------------------------------
| rollout/                |             |
|    ep_len_mean          | 612         |
|    ep_rew_mean          | 54.9        |
| time/                   |             |
|    fps                  | 2447        |
|    iterations           | 271         |
|    time_elapsed         | 1530        |
|    total_timesteps      | 3746304     |
| train/                  |             |
|    approx_kl            | 0.005125714 |
|    clip_fraction        | 0.0687      |
|    clip_range           | 0.2         |
|    entropy_loss         | 0.28        |
|    explained_variance   | 0.837       |
|    learning_rate        | 0.0003      |
|    loss                 | 0.0275      |
|    n_updates            | 1350        |
|    policy_gradient_loss | -0.00127    |
|    std                  | 0.21        |
|    value_loss           | 0.0716      |
-----------------------------------------
------------------------------------------
| rollout/                |              |
|    ep_len_mean          | 726          |
|    ep_rew_mean          | 65.2         |
| time/                   |              |
|    fps                  | 2450         |
|    iterations           | 272          |
|    time_elapsed         | 1534         |
|    total_timesteps      | 3760128      |
| train/                  |              |
|    approx_kl            | 0.0063228696 |
|    clip_fraction        | 0.109        |
|    clip_range           | 0.2          |
|    entropy_loss         | 0.284        |
|    explained_variance   | 0.889        |
|    learning_rate        | 0.0003       |
|    loss                 | 0.00912      |
|    n_updates            | 1355         |
|    policy_gradient_loss | -0.00269     |
|    std                  | 0.21         |
|    value_loss           | 0.0241       |
------------------------------------------
-----------------------------------------
| rollout/                |             |
|    ep_len_mean          | 701         |
|    ep_rew_mean          | 62.7        |
| time/                   |             |
|    fps                  | 2452        |
|    iterations           | 273         |
|    time_elapsed         | 1538        |
|    total_timesteps      | 3773952     |
| train/                  |             |
|    approx_kl            | 0.008820022 |
|    clip_fraction        | 0.0908      |
|    clip_range           | 0.2         |
|    entropy_loss         | 0.286       |
|    explained_variance   | 0.881       |
|    learning_rate        | 0.0003      |
|    loss                 | 0.0172      |
|    n_updates            | 1360        |
|    policy_gradient_loss | -0.000385   |
|    std                  | 0.21        |
|    value_loss           | 0.0509      |
-----------------------------------------
-----------------------------------------
| rollout/                |             |
|    ep_len_mean          | 571         |
|    ep_rew_mean          | 49.9        |
| time/                   |             |
|    fps                  | 2455        |
|    iterations           | 274         |
|    time_elapsed         | 1542        |
|    total_timesteps      | 3787776     |
| train/                  |             |
|    approx_kl            | 0.012480035 |
|    clip_fraction        | 0.0927      |
|    clip_range           | 0.2         |
|    entropy_loss         | 0.288       |
|    explained_variance   | 0.874       |
|    learning_rate        | 0.0003      |
|    loss                 | 0.0324      |
|    n_updates            | 1365        |
|    policy_gradient_loss | -0.00141    |
|    std                  | 0.209       |
|    value_loss           | 0.0671      |
-----------------------------------------
-----------------------------------------
| rollout/                |             |
|    ep_len_mean          | 541         |
|    ep_rew_mean          | 47          |
| time/                   |             |
|    fps                  | 2459        |
|    iterations           | 275         |
|    time_elapsed         | 1545        |
|    total_timesteps      | 3801600     |
| train/                  |             |
|    approx_kl            | 0.008187479 |
|    clip_fraction        | 0.0666      |
|    clip_range           | 0.2         |
|    entropy_loss         | 0.291       |
|    explained_variance   | 0.82        |
|    learning_rate        | 0.0003      |
|    loss                 | 0.0613      |
|    n_updates            | 1370        |
|    policy_gradient_loss | -0.00201    |
|    std                  | 0.209       |
|    value_loss           | 0.13        |
-----------------------------------------
----------------------------------------
| rollout/                |            |
|    ep_len_mean          | 516        |
|    ep_rew_mean          | 44.9       |
| time/                   |            |
|    fps                  | 2462       |
|    iterations           | 276        |
|    time_elapsed         | 1549       |
|    total_timesteps      | 3815424    |
| train/                  |            |
|    approx_kl            | 0.01787424 |
|    clip_fraction        | 0.126      |
|    clip_range           | 0.2        |
|    entropy_loss         | 0.295      |
|    explained_variance   | 0.836      |
|    learning_rate        | 0.0003     |
|    loss                 | 0.0326     |
|    n_updates            | 1375       |
|    policy_gradient_loss | -0.00111   |
|    std                  | 0.209      |
|    value_loss           | 0.0569     |
----------------------------------------
-----------------------------------------
| rollout/                |             |
|    ep_len_mean          | 539         |
|    ep_rew_mean          | 47.6        |
| time/                   |             |
|    fps                  | 2465        |
|    iterations           | 277         |
|    time_elapsed         | 1553        |
|    total_timesteps      | 3829248     |
| train/                  |             |
|    approx_kl            | 0.006071567 |
|    clip_fraction        | 0.0614      |
|    clip_range           | 0.2         |
|    entropy_loss         | 0.299       |
|    explained_variance   | 0.661       |
|    learning_rate        | 0.0003      |
|    loss                 | 0.002       |
|    n_updates            | 1380        |
|    policy_gradient_loss | -0.00312    |
|    std                  | 0.208       |
|    value_loss           | 0.0105      |
-----------------------------------------
-----------------------------------------
| rollout/                |             |
|    ep_len_mean          | 606         |
|    ep_rew_mean          | 54.3        |
| time/                   |             |
|    fps                  | 2468        |
|    iterations           | 278         |
|    time_elapsed         | 1556        |
|    total_timesteps      | 3843072     |
| train/                  |             |
|    approx_kl            | 0.011832912 |
|    clip_fraction        | 0.146       |
|    clip_range           | 0.2         |
|    entropy_loss         | 0.304       |
|    explained_variance   | 0.875       |
|    learning_rate        | 0.0003      |
|    loss                 | 0.0159      |
|    n_updates            | 1385        |
|    policy_gradient_loss | 0.000496    |
|    std                  | 0.208       |
|    value_loss           | 0.0315      |
-----------------------------------------
------------------------------------------
| rollout/                |              |
|    ep_len_mean          | 650          |
|    ep_rew_mean          | 59.2         |
| time/                   |              |
|    fps                  | 2471         |
|    iterations           | 279          |
|    time_elapsed         | 1560         |
|    total_timesteps      | 3856896      |
| train/                  |              |
|    approx_kl            | 0.0042177616 |
|    clip_fraction        | 0.105        |
|    clip_range           | 0.2          |
|    entropy_loss         | 0.307        |
|    explained_variance   | 0.967        |
|    learning_rate        | 0.0003       |
|    loss                 | -0.002       |
|    n_updates            | 1390         |
|    policy_gradient_loss | 0.00148      |
|    std                  | 0.207        |
|    value_loss           | 0.00419      |
------------------------------------------
-----------------------------------------
| rollout/                |             |
|    ep_len_mean          | 694         |
|    ep_rew_mean          | 63.7        |
| time/                   |             |
|    fps                  | 2473        |
|    iterations           | 280         |
|    time_elapsed         | 1564        |
|    total_timesteps      | 3870720     |
| train/                  |             |
|    approx_kl            | 0.006997177 |
|    clip_fraction        | 0.0634      |
|    clip_range           | 0.2         |
|    entropy_loss         | 0.316       |
|    explained_variance   | 0.9         |
|    learning_rate        | 0.0003      |
|    loss                 | 0.0099      |
|    n_updates            | 1395        |
|    policy_gradient_loss | -0.00212    |
|    std                  | 0.206       |
|    value_loss           | 0.0395      |
-----------------------------------------
-----------------------------------------
| rollout/                |             |
|    ep_len_mean          | 591         |
|    ep_rew_mean          | 53.5        |
| time/                   |             |
|    fps                  | 2475        |
|    iterations           | 281         |
|    time_elapsed         | 1568        |
|    total_timesteps      | 3884544     |
| train/                  |             |
|    approx_kl            | 0.005993014 |
|    clip_fraction        | 0.0725      |
|    clip_range           | 0.2         |
|    entropy_loss         | 0.319       |
|    explained_variance   | 0.702       |
|    learning_rate        | 0.0003      |
|    loss                 | 0.0439      |
|    n_updates            | 1400        |
|    policy_gradient_loss | -0.00139    |
|    std                  | 0.206       |
|    value_loss           | 0.0659      |
-----------------------------------------
-----------------------------------------
| rollout/                |             |
|    ep_len_mean          | 685         |
|    ep_rew_mean          | 62.2        |
| time/                   |             |
|    fps                  | 2479        |
|    iterations           | 282         |
|    time_elapsed         | 1572        |
|    total_timesteps      | 3898368     |
| train/                  |             |
|    approx_kl            | 0.005117588 |
|    clip_fraction        | 0.0587      |
|    clip_range           | 0.2         |
|    entropy_loss         | 0.321       |
|    explained_variance   | 0.89        |
|    learning_rate        | 0.0003      |
|    loss                 | 0.0139      |
|    n_updates            | 1405        |
|    policy_gradient_loss | -0.00234    |
|    std                  | 0.206       |
|    value_loss           | 0.0379      |
-----------------------------------------
------------------------------------------
| rollout/                |              |
|    ep_len_mean          | 685          |
|    ep_rew_mean          | 62.2         |
| time/                   |              |
|    fps                  | 2481         |
|    iterations           | 283          |
|    time_elapsed         | 1576         |
|    total_timesteps      | 3912192      |
| train/                  |              |
|    approx_kl            | 0.0037913062 |
|    clip_fraction        | 0.098        |
|    clip_range           | 0.2          |
|    entropy_loss         | 0.323        |
|    explained_variance   | 0.871        |
|    learning_rate        | 0.0003       |
|    loss                 | 0.0172       |
|    n_updates            | 1410         |
|    policy_gradient_loss | -0.00176     |
|    std                  | 0.206        |
|    value_loss           | 0.0465       |
------------------------------------------
------------------------------------------
| rollout/                |              |
|    ep_len_mean          | 646          |
|    ep_rew_mean          | 57.6         |
| time/                   |              |
|    fps                  | 2484         |
|    iterations           | 284          |
|    time_elapsed         | 1580         |
|    total_timesteps      | 3926016      |
| train/                  |              |
|    approx_kl            | 0.0074214195 |
|    clip_fraction        | 0.0705       |
|    clip_range           | 0.2          |
|    entropy_loss         | 0.329        |
|    explained_variance   | 0.852        |
|    learning_rate        | 0.0003       |
|    loss                 | 0.0136       |
|    n_updates            | 1415         |
|    policy_gradient_loss | -0.00126     |
|    std                  | 0.205        |
|    value_loss           | 0.0343       |
------------------------------------------
-----------------------------------------
| rollout/                |             |
|    ep_len_mean          | 648         |
|    ep_rew_mean          | 57.8        |
| time/                   |             |
|    fps                  | 2485        |
|    iterations           | 285         |
|    time_elapsed         | 1585        |
|    total_timesteps      | 3939840     |
| train/                  |             |
|    approx_kl            | 0.005415546 |
|    clip_fraction        | 0.102       |
|    clip_range           | 0.2         |
|    entropy_loss         | 0.334       |
|    explained_variance   | 0.739       |
|    learning_rate        | 0.0003      |
|    loss                 | 0.0413      |
|    n_updates            | 1420        |
|    policy_gradient_loss | -0.000642   |
|    std                  | 0.205       |
|    value_loss           | 0.102       |
-----------------------------------------
-----------------------------------------
| rollout/                |             |
|    ep_len_mean          | 624         |
|    ep_rew_mean          | 54.8        |
| time/                   |             |
|    fps                  | 2487        |
|    iterations           | 286         |
|    time_elapsed         | 1589        |
|    total_timesteps      | 3953664     |
| train/                  |             |
|    approx_kl            | 0.010560784 |
|    clip_fraction        | 0.114       |
|    clip_range           | 0.2         |
|    entropy_loss         | 0.337       |
|    explained_variance   | 0.798       |
|    learning_rate        | 0.0003      |
|    loss                 | 0.035       |
|    n_updates            | 1425        |
|    policy_gradient_loss | -0.000909   |
|    std                  | 0.204       |
|    value_loss           | 0.0717      |
-----------------------------------------
------------------------------------------
| rollout/                |              |
|    ep_len_mean          | 452          |
|    ep_rew_mean          | 39           |
| time/                   |              |
|    fps                  | 2489         |
|    iterations           | 287          |
|    time_elapsed         | 1593         |
|    total_timesteps      | 3967488      |
| train/                  |              |
|    approx_kl            | 0.0063943416 |
|    clip_fraction        | 0.0618       |
|    clip_range           | 0.2          |
|    entropy_loss         | 0.343        |
|    explained_variance   | 0.855        |
|    learning_rate        | 0.0003       |
|    loss                 | 0.0294       |
|    n_updates            | 1430         |
|    policy_gradient_loss | -0.00254     |
|    std                  | 0.203        |
|    value_loss           | 0.0726       |
------------------------------------------
-----------------------------------------
| rollout/                |             |
|    ep_len_mean          | 456         |
|    ep_rew_mean          | 39.2        |
| time/                   |             |
|    fps                  | 2492        |
|    iterations           | 288         |
|    time_elapsed         | 1597        |
|    total_timesteps      | 3981312     |
| train/                  |             |
|    approx_kl            | 0.006563861 |
|    clip_fraction        | 0.0635      |
|    clip_range           | 0.2         |
|    entropy_loss         | 0.351       |
|    explained_variance   | 0.878       |
|    learning_rate        | 0.0003      |
|    loss                 | 0.0339      |
|    n_updates            | 1435        |
|    policy_gradient_loss | -0.00117    |
|    std                  | 0.203       |
|    value_loss           | 0.0829      |
-----------------------------------------
-----------------------------------------
| rollout/                |             |
|    ep_len_mean          | 502         |
|    ep_rew_mean          | 44.1        |
| time/                   |             |
|    fps                  | 2495        |
|    iterations           | 289         |
|    time_elapsed         | 1600        |
|    total_timesteps      | 3995136     |
| train/                  |             |
|    approx_kl            | 0.009037311 |
|    clip_fraction        | 0.127       |
|    clip_range           | 0.2         |
|    entropy_loss         | 0.356       |
|    explained_variance   | 0.893       |
|    learning_rate        | 0.0003      |
|    loss                 | 0.0309      |
|    n_updates            | 1440        |
|    policy_gradient_loss | 0.000334    |
|    std                  | 0.202       |
|    value_loss           | 0.0681      |
-----------------------------------------
[eval] {'steps': 4000023, 'wall_s': 26.8, 'success': 2, 'crash_free': 2, 'restored': 8, 'n': 8, 'crashes': 1.75, 'sep_violation_s': 0.0, 'mean_err_m': 0.6425000000000001, 'final_rms_m': 0.43374999999999997}
-----------------------------------------
| rollout/                |             |
|    ep_len_mean          | 508         |
|    ep_rew_mean          | 44.9        |
| time/                   |             |
|    fps                  | 2457        |
|    iterations           | 290         |
|    time_elapsed         | 1631        |
|    total_timesteps      | 4008960     |
| train/                  |             |
|    approx_kl            | 0.003880718 |
|    clip_fraction        | 0.102       |
|    clip_range           | 0.2         |
|    entropy_loss         | 0.362       |
|    explained_variance   | 0.861       |
|    learning_rate        | 0.0003      |
|    loss                 | 0.0296      |
|    n_updates            | 1445        |
|    policy_gradient_loss | -0.000966   |
|    std                  | 0.202       |
|    value_loss           | 0.0583      |
-----------------------------------------
------------------------------------------
| rollout/                |              |
|    ep_len_mean          | 485          |
|    ep_rew_mean          | 43           |
| time/                   |              |
|    fps                  | 2460         |
|    iterations           | 291          |
|    time_elapsed         | 1634         |
|    total_timesteps      | 4022784      |
| train/                  |              |
|    approx_kl            | 0.0051737814 |
|    clip_fraction        | 0.0994       |
|    clip_range           | 0.2          |
|    entropy_loss         | 0.367        |
|    explained_variance   | 0.857        |
|    learning_rate        | 0.0003       |
|    loss                 | 0.0174       |
|    n_updates            | 1450         |
|    policy_gradient_loss | -0.00258     |
|    std                  | 0.201        |
|    value_loss           | 0.0473       |
------------------------------------------
-----------------------------------------
| rollout/                |             |
|    ep_len_mean          | 532         |
|    ep_rew_mean          | 47.6        |
| time/                   |             |
|    fps                  | 2463        |
|    iterations           | 292         |
|    time_elapsed         | 1638        |
|    total_timesteps      | 4036608     |
| train/                  |             |
|    approx_kl            | 0.007987245 |
|    clip_fraction        | 0.0794      |
|    clip_range           | 0.2         |
|    entropy_loss         | 0.369       |
|    explained_variance   | 0.776       |
|    learning_rate        | 0.0003      |
|    loss                 | 0.0194      |
|    n_updates            | 1455        |
|    policy_gradient_loss | -0.00289    |
|    std                  | 0.201       |
|    value_loss           | 0.0618      |
-----------------------------------------
------------------------------------------
| rollout/                |              |
|    ep_len_mean          | 590          |
|    ep_rew_mean          | 53.5         |
| time/                   |              |
|    fps                  | 2467         |
|    iterations           | 293          |
|    time_elapsed         | 1641         |
|    total_timesteps      | 4050432      |
| train/                  |              |
|    approx_kl            | 0.0083568385 |
|    clip_fraction        | 0.0716       |
|    clip_range           | 0.2          |
|    entropy_loss         | 0.367        |
|    explained_variance   | 0.898        |
|    learning_rate        | 0.0003       |
|    loss                 | 0.0246       |
|    n_updates            | 1460         |
|    policy_gradient_loss | -0.00117     |
|    std                  | 0.201        |
|    value_loss           | 0.0524       |
------------------------------------------
-----------------------------------------
| rollout/                |             |
|    ep_len_mean          | 557         |
|    ep_rew_mean          | 50.5        |
| time/                   |             |
|    fps                  | 2469        |
|    iterations           | 294         |
|    time_elapsed         | 1645        |
|    total_timesteps      | 4064256     |
| train/                  |             |
|    approx_kl            | 0.014145636 |
|    clip_fraction        | 0.0999      |
|    clip_range           | 0.2         |
|    entropy_loss         | 0.365       |
|    explained_variance   | 0.863       |
|    learning_rate        | 0.0003      |
|    loss                 | 0.0136      |
|    n_updates            | 1465        |
|    policy_gradient_loss | -0.00121    |
|    std                  | 0.202       |
|    value_loss           | 0.0313      |
-----------------------------------------
----------------------------------------
| rollout/                |            |
|    ep_len_mean          | 559        |
|    ep_rew_mean          | 51         |
| time/                   |            |
|    fps                  | 2472       |
|    iterations           | 295        |
|    time_elapsed         | 1649       |
|    total_timesteps      | 4078080    |
| train/                  |            |
|    approx_kl            | 0.00978188 |
|    clip_fraction        | 0.122      |
|    clip_range           | 0.2        |
|    entropy_loss         | 0.364      |
|    explained_variance   | 0.898      |
|    learning_rate        | 0.0003     |
|    loss                 | 0.0333     |
|    n_updates            | 1470       |
|    policy_gradient_loss | -0.000433  |
|    std                  | 0.202      |
|    value_loss           | 0.071      |
----------------------------------------
------------------------------------------
| rollout/                |              |
|    ep_len_mean          | 575          |
|    ep_rew_mean          | 52.3         |
| time/                   |              |
|    fps                  | 2475         |
|    iterations           | 296          |
|    time_elapsed         | 1653         |
|    total_timesteps      | 4091904      |
| train/                  |              |
|    approx_kl            | 0.0034812016 |
|    clip_fraction        | 0.0508       |
|    clip_range           | 0.2          |
|    entropy_loss         | 0.366        |
|    explained_variance   | 0.89         |
|    learning_rate        | 0.0003       |
|    loss                 | 0.0405       |
|    n_updates            | 1475         |
|    policy_gradient_loss | -0.000814    |
|    std                  | 0.201        |
|    value_loss           | 0.0875       |
------------------------------------------
-----------------------------------------
| rollout/                |             |
|    ep_len_mean          | 589         |
|    ep_rew_mean          | 53.6        |
| time/                   |             |
|    fps                  | 2477        |
|    iterations           | 297         |
|    time_elapsed         | 1657        |
|    total_timesteps      | 4105728     |
| train/                  |             |
|    approx_kl            | 0.015682917 |
|    clip_fraction        | 0.0822      |
|    clip_range           | 0.2         |
|    entropy_loss         | 0.368       |
|    explained_variance   | 0.647       |
|    learning_rate        | 0.0003      |
|    loss                 | 0.0273      |
|    n_updates            | 1480        |
|    policy_gradient_loss | -0.000171   |
|    std                  | 0.201       |
|    value_loss           | 0.0508      |
-----------------------------------------
-----------------------------------------
| rollout/                |             |
|    ep_len_mean          | 621         |
|    ep_rew_mean          | 56.8        |
| time/                   |             |
|    fps                  | 2480        |
|    iterations           | 298         |
|    time_elapsed         | 1660        |
|    total_timesteps      | 4119552     |
| train/                  |             |
|    approx_kl            | 0.006028621 |
|    clip_fraction        | 0.089       |
|    clip_range           | 0.2         |
|    entropy_loss         | 0.369       |
|    explained_variance   | 0.868       |
|    learning_rate        | 0.0003      |
|    loss                 | 0.011       |
|    n_updates            | 1485        |
|    policy_gradient_loss | -0.000675   |
|    std                  | 0.201       |
|    value_loss           | 0.0314      |
-----------------------------------------
------------------------------------------
| rollout/                |              |
|    ep_len_mean          | 698          |
|    ep_rew_mean          | 64.2         |
| time/                   |              |
|    fps                  | 2483         |
|    iterations           | 299          |
|    time_elapsed         | 1664         |
|    total_timesteps      | 4133376      |
| train/                  |              |
|    approx_kl            | 0.0134550845 |
|    clip_fraction        | 0.128        |
|    clip_range           | 0.2          |
|    entropy_loss         | 0.375        |
|    explained_variance   | 0.855        |
|    learning_rate        | 0.0003       |
|    loss                 | 0.00935      |
|    n_updates            | 1490         |
|    policy_gradient_loss | 0.000307     |
|    std                  | 0.2          |
|    value_loss           | 0.0113       |
------------------------------------------
-----------------------------------------
| rollout/                |             |
|    ep_len_mean          | 738         |
|    ep_rew_mean          | 68.2        |
| time/                   |             |
|    fps                  | 2485        |
|    iterations           | 300         |
|    time_elapsed         | 1668        |
|    total_timesteps      | 4147200     |
| train/                  |             |
|    approx_kl            | 0.007587031 |
|    clip_fraction        | 0.106       |
|    clip_range           | 0.2         |
|    entropy_loss         | 0.376       |
|    explained_variance   | 0.697       |
|    learning_rate        | 0.0003      |
|    loss                 | 0.0126      |
|    n_updates            | 1495        |
|    policy_gradient_loss | -0.00187    |
|    std                  | 0.201       |
|    value_loss           | 0.0365      |
-----------------------------------------
-----------------------------------------
| rollout/                |             |
|    ep_len_mean          | 698         |
|    ep_rew_mean          | 63.9        |
| time/                   |             |
|    fps                  | 2488        |
|    iterations           | 301         |
|    time_elapsed         | 1671        |
|    total_timesteps      | 4161024     |
| train/                  |             |
|    approx_kl            | 0.007996077 |
|    clip_fraction        | 0.0911      |
|    clip_range           | 0.2         |
|    entropy_loss         | 0.377       |
|    explained_variance   | 0.831       |
|    learning_rate        | 0.0003      |
|    loss                 | 0.0155      |
|    n_updates            | 1500        |
|    policy_gradient_loss | -0.00172    |
|    std                  | 0.2         |
|    value_loss           | 0.0511      |
-----------------------------------------
-----------------------------------------
| rollout/                |             |
|    ep_len_mean          | 619         |
|    ep_rew_mean          | 56.3        |
| time/                   |             |
|    fps                  | 2491        |
|    iterations           | 302         |
|    time_elapsed         | 1675        |
|    total_timesteps      | 4174848     |
| train/                  |             |
|    approx_kl            | 0.011327926 |
|    clip_fraction        | 0.11        |
|    clip_range           | 0.2         |
|    entropy_loss         | 0.381       |
|    explained_variance   | 0.822       |
|    learning_rate        | 0.0003      |
|    loss                 | 0.0181      |
|    n_updates            | 1505        |
|    policy_gradient_loss | -0.000982   |
|    std                  | 0.2         |
|    value_loss           | 0.057       |
-----------------------------------------
-----------------------------------------
| rollout/                |             |
|    ep_len_mean          | 653         |
|    ep_rew_mean          | 59.4        |
| time/                   |             |
|    fps                  | 2494        |
|    iterations           | 303         |
|    time_elapsed         | 1679        |
|    total_timesteps      | 4188672     |
| train/                  |             |
|    approx_kl            | 0.006798943 |
|    clip_fraction        | 0.0742      |
|    clip_range           | 0.2         |
|    entropy_loss         | 0.389       |
|    explained_variance   | 0.895       |
|    learning_rate        | 0.0003      |
|    loss                 | 0.00226     |
|    n_updates            | 1510        |
|    policy_gradient_loss | -0.00204    |
|    std                  | 0.199       |
|    value_loss           | 0.015       |
-----------------------------------------
----------------------------------------
| rollout/                |            |
|    ep_len_mean          | 604        |
|    ep_rew_mean          | 54.7       |
| time/                   |            |
|    fps                  | 2497       |
|    iterations           | 304        |
|    time_elapsed         | 1682       |
|    total_timesteps      | 4202496    |
| train/                  |            |
|    approx_kl            | 0.00787862 |
|    clip_fraction        | 0.0783     |
|    clip_range           | 0.2        |
|    entropy_loss         | 0.397      |
|    explained_variance   | 0.904      |
|    learning_rate        | 0.0003     |
|    loss                 | 0.00984    |
|    n_updates            | 1515       |
|    policy_gradient_loss | -0.000494  |
|    std                  | 0.198      |
|    value_loss           | 0.0222     |
----------------------------------------
----------------------------------------
| rollout/                |            |
|    ep_len_mean          | 546        |
|    ep_rew_mean          | 49.8       |
| time/                   |            |
|    fps                  | 2500       |
|    iterations           | 305        |
|    time_elapsed         | 1686       |
|    total_timesteps      | 4216320    |
| train/                  |            |
|    approx_kl            | 0.00496977 |
|    clip_fraction        | 0.0899     |
|    clip_range           | 0.2        |
|    entropy_loss         | 0.399      |
|    explained_variance   | 0.843      |
|    learning_rate        | 0.0003     |
|    loss                 | 0.0196     |
|    n_updates            | 1520       |
|    policy_gradient_loss | -0.00125   |
|    std                  | 0.198      |
|    value_loss           | 0.0526     |
----------------------------------------
-----------------------------------------
| rollout/                |             |
|    ep_len_mean          | 418         |
|    ep_rew_mean          | 37.6        |
| time/                   |             |
|    fps                  | 2503        |
|    iterations           | 306         |
|    time_elapsed         | 1689        |
|    total_timesteps      | 4230144     |
| train/                  |             |
|    approx_kl            | 0.007818825 |
|    clip_fraction        | 0.0605      |
|    clip_range           | 0.2         |
|    entropy_loss         | 0.403       |
|    explained_variance   | 0.904       |
|    learning_rate        | 0.0003      |
|    loss                 | 0.0361      |
|    n_updates            | 1525        |
|    policy_gradient_loss | -0.000313   |
|    std                  | 0.198       |
|    value_loss           | 0.0772      |
-----------------------------------------
------------------------------------------
| rollout/                |              |
|    ep_len_mean          | 454          |
|    ep_rew_mean          | 41.5         |
| time/                   |              |
|    fps                  | 2506         |
|    iterations           | 307          |
|    time_elapsed         | 1693         |
|    total_timesteps      | 4243968      |
| train/                  |              |
|    approx_kl            | 0.0055518243 |
|    clip_fraction        | 0.074        |
|    clip_range           | 0.2          |
|    entropy_loss         | 0.406        |
|    explained_variance   | 0.9          |
|    learning_rate        | 0.0003       |
|    loss                 | 0.0178       |
|    n_updates            | 1530         |
|    policy_gradient_loss | -0.0026      |
|    std                  | 0.197        |
|    value_loss           | 0.0431       |
------------------------------------------
-----------------------------------------
| rollout/                |             |
|    ep_len_mean          | 508         |
|    ep_rew_mean          | 46.4        |
| time/                   |             |
|    fps                  | 2508        |
|    iterations           | 308         |
|    time_elapsed         | 1697        |
|    total_timesteps      | 4257792     |
| train/                  |             |
|    approx_kl            | 0.009495596 |
|    clip_fraction        | 0.093       |
|    clip_range           | 0.2         |
|    entropy_loss         | 0.41        |
|    explained_variance   | 0.775       |
|    learning_rate        | 0.0003      |
|    loss                 | 0.00378     |
|    n_updates            | 1535        |
|    policy_gradient_loss | -0.0021     |
|    std                  | 0.197       |
|    value_loss           | 0.0135      |
-----------------------------------------
-----------------------------------------
| rollout/                |             |
|    ep_len_mean          | 527         |
|    ep_rew_mean          | 47.3        |
| time/                   |             |
|    fps                  | 2510        |
|    iterations           | 309         |
|    time_elapsed         | 1701        |
|    total_timesteps      | 4271616     |
| train/                  |             |
|    approx_kl            | 0.004627947 |
|    clip_fraction        | 0.0604      |
|    clip_range           | 0.2         |
|    entropy_loss         | 0.412       |
|    explained_variance   | 0.676       |
|    learning_rate        | 0.0003      |
|    loss                 | 0.0383      |
|    n_updates            | 1540        |
|    policy_gradient_loss | -0.00277    |
|    std                  | 0.197       |
|    value_loss           | 0.0969      |
-----------------------------------------
-----------------------------------------
| rollout/                |             |
|    ep_len_mean          | 602         |
|    ep_rew_mean          | 54.4        |
| time/                   |             |
|    fps                  | 2513        |
|    iterations           | 310         |
|    time_elapsed         | 1705        |
|    total_timesteps      | 4285440     |
| train/                  |             |
|    approx_kl            | 0.007919601 |
|    clip_fraction        | 0.078       |
|    clip_range           | 0.2         |
|    entropy_loss         | 0.413       |
|    explained_variance   | 0.772       |
|    learning_rate        | 0.0003      |
|    loss                 | 0.0507      |
|    n_updates            | 1545        |
|    policy_gradient_loss | -0.00345    |
|    std                  | 0.197       |
|    value_loss           | 0.119       |
-----------------------------------------
------------------------------------------
| rollout/                |              |
|    ep_len_mean          | 525          |
|    ep_rew_mean          | 46.5         |
| time/                   |              |
|    fps                  | 2515         |
|    iterations           | 311          |
|    time_elapsed         | 1709         |
|    total_timesteps      | 4299264      |
| train/                  |              |
|    approx_kl            | 0.0064259483 |
|    clip_fraction        | 0.0958       |
|    clip_range           | 0.2          |
|    entropy_loss         | 0.412        |
|    explained_variance   | 0.848        |
|    learning_rate        | 0.0003       |
|    loss                 | 0.00771      |
|    n_updates            | 1550         |
|    policy_gradient_loss | -0.00307     |
|    std                  | 0.197        |
|    value_loss           | 0.0405       |
------------------------------------------
------------------------------------------
| rollout/                |              |
|    ep_len_mean          | 538          |
|    ep_rew_mean          | 47.7         |
| time/                   |              |
|    fps                  | 2517         |
|    iterations           | 312          |
|    time_elapsed         | 1713         |
|    total_timesteps      | 4313088      |
| train/                  |              |
|    approx_kl            | 0.0035403247 |
|    clip_fraction        | 0.0798       |
|    clip_range           | 0.2          |
|    entropy_loss         | 0.412        |
|    explained_variance   | 0.79         |
|    learning_rate        | 0.0003       |
|    loss                 | 0.0184       |
|    n_updates            | 1555         |
|    policy_gradient_loss | -0.00161     |
|    std                  | 0.197        |
|    value_loss           | 0.0459       |
------------------------------------------
-----------------------------------------
| rollout/                |             |
|    ep_len_mean          | 604         |
|    ep_rew_mean          | 54.2        |
| time/                   |             |
|    fps                  | 2519        |
|    iterations           | 313         |
|    time_elapsed         | 1717        |
|    total_timesteps      | 4326912     |
| train/                  |             |
|    approx_kl            | 0.010655572 |
|    clip_fraction        | 0.0919      |
|    clip_range           | 0.2         |
|    entropy_loss         | 0.412       |
|    explained_variance   | 0.806       |
|    learning_rate        | 0.0003      |
|    loss                 | 0.00912     |
|    n_updates            | 1560        |
|    policy_gradient_loss | -0.00182    |
|    std                  | 0.197       |
|    value_loss           | 0.0249      |
-----------------------------------------
----------------------------------------
| rollout/                |            |
|    ep_len_mean          | 624        |
|    ep_rew_mean          | 56.4       |
| time/                   |            |
|    fps                  | 2522       |
|    iterations           | 314        |
|    time_elapsed         | 1720       |
|    total_timesteps      | 4340736    |
| train/                  |            |
|    approx_kl            | 0.01487984 |
|    clip_fraction        | 0.21       |
|    clip_range           | 0.2        |
|    entropy_loss         | 0.415      |
|    explained_variance   | 0.838      |
|    learning_rate        | 0.0003     |
|    loss                 | 0.042      |
|    n_updates            | 1565       |
|    policy_gradient_loss | 0.00242    |
|    std                  | 0.196      |
|    value_loss           | 0.0876     |
----------------------------------------
-----------------------------------------
| rollout/                |             |
|    ep_len_mean          | 686         |
|    ep_rew_mean          | 62.2        |
| time/                   |             |
|    fps                  | 2525        |
|    iterations           | 315         |
|    time_elapsed         | 1724        |
|    total_timesteps      | 4354560     |
| train/                  |             |
|    approx_kl            | 0.009367371 |
|    clip_fraction        | 0.135       |
|    clip_range           | 0.2         |
|    entropy_loss         | 0.419       |
|    explained_variance   | 0.878       |
|    learning_rate        | 0.0003      |
|    loss                 | 0.011       |
|    n_updates            | 1570        |
|    policy_gradient_loss | 0.0002      |
|    std                  | 0.196       |
|    value_loss           | 0.0283      |
-----------------------------------------
-----------------------------------------
| rollout/                |             |
|    ep_len_mean          | 649         |
|    ep_rew_mean          | 58.8        |
| time/                   |             |
|    fps                  | 2528        |
|    iterations           | 316         |
|    time_elapsed         | 1727        |
|    total_timesteps      | 4368384     |
| train/                  |             |
|    approx_kl            | 0.010412071 |
|    clip_fraction        | 0.167       |
|    clip_range           | 0.2         |
|    entropy_loss         | 0.422       |
|    explained_variance   | 0.696       |
|    learning_rate        | 0.0003      |
|    loss                 | 0.0185      |
|    n_updates            | 1575        |
|    policy_gradient_loss | 0.000578    |
|    std                  | 0.196       |
|    value_loss           | 0.0419      |
-----------------------------------------
-----------------------------------------
| rollout/                |             |
|    ep_len_mean          | 532         |
|    ep_rew_mean          | 47.9        |
| time/                   |             |
|    fps                  | 2530        |
|    iterations           | 317         |
|    time_elapsed         | 1731        |
|    total_timesteps      | 4382208     |
| train/                  |             |
|    approx_kl            | 0.016149292 |
|    clip_fraction        | 0.196       |
|    clip_range           | 0.2         |
|    entropy_loss         | 0.423       |
|    explained_variance   | 0.905       |
|    learning_rate        | 0.0003      |
|    loss                 | 0.025       |
|    n_updates            | 1580        |
|    policy_gradient_loss | 0.00226     |
|    std                  | 0.196       |
|    value_loss           | 0.0536      |
-----------------------------------------
-----------------------------------------
| rollout/                |             |
|    ep_len_mean          | 432         |
|    ep_rew_mean          | 38.5        |
| time/                   |             |
|    fps                  | 2533        |
|    iterations           | 318         |
|    time_elapsed         | 1735        |
|    total_timesteps      | 4396032     |
| train/                  |             |
|    approx_kl            | 0.014873721 |
|    clip_fraction        | 0.149       |
|    clip_range           | 0.2         |
|    entropy_loss         | 0.424       |
|    explained_variance   | 0.875       |
|    learning_rate        | 0.0003      |
|    loss                 | 0.0308      |
|    n_updates            | 1585        |
|    policy_gradient_loss | 0.000336    |
|    std                  | 0.196       |
|    value_loss           | 0.072       |
-----------------------------------------
------------------------------------------
| rollout/                |              |
|    ep_len_mean          | 540          |
|    ep_rew_mean          | 48.8         |
| time/                   |              |
|    fps                  | 2536         |
|    iterations           | 319          |
|    time_elapsed         | 1738         |
|    total_timesteps      | 4409856      |
| train/                  |              |
|    approx_kl            | 0.0084734615 |
|    clip_fraction        | 0.0808       |
|    clip_range           | 0.2          |
|    entropy_loss         | 0.427        |
|    explained_variance   | 0.8          |
|    learning_rate        | 0.0003       |
|    loss                 | 0.0389       |
|    n_updates            | 1590         |
|    policy_gradient_loss | -0.00384     |
|    std                  | 0.195        |
|    value_loss           | 0.0925       |
------------------------------------------
-----------------------------------------
| rollout/                |             |
|    ep_len_mean          | 454         |
|    ep_rew_mean          | 40.4        |
| time/                   |             |
|    fps                  | 2538        |
|    iterations           | 320         |
|    time_elapsed         | 1742        |
|    total_timesteps      | 4423680     |
| train/                  |             |
|    approx_kl            | 0.007994524 |
|    clip_fraction        | 0.0909      |
|    clip_range           | 0.2         |
|    entropy_loss         | 0.429       |
|    explained_variance   | 0.852       |
|    learning_rate        | 0.0003      |
|    loss                 | 0.0293      |
|    n_updates            | 1595        |
|    policy_gradient_loss | -0.00106    |
|    std                  | 0.195       |
|    value_loss           | 0.0766      |
-----------------------------------------
------------------------------------------
| rollout/                |              |
|    ep_len_mean          | 501          |
|    ep_rew_mean          | 45.1         |
| time/                   |              |
|    fps                  | 2540         |
|    iterations           | 321          |
|    time_elapsed         | 1746         |
|    total_timesteps      | 4437504      |
| train/                  |              |
|    approx_kl            | 0.0055853385 |
|    clip_fraction        | 0.155        |
|    clip_range           | 0.2          |
|    entropy_loss         | 0.433        |
|    explained_variance   | 0.858        |
|    learning_rate        | 0.0003       |
|    loss                 | 0.0365       |
|    n_updates            | 1600         |
|    policy_gradient_loss | 0.00169      |
|    std                  | 0.194        |
|    value_loss           | 0.0778       |
------------------------------------------
------------------------------------------
| rollout/                |              |
|    ep_len_mean          | 517          |
|    ep_rew_mean          | 46.1         |
| time/                   |              |
|    fps                  | 2542         |
|    iterations           | 322          |
|    time_elapsed         | 1750         |
|    total_timesteps      | 4451328      |
| train/                  |              |
|    approx_kl            | 0.0045504966 |
|    clip_fraction        | 0.1          |
|    clip_range           | 0.2          |
|    entropy_loss         | 0.438        |
|    explained_variance   | 0.831        |
|    learning_rate        | 0.0003       |
|    loss                 | 0.0271       |
|    n_updates            | 1605         |
|    policy_gradient_loss | -0.000237    |
|    std                  | 0.195        |
|    value_loss           | 0.0879       |
------------------------------------------
-----------------------------------------
| rollout/                |             |
|    ep_len_mean          | 473         |
|    ep_rew_mean          | 41.8        |
| time/                   |             |
|    fps                  | 2545        |
|    iterations           | 323         |
|    time_elapsed         | 1754        |
|    total_timesteps      | 4465152     |
| train/                  |             |
|    approx_kl            | 0.009793522 |
|    clip_fraction        | 0.087       |
|    clip_range           | 0.2         |
|    entropy_loss         | 0.439       |
|    explained_variance   | 0.851       |
|    learning_rate        | 0.0003      |
|    loss                 | 0.0438      |
|    n_updates            | 1610        |
|    policy_gradient_loss | -0.00146    |
|    std                  | 0.194       |
|    value_loss           | 0.102       |
-----------------------------------------
-----------------------------------------
| rollout/                |             |
|    ep_len_mean          | 516         |
|    ep_rew_mean          | 45.8        |
| time/                   |             |
|    fps                  | 2547        |
|    iterations           | 324         |
|    time_elapsed         | 1757        |
|    total_timesteps      | 4478976     |
| train/                  |             |
|    approx_kl            | 0.007191124 |
|    clip_fraction        | 0.126       |
|    clip_range           | 0.2         |
|    entropy_loss         | 0.444       |
|    explained_variance   | 0.912       |
|    learning_rate        | 0.0003      |
|    loss                 | 0.0048      |
|    n_updates            | 1615        |
|    policy_gradient_loss | -0.000657   |
|    std                  | 0.194       |
|    value_loss           | 0.0279      |
-----------------------------------------
-----------------------------------------
| rollout/                |             |
|    ep_len_mean          | 567         |
|    ep_rew_mean          | 50.8        |
| time/                   |             |
|    fps                  | 2550        |
|    iterations           | 325         |
|    time_elapsed         | 1761        |
|    total_timesteps      | 4492800     |
| train/                  |             |
|    approx_kl            | 0.009965686 |
|    clip_fraction        | 0.0882      |
|    clip_range           | 0.2         |
|    entropy_loss         | 0.444       |
|    explained_variance   | 0.814       |
|    learning_rate        | 0.0003      |
|    loss                 | 0.0194      |
|    n_updates            | 1620        |
|    policy_gradient_loss | -0.000972   |
|    std                  | 0.194       |
|    value_loss           | 0.0476      |
-----------------------------------------
[eval] {'steps': 4500009, 'wall_s': 26.9, 'success': 2, 'crash_free': 2, 'restored': 8, 'n': 8, 'crashes': 1.25, 'sep_violation_s': 0.0, 'mean_err_m': 0.7575, 'final_rms_m': 0.4275}
-----------------------------------------
| rollout/                |             |
|    ep_len_mean          | 675         |
|    ep_rew_mean          | 61.3        |
| time/                   |             |
|    fps                  | 2514        |
|    iterations           | 326         |
|    time_elapsed         | 1791        |
|    total_timesteps      | 4506624     |
| train/                  |             |
|    approx_kl            | 0.012153416 |
|    clip_fraction        | 0.156       |
|    clip_range           | 0.2         |
|    entropy_loss         | 0.445       |
|    explained_variance   | 0.876       |
|    learning_rate        | 0.0003      |
|    loss                 | 0.00664     |
|    n_updates            | 1625        |
|    policy_gradient_loss | 0.000539    |
|    std                  | 0.194       |
|    value_loss           | 0.0161      |
-----------------------------------------
-----------------------------------------
| rollout/                |             |
|    ep_len_mean          | 628         |
|    ep_rew_mean          | 57          |
| time/                   |             |
|    fps                  | 2517        |
|    iterations           | 327         |
|    time_elapsed         | 1795        |
|    total_timesteps      | 4520448     |
| train/                  |             |
|    approx_kl            | 0.007703258 |
|    clip_fraction        | 0.142       |
|    clip_range           | 0.2         |
|    entropy_loss         | 0.443       |
|    explained_variance   | 0.883       |
|    learning_rate        | 0.0003      |
|    loss                 | 0.0159      |
|    n_updates            | 1630        |
|    policy_gradient_loss | 0.00113     |
|    std                  | 0.194       |
|    value_loss           | 0.0361      |
-----------------------------------------
-----------------------------------------
| rollout/                |             |
|    ep_len_mean          | 661         |
|    ep_rew_mean          | 59.8        |
| time/                   |             |
|    fps                  | 2519        |
|    iterations           | 328         |
|    time_elapsed         | 1799        |
|    total_timesteps      | 4534272     |
| train/                  |             |
|    approx_kl            | 0.010810886 |
|    clip_fraction        | 0.108       |
|    clip_range           | 0.2         |
|    entropy_loss         | 0.446       |
|    explained_variance   | 0.853       |
|    learning_rate        | 0.0003      |
|    loss                 | 0.0336      |
|    n_updates            | 1635        |
|    policy_gradient_loss | -0.00172    |
|    std                  | 0.194       |
|    value_loss           | 0.0711      |
-----------------------------------------
-----------------------------------------
| rollout/                |             |
|    ep_len_mean          | 639         |
|    ep_rew_mean          | 57.6        |
| time/                   |             |
|    fps                  | 2521        |
|    iterations           | 329         |
|    time_elapsed         | 1803        |
|    total_timesteps      | 4548096     |
| train/                  |             |
|    approx_kl            | 0.007104231 |
|    clip_fraction        | 0.0904      |
|    clip_range           | 0.2         |
|    entropy_loss         | 0.448       |
|    explained_variance   | 0.81        |
|    learning_rate        | 0.0003      |
|    loss                 | 0.015       |
|    n_updates            | 1640        |
|    policy_gradient_loss | -0.00149    |
|    std                  | 0.193       |
|    value_loss           | 0.0401      |
-----------------------------------------
-----------------------------------------
| rollout/                |             |
|    ep_len_mean          | 586         |
|    ep_rew_mean          | 51.8        |
| time/                   |             |
|    fps                  | 2523        |
|    iterations           | 330         |
|    time_elapsed         | 1807        |
|    total_timesteps      | 4561920     |
| train/                  |             |
|    approx_kl            | 0.008821654 |
|    clip_fraction        | 0.0871      |
|    clip_range           | 0.2         |
|    entropy_loss         | 0.451       |
|    explained_variance   | 0.849       |
|    learning_rate        | 0.0003      |
|    loss                 | 0.0471      |
|    n_updates            | 1645        |
|    policy_gradient_loss | -0.00225    |
|    std                  | 0.193       |
|    value_loss           | 0.0936      |
-----------------------------------------
-----------------------------------------
| rollout/                |             |
|    ep_len_mean          | 543         |
|    ep_rew_mean          | 48          |
| time/                   |             |
|    fps                  | 2525        |
|    iterations           | 331         |
|    time_elapsed         | 1811        |
|    total_timesteps      | 4575744     |
| train/                  |             |
|    approx_kl            | 0.005924104 |
|    clip_fraction        | 0.0805      |
|    clip_range           | 0.2         |
|    entropy_loss         | 0.455       |
|    explained_variance   | 0.903       |
|    learning_rate        | 0.0003      |
|    loss                 | 0.0208      |
|    n_updates            | 1650        |
|    policy_gradient_loss | -0.0016     |
|    std                  | 0.193       |
|    value_loss           | 0.056       |
-----------------------------------------
------------------------------------------
| rollout/                |              |
|    ep_len_mean          | 508          |
|    ep_rew_mean          | 44.5         |
| time/                   |              |
|    fps                  | 2527         |
|    iterations           | 332          |
|    time_elapsed         | 1815         |
|    total_timesteps      | 4589568      |
| train/                  |              |
|    approx_kl            | 0.0062231827 |
|    clip_fraction        | 0.0784       |
|    clip_range           | 0.2          |
|    entropy_loss         | 0.455        |
|    explained_variance   | 0.812        |
|    learning_rate        | 0.0003       |
|    loss                 | 0.055        |
|    n_updates            | 1655         |
|    policy_gradient_loss | -0.00173     |
|    std                  | 0.193        |
|    value_loss           | 0.125        |
------------------------------------------
------------------------------------------
| rollout/                |              |
|    ep_len_mean          | 442          |
|    ep_rew_mean          | 38.7         |
| time/                   |              |
|    fps                  | 2530         |
|    iterations           | 333          |
|    time_elapsed         | 1819         |
|    total_timesteps      | 4603392      |
| train/                  |              |
|    approx_kl            | 0.0143930055 |
|    clip_fraction        | 0.108        |
|    clip_range           | 0.2          |
|    entropy_loss         | 0.455        |
|    explained_variance   | 0.885        |
|    learning_rate        | 0.0003       |
|    loss                 | 0.018        |
|    n_updates            | 1660         |
|    policy_gradient_loss | -0.00156     |
|    std                  | 0.193        |
|    value_loss           | 0.0393       |
------------------------------------------
-----------------------------------------
| rollout/                |             |
|    ep_len_mean          | 459         |
|    ep_rew_mean          | 40.7        |
| time/                   |             |
|    fps                  | 2532        |
|    iterations           | 334         |
|    time_elapsed         | 1822        |
|    total_timesteps      | 4617216     |
| train/                  |             |
|    approx_kl            | 0.010594785 |
|    clip_fraction        | 0.129       |
|    clip_range           | 0.2         |
|    entropy_loss         | 0.455       |
|    explained_variance   | 0.87        |
|    learning_rate        | 0.0003      |
|    loss                 | 0.0485      |
|    n_updates            | 1665        |
|    policy_gradient_loss | 0.000698    |
|    std                  | 0.193       |
|    value_loss           | 0.0887      |
-----------------------------------------
-----------------------------------------
| rollout/                |             |
|    ep_len_mean          | 526         |
|    ep_rew_mean          | 46.9        |
| time/                   |             |
|    fps                  | 2534        |
|    iterations           | 335         |
|    time_elapsed         | 1827        |
|    total_timesteps      | 4631040     |
| train/                  |             |
|    approx_kl            | 0.007626071 |
|    clip_fraction        | 0.0924      |
|    clip_range           | 0.2         |
|    entropy_loss         | 0.455       |
|    explained_variance   | 0.901       |
|    learning_rate        | 0.0003      |
|    loss                 | 0.021       |
|    n_updates            | 1670        |
|    policy_gradient_loss | -0.00199    |
|    std                  | 0.193       |
|    value_loss           | 0.0463      |
-----------------------------------------
------------------------------------------
| rollout/                |              |
|    ep_len_mean          | 513          |
|    ep_rew_mean          | 45.7         |
| time/                   |              |
|    fps                  | 2536         |
|    iterations           | 336          |
|    time_elapsed         | 1830         |
|    total_timesteps      | 4644864      |
| train/                  |              |
|    approx_kl            | 0.0058826557 |
|    clip_fraction        | 0.0828       |
|    clip_range           | 0.2          |
|    entropy_loss         | 0.459        |
|    explained_variance   | 0.76         |
|    learning_rate        | 0.0003       |
|    loss                 | 0.0625       |
|    n_updates            | 1675         |
|    policy_gradient_loss | -0.00109     |
|    std                  | 0.192        |
|    value_loss           | 0.136        |
------------------------------------------
-----------------------------------------
| rollout/                |             |
|    ep_len_mean          | 587         |
|    ep_rew_mean          | 52.8        |
| time/                   |             |
|    fps                  | 2539        |
|    iterations           | 337         |
|    time_elapsed         | 1834        |
|    total_timesteps      | 4658688     |
| train/                  |             |
|    approx_kl            | 0.011359853 |
|    clip_fraction        | 0.145       |
|    clip_range           | 0.2         |
|    entropy_loss         | 0.465       |
|    explained_variance   | 0.812       |
|    learning_rate        | 0.0003      |
|    loss                 | 0.0181      |
|    n_updates            | 1680        |
|    policy_gradient_loss | -0.000476   |
|    std                  | 0.191       |
|    value_loss           | 0.044       |
-----------------------------------------
-----------------------------------------
| rollout/                |             |
|    ep_len_mean          | 601         |
|    ep_rew_mean          | 53.7        |
| time/                   |             |
|    fps                  | 2541        |
|    iterations           | 338         |
|    time_elapsed         | 1838        |
|    total_timesteps      | 4672512     |
| train/                  |             |
|    approx_kl            | 0.009502211 |
|    clip_fraction        | 0.149       |
|    clip_range           | 0.2         |
|    entropy_loss         | 0.47        |
|    explained_variance   | 0.861       |
|    learning_rate        | 0.0003      |
|    loss                 | 0.0139      |
|    n_updates            | 1685        |
|    policy_gradient_loss | 0.00121     |
|    std                  | 0.191       |
|    value_loss           | 0.0356      |
-----------------------------------------
-----------------------------------------
| rollout/                |             |
|    ep_len_mean          | 620         |
|    ep_rew_mean          | 55.4        |
| time/                   |             |
|    fps                  | 2543        |
|    iterations           | 339         |
|    time_elapsed         | 1842        |
|    total_timesteps      | 4686336     |
| train/                  |             |
|    approx_kl            | 0.006560517 |
|    clip_fraction        | 0.0835      |
|    clip_range           | 0.2         |
|    entropy_loss         | 0.473       |
|    explained_variance   | 0.83        |
|    learning_rate        | 0.0003      |
|    loss                 | 0.0215      |
|    n_updates            | 1690        |
|    policy_gradient_loss | -0.00251    |
|    std                  | 0.191       |
|    value_loss           | 0.0568      |
-----------------------------------------
------------------------------------------
| rollout/                |              |
|    ep_len_mean          | 693          |
|    ep_rew_mean          | 62.4         |
| time/                   |              |
|    fps                  | 2545         |
|    iterations           | 340          |
|    time_elapsed         | 1846         |
|    total_timesteps      | 4700160      |
| train/                  |              |
|    approx_kl            | 0.0102229705 |
|    clip_fraction        | 0.0742       |
|    clip_range           | 0.2          |
|    entropy_loss         | 0.476        |
|    explained_variance   | 0.934        |
|    learning_rate        | 0.0003       |
|    loss                 | 0.018        |
|    n_updates            | 1695         |
|    policy_gradient_loss | -0.000731    |
|    std                  | 0.19         |
|    value_loss           | 0.0269       |
------------------------------------------
------------------------------------------
| rollout/                |              |
|    ep_len_mean          | 675          |
|    ep_rew_mean          | 60.4         |
| time/                   |              |
|    fps                  | 2547         |
|    iterations           | 341          |
|    time_elapsed         | 1850         |
|    total_timesteps      | 4713984      |
| train/                  |              |
|    approx_kl            | 0.0067204204 |
|    clip_fraction        | 0.12         |
|    clip_range           | 0.2          |
|    entropy_loss         | 0.48         |
|    explained_variance   | 0.837        |
|    learning_rate        | 0.0003       |
|    loss                 | 0.0164       |
|    n_updates            | 1700         |
|    policy_gradient_loss | -0.00166     |
|    std                  | 0.19         |
|    value_loss           | 0.0427       |
------------------------------------------
-----------------------------------------
| rollout/                |             |
|    ep_len_mean          | 636         |
|    ep_rew_mean          | 56.2        |
| time/                   |             |
|    fps                  | 2550        |
|    iterations           | 342         |
|    time_elapsed         | 1854        |
|    total_timesteps      | 4727808     |
| train/                  |             |
|    approx_kl            | 0.011813088 |
|    clip_fraction        | 0.124       |
|    clip_range           | 0.2         |
|    entropy_loss         | 0.482       |
|    explained_variance   | 0.821       |
|    learning_rate        | 0.0003      |
|    loss                 | 0.012       |
|    n_updates            | 1705        |
|    policy_gradient_loss | 5.64e-05    |
|    std                  | 0.19        |
|    value_loss           | 0.0379      |
-----------------------------------------
-----------------------------------------
| rollout/                |             |
|    ep_len_mean          | 757         |
|    ep_rew_mean          | 68.2        |
| time/                   |             |
|    fps                  | 2552        |
|    iterations           | 343         |
|    time_elapsed         | 1857        |
|    total_timesteps      | 4741632     |
| train/                  |             |
|    approx_kl            | 0.007163623 |
|    clip_fraction        | 0.0952      |
|    clip_range           | 0.2         |
|    entropy_loss         | 0.485       |
|    explained_variance   | 0.863       |
|    learning_rate        | 0.0003      |
|    loss                 | 0.00767     |
|    n_updates            | 1710        |
|    policy_gradient_loss | -0.00203    |
|    std                  | 0.19        |
|    value_loss           | 0.0394      |
-----------------------------------------
-----------------------------------------
| rollout/                |             |
|    ep_len_mean          | 772         |
|    ep_rew_mean          | 69.6        |
| time/                   |             |
|    fps                  | 2554        |
|    iterations           | 344         |
|    time_elapsed         | 1861        |
|    total_timesteps      | 4755456     |
| train/                  |             |
|    approx_kl            | 0.009517981 |
|    clip_fraction        | 0.0911      |
|    clip_range           | 0.2         |
|    entropy_loss         | 0.488       |
|    explained_variance   | 0.841       |
|    learning_rate        | 0.0003      |
|    loss                 | 0.0209      |
|    n_updates            | 1715        |
|    policy_gradient_loss | -0.00114    |
|    std                  | 0.189       |
|    value_loss           | 0.0421      |
-----------------------------------------
------------------------------------------
| rollout/                |              |
|    ep_len_mean          | 682          |
|    ep_rew_mean          | 61.3         |
| time/                   |              |
|    fps                  | 2556         |
|    iterations           | 345          |
|    time_elapsed         | 1865         |
|    total_timesteps      | 4769280      |
| train/                  |              |
|    approx_kl            | 0.0076300395 |
|    clip_fraction        | 0.0962       |
|    clip_range           | 0.2          |
|    entropy_loss         | 0.49         |
|    explained_variance   | 0.886        |
|    learning_rate        | 0.0003       |
|    loss                 | 0.00889      |
|    n_updates            | 1720         |
|    policy_gradient_loss | -0.000145    |
|    std                  | 0.189        |
|    value_loss           | 0.0337       |
------------------------------------------
------------------------------------------
| rollout/                |              |
|    ep_len_mean          | 645          |
|    ep_rew_mean          | 58.4         |
| time/                   |              |
|    fps                  | 2558         |
|    iterations           | 346          |
|    time_elapsed         | 1869         |
|    total_timesteps      | 4783104      |
| train/                  |              |
|    approx_kl            | 0.0054550623 |
|    clip_fraction        | 0.085        |
|    clip_range           | 0.2          |
|    entropy_loss         | 0.49         |
|    explained_variance   | 0.851        |
|    learning_rate        | 0.0003       |
|    loss                 | 0.027        |
|    n_updates            | 1725         |
|    policy_gradient_loss | -0.0016      |
|    std                  | 0.189        |
|    value_loss           | 0.0753       |
------------------------------------------
------------------------------------------
| rollout/                |              |
|    ep_len_mean          | 552          |
|    ep_rew_mean          | 49.5         |
| time/                   |              |
|    fps                  | 2560         |
|    iterations           | 347          |
|    time_elapsed         | 1873         |
|    total_timesteps      | 4796928      |
| train/                  |              |
|    approx_kl            | 0.0105779795 |
|    clip_fraction        | 0.104        |
|    clip_range           | 0.2          |
|    entropy_loss         | 0.49         |
|    explained_variance   | 0.875        |
|    learning_rate        | 0.0003       |
|    loss                 | 0.00846      |
|    n_updates            | 1730         |
|    policy_gradient_loss | -0.000984    |
|    std                  | 0.189        |
|    value_loss           | 0.0231       |
------------------------------------------
------------------------------------------
| rollout/                |              |
|    ep_len_mean          | 552          |
|    ep_rew_mean          | 49.5         |
| time/                   |              |
|    fps                  | 2561         |
|    iterations           | 348          |
|    time_elapsed         | 1877         |
|    total_timesteps      | 4810752      |
| train/                  |              |
|    approx_kl            | 0.0053488775 |
|    clip_fraction        | 0.079        |
|    clip_range           | 0.2          |
|    entropy_loss         | 0.491        |
|    explained_variance   | 0.882        |
|    learning_rate        | 0.0003       |
|    loss                 | 0.0398       |
|    n_updates            | 1735         |
|    policy_gradient_loss | -0.00243     |
|    std                  | 0.189        |
|    value_loss           | 0.101        |
------------------------------------------
-----------------------------------------
| rollout/                |             |
|    ep_len_mean          | 601         |
|    ep_rew_mean          | 54          |
| time/                   |             |
|    fps                  | 2564        |
|    iterations           | 349         |
|    time_elapsed         | 1881        |
|    total_timesteps      | 4824576     |
| train/                  |             |
|    approx_kl            | 0.008458632 |
|    clip_fraction        | 0.095       |
|    clip_range           | 0.2         |
|    entropy_loss         | 0.494       |
|    explained_variance   | 0.809       |
|    learning_rate        | 0.0003      |
|    loss                 | 0.00974     |
|    n_updates            | 1740        |
|    policy_gradient_loss | -0.00118    |
|    std                  | 0.189       |
|    value_loss           | 0.0361      |
-----------------------------------------
-----------------------------------------
| rollout/                |             |
|    ep_len_mean          | 479         |
|    ep_rew_mean          | 42.8        |
| time/                   |             |
|    fps                  | 2566        |
|    iterations           | 350         |
|    time_elapsed         | 1885        |
|    total_timesteps      | 4838400     |
| train/                  |             |
|    approx_kl            | 0.016867047 |
|    clip_fraction        | 0.159       |
|    clip_range           | 0.2         |
|    entropy_loss         | 0.495       |
|    explained_variance   | 0.833       |
|    learning_rate        | 0.0003      |
|    loss                 | 0.0181      |
|    n_updates            | 1745        |
|    policy_gradient_loss | 0.000365    |
|    std                  | 0.189       |
|    value_loss           | 0.0524      |
-----------------------------------------
-----------------------------------------
| rollout/                |             |
|    ep_len_mean          | 483         |
|    ep_rew_mean          | 43          |
| time/                   |             |
|    fps                  | 2568        |
|    iterations           | 351         |
|    time_elapsed         | 1888        |
|    total_timesteps      | 4852224     |
| train/                  |             |
|    approx_kl            | 0.005098251 |
|    clip_fraction        | 0.105       |
|    clip_range           | 0.2         |
|    entropy_loss         | 0.495       |
|    explained_variance   | 0.823       |
|    learning_rate        | 0.0003      |
|    loss                 | 0.0362      |
|    n_updates            | 1750        |
|    policy_gradient_loss | 0.000234    |
|    std                  | 0.189       |
|    value_loss           | 0.11        |
-----------------------------------------
-----------------------------------------
| rollout/                |             |
|    ep_len_mean          | 472         |
|    ep_rew_mean          | 41.7        |
| time/                   |             |
|    fps                  | 2571        |
|    iterations           | 352         |
|    time_elapsed         | 1892        |
|    total_timesteps      | 4866048     |
| train/                  |             |
|    approx_kl            | 0.009324688 |
|    clip_fraction        | 0.131       |
|    clip_range           | 0.2         |
|    entropy_loss         | 0.497       |
|    explained_variance   | 0.895       |
|    learning_rate        | 0.0003      |
|    loss                 | 0.0262      |
|    n_updates            | 1755        |
|    policy_gradient_loss | 0.000892    |
|    std                  | 0.189       |
|    value_loss           | 0.0523      |
-----------------------------------------
-----------------------------------------
| rollout/                |             |
|    ep_len_mean          | 524         |
|    ep_rew_mean          | 47.2        |
| time/                   |             |
|    fps                  | 2574        |
|    iterations           | 353         |
|    time_elapsed         | 1895        |
|    total_timesteps      | 4879872     |
| train/                  |             |
|    approx_kl            | 0.005181554 |
|    clip_fraction        | 0.0895      |
|    clip_range           | 0.2         |
|    entropy_loss         | 0.5         |
|    explained_variance   | 0.877       |
|    learning_rate        | 0.0003      |
|    loss                 | -0.00317    |
|    n_updates            | 1760        |
|    policy_gradient_loss | -0.00284    |
|    std                  | 0.188       |
|    value_loss           | 0.0115      |
-----------------------------------------
-----------------------------------------
| rollout/                |             |
|    ep_len_mean          | 571         |
|    ep_rew_mean          | 51.6        |
| time/                   |             |
|    fps                  | 2576        |
|    iterations           | 354         |
|    time_elapsed         | 1899        |
|    total_timesteps      | 4893696     |
| train/                  |             |
|    approx_kl            | 0.007851824 |
|    clip_fraction        | 0.135       |
|    clip_range           | 0.2         |
|    entropy_loss         | 0.504       |
|    explained_variance   | 0.889       |
|    learning_rate        | 0.0003      |
|    loss                 | 0.021       |
|    n_updates            | 1765        |
|    policy_gradient_loss | 0.000749    |
|    std                  | 0.188       |
|    value_loss           | 0.0466      |
-----------------------------------------
-----------------------------------------
| rollout/                |             |
|    ep_len_mean          | 670         |
|    ep_rew_mean          | 61.2        |
| time/                   |             |
|    fps                  | 2579        |
|    iterations           | 355         |
|    time_elapsed         | 1902        |
|    total_timesteps      | 4907520     |
| train/                  |             |
|    approx_kl            | 0.009252435 |
|    clip_fraction        | 0.104       |
|    clip_range           | 0.2         |
|    entropy_loss         | 0.514       |
|    explained_variance   | 0.634       |
|    learning_rate        | 0.0003      |
|    loss                 | 0.00692     |
|    n_updates            | 1770        |
|    policy_gradient_loss | -0.00206    |
|    std                  | 0.187       |
|    value_loss           | 0.0208      |
-----------------------------------------
-----------------------------------------
| rollout/                |             |
|    ep_len_mean          | 703         |
|    ep_rew_mean          | 64.6        |
| time/                   |             |
|    fps                  | 2581        |
|    iterations           | 356         |
|    time_elapsed         | 1906        |
|    total_timesteps      | 4921344     |
| train/                  |             |
|    approx_kl            | 0.004332769 |
|    clip_fraction        | 0.0942      |
|    clip_range           | 0.2         |
|    entropy_loss         | 0.518       |
|    explained_variance   | 0.562       |
|    learning_rate        | 0.0003      |
|    loss                 | 0.0317      |
|    n_updates            | 1775        |
|    policy_gradient_loss | -0.00112    |
|    std                  | 0.187       |
|    value_loss           | 0.0675      |
-----------------------------------------
------------------------------------------
| rollout/                |              |
|    ep_len_mean          | 537          |
|    ep_rew_mean          | 48.7         |
| time/                   |              |
|    fps                  | 2584         |
|    iterations           | 357          |
|    time_elapsed         | 1909         |
|    total_timesteps      | 4935168      |
| train/                  |              |
|    approx_kl            | 0.0064560506 |
|    clip_fraction        | 0.0988       |
|    clip_range           | 0.2          |
|    entropy_loss         | 0.52         |
|    explained_variance   | 0.813        |
|    learning_rate        | 0.0003       |
|    loss                 | 0.011        |
|    n_updates            | 1780         |
|    policy_gradient_loss | -0.00167     |
|    std                  | 0.187        |
|    value_loss           | 0.0447       |
------------------------------------------
-----------------------------------------
| rollout/                |             |
|    ep_len_mean          | 564         |
|    ep_rew_mean          | 51.4        |
| time/                   |             |
|    fps                  | 2586        |
|    iterations           | 358         |
|    time_elapsed         | 1913        |
|    total_timesteps      | 4948992     |
| train/                  |             |
|    approx_kl            | 0.010357185 |
|    clip_fraction        | 0.13        |
|    clip_range           | 0.2         |
|    entropy_loss         | 0.521       |
|    explained_variance   | 0.821       |
|    learning_rate        | 0.0003      |
|    loss                 | 0.0185      |
|    n_updates            | 1785        |
|    policy_gradient_loss | -0.00371    |
|    std                  | 0.187       |
|    value_loss           | 0.0746      |
-----------------------------------------
------------------------------------------
| rollout/                |              |
|    ep_len_mean          | 576          |
|    ep_rew_mean          | 52.9         |
| time/                   |              |
|    fps                  | 2589         |
|    iterations           | 359          |
|    time_elapsed         | 1916         |
|    total_timesteps      | 4962816      |
| train/                  |              |
|    approx_kl            | 0.0052980855 |
|    clip_fraction        | 0.12         |
|    clip_range           | 0.2          |
|    entropy_loss         | 0.522        |
|    explained_variance   | 0.887        |
|    learning_rate        | 0.0003       |
|    loss                 | 0.00249      |
|    n_updates            | 1790         |
|    policy_gradient_loss | 0.000166     |
|    std                  | 0.186        |
|    value_loss           | 0.0196       |
------------------------------------------
----------------------------------------
| rollout/                |            |
|    ep_len_mean          | 590        |
|    ep_rew_mean          | 54.2       |
| time/                   |            |
|    fps                  | 2592       |
|    iterations           | 360        |
|    time_elapsed         | 1919       |
|    total_timesteps      | 4976640    |
| train/                  |            |
|    approx_kl            | 0.01782246 |
|    clip_fraction        | 0.136      |
|    clip_range           | 0.2        |
|    entropy_loss         | 0.524      |
|    explained_variance   | 0.905      |
|    learning_rate        | 0.0003     |
|    loss                 | 0.0175     |
|    n_updates            | 1795       |
|    policy_gradient_loss | 0.00098    |
|    std                  | 0.186      |
|    value_loss           | 0.026      |
----------------------------------------
------------------------------------------
| rollout/                |              |
|    ep_len_mean          | 655          |
|    ep_rew_mean          | 60.4         |
| time/                   |              |
|    fps                  | 2594         |
|    iterations           | 361          |
|    time_elapsed         | 1923         |
|    total_timesteps      | 4990464      |
| train/                  |              |
|    approx_kl            | 0.0063655525 |
|    clip_fraction        | 0.122        |
|    clip_range           | 0.2          |
|    entropy_loss         | 0.528        |
|    explained_variance   | 0.858        |
|    learning_rate        | 0.0003       |
|    loss                 | 0.0106       |
|    n_updates            | 1800         |
|    policy_gradient_loss | 0.000698     |
|    std                  | 0.186        |
|    value_loss           | 0.0456       |
------------------------------------------
[eval] {'steps': 5000022, 'wall_s': 26.9, 'success': 3, 'crash_free': 3, 'restored': 8, 'n': 8, 'crashes': 0.875, 'sep_violation_s': 0.48125, 'mean_err_m': 0.7, 'final_rms_m': 0.38}
-----------------------------------------
| rollout/                |             |
|    ep_len_mean          | 796         |
|    ep_rew_mean          | 73.7        |
| time/                   |             |
|    fps                  | 2561        |
|    iterations           | 362         |
|    time_elapsed         | 1953        |
|    total_timesteps      | 5004288     |
| train/                  |             |
|    approx_kl            | 0.008375527 |
|    clip_fraction        | 0.0912      |
|    clip_range           | 0.2         |
|    entropy_loss         | 0.534       |
|    explained_variance   | 0.813       |
|    learning_rate        | 0.0003      |
|    loss                 | 0.0057      |
|    n_updates            | 1805        |
|    policy_gradient_loss | -0.0027     |
|    std                  | 0.185       |
|    value_loss           | 0.00704     |
-----------------------------------------
---------------------------------------
| rollout/                |           |
|    ep_len_mean          | 754       |
|    ep_rew_mean          | 69.3      |
| time/                   |           |
|    fps                  | 2563      |
|    iterations           | 363       |
|    time_elapsed         | 1957      |
|    total_timesteps      | 5018112   |
| train/                  |           |
|    approx_kl            | 0.0084763 |
|    clip_fraction        | 0.0607    |
|    clip_range           | 0.2       |
|    entropy_loss         | 0.541     |
|    explained_variance   | 0.595     |
|    learning_rate        | 0.0003    |
|    loss                 | 0.018     |
|    n_updates            | 1810      |
|    policy_gradient_loss | -0.00171  |
|    std                  | 0.185     |
|    value_loss           | 0.0414    |
---------------------------------------
-----------------------------------------
| rollout/                |             |
|    ep_len_mean          | 750         |
|    ep_rew_mean          | 68.7        |
| time/                   |             |
|    fps                  | 2565        |
|    iterations           | 364         |
|    time_elapsed         | 1961        |
|    total_timesteps      | 5031936     |
| train/                  |             |
|    approx_kl            | 0.008265633 |
|    clip_fraction        | 0.14        |
|    clip_range           | 0.2         |
|    entropy_loss         | 0.54        |
|    explained_variance   | 0.873       |
|    learning_rate        | 0.0003      |
|    loss                 | 0.0207      |
|    n_updates            | 1815        |
|    policy_gradient_loss | 0.00124     |
|    std                  | 0.185       |
|    value_loss           | 0.0515      |
-----------------------------------------
-----------------------------------------
| rollout/                |             |
|    ep_len_mean          | 719         |
|    ep_rew_mean          | 65.7        |
| time/                   |             |
|    fps                  | 2568        |
|    iterations           | 365         |
|    time_elapsed         | 1964        |
|    total_timesteps      | 5045760     |
| train/                  |             |
|    approx_kl            | 0.010686886 |
|    clip_fraction        | 0.099       |
|    clip_range           | 0.2         |
|    entropy_loss         | 0.541       |
|    explained_variance   | 0.864       |
|    learning_rate        | 0.0003      |
|    loss                 | 0.0176      |
|    n_updates            | 1820        |
|    policy_gradient_loss | -0.00069    |
|    std                  | 0.185       |
|    value_loss           | 0.0443      |
-----------------------------------------
------------------------------------------
| rollout/                |              |
|    ep_len_mean          | 701          |
|    ep_rew_mean          | 65.1         |
| time/                   |              |
|    fps                  | 2570         |
|    iterations           | 366          |
|    time_elapsed         | 1968         |
|    total_timesteps      | 5059584      |
| train/                  |              |
|    approx_kl            | 0.0032569207 |
|    clip_fraction        | 0.176        |
|    clip_range           | 0.2          |
|    entropy_loss         | 0.545        |
|    explained_variance   | 0.725        |
|    learning_rate        | 0.0003       |
|    loss                 | 0.000867     |
|    n_updates            | 1825         |
|    policy_gradient_loss | 0.00574      |
|    std                  | 0.184        |
|    value_loss           | 0.00448      |
------------------------------------------
------------------------------------------
| rollout/                |              |
|    ep_len_mean          | 644          |
|    ep_rew_mean          | 59.6         |
| time/                   |              |
|    fps                  | 2572         |
|    iterations           | 367          |
|    time_elapsed         | 1971         |
|    total_timesteps      | 5073408      |
| train/                  |              |
|    approx_kl            | 0.0069279615 |
|    clip_fraction        | 0.0636       |
|    clip_range           | 0.2          |
|    entropy_loss         | 0.552        |
|    explained_variance   | 0.908        |
|    learning_rate        | 0.0003       |
|    loss                 | 0.00626      |
|    n_updates            | 1830         |
|    policy_gradient_loss | -0.00175     |
|    std                  | 0.183        |
|    value_loss           | 0.0152       |
------------------------------------------
-----------------------------------------
| rollout/                |             |
|    ep_len_mean          | 685         |
|    ep_rew_mean          | 63.9        |
| time/                   |             |
|    fps                  | 2575        |
|    iterations           | 368         |
|    time_elapsed         | 1975        |
|    total_timesteps      | 5087232     |
| train/                  |             |
|    approx_kl            | 0.011008513 |
|    clip_fraction        | 0.137       |
|    clip_range           | 0.2         |
|    entropy_loss         | 0.556       |
|    explained_variance   | 0.884       |
|    learning_rate        | 0.0003      |
|    loss                 | 0.0204      |
|    n_updates            | 1835        |
|    policy_gradient_loss | 0.000769    |
|    std                  | 0.183       |
|    value_loss           | 0.0559      |
-----------------------------------------
------------------------------------------
| rollout/                |              |
|    ep_len_mean          | 779          |
|    ep_rew_mean          | 73.1         |
| time/                   |              |
|    fps                  | 2577         |
|    iterations           | 369          |
|    time_elapsed         | 1978         |
|    total_timesteps      | 5101056      |
| train/                  |              |
|    approx_kl            | 0.0062687187 |
|    clip_fraction        | 0.112        |
|    clip_range           | 0.2          |
|    entropy_loss         | 0.56         |
|    explained_variance   | 0.722        |
|    learning_rate        | 0.0003       |
|    loss                 | 0.00306      |
|    n_updates            | 1840         |
|    policy_gradient_loss | -0.000748    |
|    std                  | 0.183        |
|    value_loss           | 0.0074       |
------------------------------------------
-----------------------------------------
| rollout/                |             |
|    ep_len_mean          | 688         |
|    ep_rew_mean          | 63.8        |
| time/                   |             |
|    fps                  | 2578        |
|    iterations           | 370         |
|    time_elapsed         | 1983        |
|    total_timesteps      | 5114880     |
| train/                  |             |
|    approx_kl            | 0.009831482 |
|    clip_fraction        | 0.113       |
|    clip_range           | 0.2         |
|    entropy_loss         | 0.564       |
|    explained_variance   | 0.903       |
|    learning_rate        | 0.0003      |
|    loss                 | 0.00362     |
|    n_updates            | 1845        |
|    policy_gradient_loss | 0.000593    |
|    std                  | 0.183       |
|    value_loss           | 0.0215      |
-----------------------------------------
-----------------------------------------
| rollout/                |             |
|    ep_len_mean          | 734         |
|    ep_rew_mean          | 67.9        |
| time/                   |             |
|    fps                  | 2580        |
|    iterations           | 371         |
|    time_elapsed         | 1987        |
|    total_timesteps      | 5128704     |
| train/                  |             |
|    approx_kl            | 0.006004659 |
|    clip_fraction        | 0.103       |
|    clip_range           | 0.2         |
|    entropy_loss         | 0.564       |
|    explained_variance   | 0.754       |
|    learning_rate        | 0.0003      |
|    loss                 | 0.0631      |
|    n_updates            | 1850        |
|    policy_gradient_loss | -0.00126    |
|    std                  | 0.183       |
|    value_loss           | 0.107       |
-----------------------------------------
-----------------------------------------
| rollout/                |             |
|    ep_len_mean          | 727         |
|    ep_rew_mean          | 66.5        |
| time/                   |             |
|    fps                  | 2583        |
|    iterations           | 372         |
|    time_elapsed         | 1990        |
|    total_timesteps      | 5142528     |
| train/                  |             |
|    approx_kl            | 0.008334709 |
|    clip_fraction        | 0.129       |
|    clip_range           | 0.2         |
|    entropy_loss         | 0.567       |
|    explained_variance   | 0.78        |
|    learning_rate        | 0.0003      |
|    loss                 | 0.0139      |
|    n_updates            | 1855        |
|    policy_gradient_loss | 0.00106     |
|    std                  | 0.182       |
|    value_loss           | 0.0273      |
-----------------------------------------
-----------------------------------------
| rollout/                |             |
|    ep_len_mean          | 731         |
|    ep_rew_mean          | 66.5        |
| time/                   |             |
|    fps                  | 2585        |
|    iterations           | 373         |
|    time_elapsed         | 1994        |
|    total_timesteps      | 5156352     |
| train/                  |             |
|    approx_kl            | 0.012837809 |
|    clip_fraction        | 0.0979      |
|    clip_range           | 0.2         |
|    entropy_loss         | 0.573       |
|    explained_variance   | 0.801       |
|    learning_rate        | 0.0003      |
|    loss                 | 0.00331     |
|    n_updates            | 1860        |
|    policy_gradient_loss | -0.000816   |
|    std                  | 0.181       |
|    value_loss           | 0.0119      |
-----------------------------------------
------------------------------------------
| rollout/                |              |
|    ep_len_mean          | 669          |
|    ep_rew_mean          | 60.2         |
| time/                   |              |
|    fps                  | 2587         |
|    iterations           | 374          |
|    time_elapsed         | 1998         |
|    total_timesteps      | 5170176      |
| train/                  |              |
|    approx_kl            | 0.0053002057 |
|    clip_fraction        | 0.152        |
|    clip_range           | 0.2          |
|    entropy_loss         | 0.576        |
|    explained_variance   | 0.9          |
|    learning_rate        | 0.0003       |
|    loss                 | 0.00159      |
|    n_updates            | 1865         |
|    policy_gradient_loss | 0.0013       |
|    std                  | 0.182        |
|    value_loss           | 0.0248       |
------------------------------------------
----------------------------------------
| rollout/                |            |
|    ep_len_mean          | 716        |
|    ep_rew_mean          | 64.7       |
| time/                   |            |
|    fps                  | 2589       |
|    iterations           | 375        |
|    time_elapsed         | 2001       |
|    total_timesteps      | 5184000    |
| train/                  |            |
|    approx_kl            | 0.01361522 |
|    clip_fraction        | 0.141      |
|    clip_range           | 0.2        |
|    entropy_loss         | 0.573      |
|    explained_variance   | 0.81       |
|    learning_rate        | 0.0003     |
|    loss                 | 0.0196     |
|    n_updates            | 1870       |
|    policy_gradient_loss | -0.00128   |
|    std                  | 0.182      |
|    value_loss           | 0.0389     |
----------------------------------------
-----------------------------------------
| rollout/                |             |
|    ep_len_mean          | 746         |
|    ep_rew_mean          | 67.2        |
| time/                   |             |
|    fps                  | 2591        |
|    iterations           | 376         |
|    time_elapsed         | 2005        |
|    total_timesteps      | 5197824     |
| train/                  |             |
|    approx_kl            | 0.010622078 |
|    clip_fraction        | 0.0927      |
|    clip_range           | 0.2         |
|    entropy_loss         | 0.578       |
|    explained_variance   | 0.832       |
|    learning_rate        | 0.0003      |
|    loss                 | 0.00834     |
|    n_updates            | 1875        |
|    policy_gradient_loss | -0.000389   |
|    std                  | 0.181       |
|    value_loss           | 0.0138      |
-----------------------------------------
-----------------------------------------
| rollout/                |             |
|    ep_len_mean          | 690         |
|    ep_rew_mean          | 62.5        |
| time/                   |             |
|    fps                  | 2593        |
|    iterations           | 377         |
|    time_elapsed         | 2009        |
|    total_timesteps      | 5211648     |
| train/                  |             |
|    approx_kl            | 0.008427505 |
|    clip_fraction        | 0.157       |
|    clip_range           | 0.2         |
|    entropy_loss         | 0.582       |
|    explained_variance   | 0.873       |
|    learning_rate        | 0.0003      |
|    loss                 | 0.00687     |
|    n_updates            | 1880        |
|    policy_gradient_loss | 0.00173     |
|    std                  | 0.181       |
|    value_loss           | 0.0299      |
-----------------------------------------
------------------------------------------
| rollout/                |              |
|    ep_len_mean          | 675          |
|    ep_rew_mean          | 61.4         |
| time/                   |              |
|    fps                  | 2595         |
|    iterations           | 378          |
|    time_elapsed         | 2013         |
|    total_timesteps      | 5225472      |
| train/                  |              |
|    approx_kl            | 0.0064115147 |
|    clip_fraction        | 0.117        |
|    clip_range           | 0.2          |
|    entropy_loss         | 0.586        |
|    explained_variance   | 0.867        |
|    learning_rate        | 0.0003       |
|    loss                 | 0.00644      |
|    n_updates            | 1885         |
|    policy_gradient_loss | -0.000244    |
|    std                  | 0.18         |
|    value_loss           | 0.0184       |
------------------------------------------
-----------------------------------------
| rollout/                |             |
|    ep_len_mean          | 630         |
|    ep_rew_mean          | 56.1        |
| time/                   |             |
|    fps                  | 2596        |
|    iterations           | 379         |
|    time_elapsed         | 2017        |
|    total_timesteps      | 5239296     |
| train/                  |             |
|    approx_kl            | 0.013431297 |
|    clip_fraction        | 0.102       |
|    clip_range           | 0.2         |
|    entropy_loss         | 0.592       |
|    explained_variance   | 0.857       |
|    learning_rate        | 0.0003      |
|    loss                 | 0.0294      |
|    n_updates            | 1890        |
|    policy_gradient_loss | -0.00122    |
|    std                  | 0.18        |
|    value_loss           | 0.065       |
-----------------------------------------
------------------------------------------
| rollout/                |              |
|    ep_len_mean          | 552          |
|    ep_rew_mean          | 49.2         |
| time/                   |              |
|    fps                  | 2597         |
|    iterations           | 380          |
|    time_elapsed         | 2022         |
|    total_timesteps      | 5253120      |
| train/                  |              |
|    approx_kl            | 0.0096873855 |
|    clip_fraction        | 0.0861       |
|    clip_range           | 0.2          |
|    entropy_loss         | 0.599        |
|    explained_variance   | 0.761        |
|    learning_rate        | 0.0003       |
|    loss                 | 0.0427       |
|    n_updates            | 1895         |
|    policy_gradient_loss | -0.00168     |
|    std                  | 0.179        |
|    value_loss           | 0.0982       |
------------------------------------------
-----------------------------------------
| rollout/                |             |
|    ep_len_mean          | 547         |
|    ep_rew_mean          | 48.1        |
| time/                   |             |
|    fps                  | 2599        |
|    iterations           | 381         |
|    time_elapsed         | 2026        |
|    total_timesteps      | 5266944     |
| train/                  |             |
|    approx_kl            | 0.010122635 |
|    clip_fraction        | 0.0782      |
|    clip_range           | 0.2         |
|    entropy_loss         | 0.605       |
|    explained_variance   | 0.758       |
|    learning_rate        | 0.0003      |
|    loss                 | 0.0152      |
|    n_updates            | 1900        |
|    policy_gradient_loss | -0.00263    |
|    std                  | 0.179       |
|    value_loss           | 0.058       |
-----------------------------------------
-----------------------------------------
| rollout/                |             |
|    ep_len_mean          | 607         |
|    ep_rew_mean          | 53.6        |
| time/                   |             |
|    fps                  | 2600        |
|    iterations           | 382         |
|    time_elapsed         | 2030        |
|    total_timesteps      | 5280768     |
| train/                  |             |
|    approx_kl            | 0.008121736 |
|    clip_fraction        | 0.136       |
|    clip_range           | 0.2         |
|    entropy_loss         | 0.607       |
|    explained_variance   | 0.865       |
|    learning_rate        | 0.0003      |
|    loss                 | 0.0296      |
|    n_updates            | 1905        |
|    policy_gradient_loss | -0.00032    |
|    std                  | 0.179       |
|    value_loss           | 0.0775      |
-----------------------------------------
-----------------------------------------
| rollout/                |             |
|    ep_len_mean          | 660         |
|    ep_rew_mean          | 58.9        |
| time/                   |             |
|    fps                  | 2602        |
|    iterations           | 383         |
|    time_elapsed         | 2034        |
|    total_timesteps      | 5294592     |
| train/                  |             |
|    approx_kl            | 0.011117902 |
|    clip_fraction        | 0.0854      |
|    clip_range           | 0.2         |
|    entropy_loss         | 0.609       |
|    explained_variance   | 0.772       |
|    learning_rate        | 0.0003      |
|    loss                 | 0.0267      |
|    n_updates            | 1910        |
|    policy_gradient_loss | -0.00217    |
|    std                  | 0.179       |
|    value_loss           | 0.0627      |
-----------------------------------------
-----------------------------------------
| rollout/                |             |
|    ep_len_mean          | 624         |
|    ep_rew_mean          | 55.9        |
| time/                   |             |
|    fps                  | 2605        |
|    iterations           | 384         |
|    time_elapsed         | 2037        |
|    total_timesteps      | 5308416     |
| train/                  |             |
|    approx_kl            | 0.021605024 |
|    clip_fraction        | 0.155       |
|    clip_range           | 0.2         |
|    entropy_loss         | 0.611       |
|    explained_variance   | 0.877       |
|    learning_rate        | 0.0003      |
|    loss                 | 0.0167      |
|    n_updates            | 1915        |
|    policy_gradient_loss | 0.000383    |
|    std                  | 0.178       |
|    value_loss           | 0.039       |
-----------------------------------------
------------------------------------------
| rollout/                |              |
|    ep_len_mean          | 683          |
|    ep_rew_mean          | 61.2         |
| time/                   |              |
|    fps                  | 2606         |
|    iterations           | 385          |
|    time_elapsed         | 2041         |
|    total_timesteps      | 5322240      |
| train/                  |              |
|    approx_kl            | 0.0074562444 |
|    clip_fraction        | 0.157        |
|    clip_range           | 0.2          |
|    entropy_loss         | 0.615        |
|    explained_variance   | 0.835        |
|    learning_rate        | 0.0003       |
|    loss                 | 0.0178       |
|    n_updates            | 1920         |
|    policy_gradient_loss | 0.00161      |
|    std                  | 0.178        |
|    value_loss           | 0.0389       |
------------------------------------------
-----------------------------------------
| rollout/                |             |
|    ep_len_mean          | 644         |
|    ep_rew_mean          | 58.1        |
| time/                   |             |
|    fps                  | 2609        |
|    iterations           | 386         |
|    time_elapsed         | 2045        |
|    total_timesteps      | 5336064     |
| train/                  |             |
|    approx_kl            | 0.015070763 |
|    clip_fraction        | 0.212       |
|    clip_range           | 0.2         |
|    entropy_loss         | 0.62        |
|    explained_variance   | 0.927       |
|    learning_rate        | 0.0003      |
|    loss                 | 0.0138      |
|    n_updates            | 1925        |
|    policy_gradient_loss | 0.00312     |
|    std                  | 0.177       |
|    value_loss           | 0.032       |
-----------------------------------------
-----------------------------------------
| rollout/                |             |
|    ep_len_mean          | 623         |
|    ep_rew_mean          | 56.4        |
| time/                   |             |
|    fps                  | 2611        |
|    iterations           | 387         |
|    time_elapsed         | 2048        |
|    total_timesteps      | 5349888     |
| train/                  |             |
|    approx_kl            | 0.006432347 |
|    clip_fraction        | 0.225       |
|    clip_range           | 0.2         |
|    entropy_loss         | 0.624       |
|    explained_variance   | 0.878       |
|    learning_rate        | 0.0003      |
|    loss                 | 0.0345      |
|    n_updates            | 1930        |
|    policy_gradient_loss | 0.00277     |
|    std                  | 0.177       |
|    value_loss           | 0.0636      |
-----------------------------------------
-----------------------------------------
| rollout/                |             |
|    ep_len_mean          | 690         |
|    ep_rew_mean          | 62.7        |
| time/                   |             |
|    fps                  | 2613        |
|    iterations           | 388         |
|    time_elapsed         | 2052        |
|    total_timesteps      | 5363712     |
| train/                  |             |
|    approx_kl            | 0.012480709 |
|    clip_fraction        | 0.0949      |
|    clip_range           | 0.2         |
|    entropy_loss         | 0.629       |
|    explained_variance   | 0.872       |
|    learning_rate        | 0.0003      |
|    loss                 | 0.0163      |
|    n_updates            | 1935        |
|    policy_gradient_loss | -0.00158    |
|    std                  | 0.176       |
|    value_loss           | 0.0505      |
-----------------------------------------
-----------------------------------------
| rollout/                |             |
|    ep_len_mean          | 698         |
|    ep_rew_mean          | 63.5        |
| time/                   |             |
|    fps                  | 2615        |
|    iterations           | 389         |
|    time_elapsed         | 2055        |
|    total_timesteps      | 5377536     |
| train/                  |             |
|    approx_kl            | 0.005446827 |
|    clip_fraction        | 0.0788      |
|    clip_range           | 0.2         |
|    entropy_loss         | 0.636       |
|    explained_variance   | 0.803       |
|    learning_rate        | 0.0003      |
|    loss                 | 0.000478    |
|    n_updates            | 1940        |
|    policy_gradient_loss | -0.00216    |
|    std                  | 0.176       |
|    value_loss           | 0.0205      |
-----------------------------------------
-----------------------------------------
| rollout/                |             |
|    ep_len_mean          | 699         |
|    ep_rew_mean          | 63.6        |
| time/                   |             |
|    fps                  | 2617        |
|    iterations           | 390         |
|    time_elapsed         | 2059        |
|    total_timesteps      | 5391360     |
| train/                  |             |
|    approx_kl            | 0.006906307 |
|    clip_fraction        | 0.122       |
|    clip_range           | 0.2         |
|    entropy_loss         | 0.642       |
|    explained_variance   | 0.917       |
|    learning_rate        | 0.0003      |
|    loss                 | 0.0113      |
|    n_updates            | 1945        |
|    policy_gradient_loss | 2.66e-05    |
|    std                  | 0.176       |
|    value_loss           | 0.0197      |
-----------------------------------------
-----------------------------------------
| rollout/                |             |
|    ep_len_mean          | 667         |
|    ep_rew_mean          | 60.6        |
| time/                   |             |
|    fps                  | 2619        |
|    iterations           | 391         |
|    time_elapsed         | 2063        |
|    total_timesteps      | 5405184     |
| train/                  |             |
|    approx_kl            | 0.008166916 |
|    clip_fraction        | 0.0925      |
|    clip_range           | 0.2         |
|    entropy_loss         | 0.645       |
|    explained_variance   | 0.691       |
|    learning_rate        | 0.0003      |
|    loss                 | 0.017       |
|    n_updates            | 1950        |
|    policy_gradient_loss | -0.002      |
|    std                  | 0.175       |
|    value_loss           | 0.0752      |
-----------------------------------------
-----------------------------------------
| rollout/                |             |
|    ep_len_mean          | 538         |
|    ep_rew_mean          | 48.2        |
| time/                   |             |
|    fps                  | 2620        |
|    iterations           | 392         |
|    time_elapsed         | 2067        |
|    total_timesteps      | 5419008     |
| train/                  |             |
|    approx_kl            | 0.008076154 |
|    clip_fraction        | 0.0758      |
|    clip_range           | 0.2         |
|    entropy_loss         | 0.647       |
|    explained_variance   | 0.804       |
|    learning_rate        | 0.0003      |
|    loss                 | 0.0241      |
|    n_updates            | 1955        |
|    policy_gradient_loss | -0.000431   |
|    std                  | 0.175       |
|    value_loss           | 0.0666      |
-----------------------------------------
-----------------------------------------
| rollout/                |             |
|    ep_len_mean          | 451         |
|    ep_rew_mean          | 39.9        |
| time/                   |             |
|    fps                  | 2622        |
|    iterations           | 393         |
|    time_elapsed         | 2071        |
|    total_timesteps      | 5432832     |
| train/                  |             |
|    approx_kl            | 0.006986646 |
|    clip_fraction        | 0.0544      |
|    clip_range           | 0.2         |
|    entropy_loss         | 0.646       |
|    explained_variance   | 0.772       |
|    learning_rate        | 0.0003      |
|    loss                 | 0.0419      |
|    n_updates            | 1960        |
|    policy_gradient_loss | -0.00208    |
|    std                  | 0.175       |
|    value_loss           | 0.103       |
-----------------------------------------
------------------------------------------
| rollout/                |              |
|    ep_len_mean          | 512          |
|    ep_rew_mean          | 45.3         |
| time/                   |              |
|    fps                  | 2624         |
|    iterations           | 394          |
|    time_elapsed         | 2075         |
|    total_timesteps      | 5446656      |
| train/                  |              |
|    approx_kl            | 0.0044771773 |
|    clip_fraction        | 0.0584       |
|    clip_range           | 0.2          |
|    entropy_loss         | 0.646        |
|    explained_variance   | 0.843        |
|    learning_rate        | 0.0003       |
|    loss                 | 0.033        |
|    n_updates            | 1965         |
|    policy_gradient_loss | -0.00231     |
|    std                  | 0.175        |
|    value_loss           | 0.0788       |
------------------------------------------
-----------------------------------------
| rollout/                |             |
|    ep_len_mean          | 570         |
|    ep_rew_mean          | 50.1        |
| time/                   |             |
|    fps                  | 2626        |
|    iterations           | 395         |
|    time_elapsed         | 2079        |
|    total_timesteps      | 5460480     |
| train/                  |             |
|    approx_kl            | 0.010907789 |
|    clip_fraction        | 0.11        |
|    clip_range           | 0.2         |
|    entropy_loss         | 0.652       |
|    explained_variance   | 0.914       |
|    learning_rate        | 0.0003      |
|    loss                 | 0.00912     |
|    n_updates            | 1970        |
|    policy_gradient_loss | 0.000257    |
|    std                  | 0.175       |
|    value_loss           | 0.0273      |
-----------------------------------------
-----------------------------------------
| rollout/                |             |
|    ep_len_mean          | 532         |
|    ep_rew_mean          | 46.7        |
| time/                   |             |
|    fps                  | 2629        |
|    iterations           | 396         |
|    time_elapsed         | 2082        |
|    total_timesteps      | 5474304     |
| train/                  |             |
|    approx_kl            | 0.007359924 |
|    clip_fraction        | 0.112       |
|    clip_range           | 0.2         |
|    entropy_loss         | 0.653       |
|    explained_variance   | 0.799       |
|    learning_rate        | 0.0003      |
|    loss                 | 0.0366      |
|    n_updates            | 1975        |
|    policy_gradient_loss | -0.000328   |
|    std                  | 0.175       |
|    value_loss           | 0.0914      |
-----------------------------------------
-----------------------------------------
| rollout/                |             |
|    ep_len_mean          | 592         |
|    ep_rew_mean          | 52.5        |
| time/                   |             |
|    fps                  | 2630        |
|    iterations           | 397         |
|    time_elapsed         | 2086        |
|    total_timesteps      | 5488128     |
| train/                  |             |
|    approx_kl            | 0.006031524 |
|    clip_fraction        | 0.0564      |
|    clip_range           | 0.2         |
|    entropy_loss         | 0.65        |
|    explained_variance   | 0.636       |
|    learning_rate        | 0.0003      |
|    loss                 | 0.0178      |
|    n_updates            | 1980        |
|    policy_gradient_loss | -0.00145    |
|    std                  | 0.175       |
|    value_loss           | 0.0265      |
-----------------------------------------
[eval] {'steps': 5500008, 'wall_s': 26.9, 'success': 4, 'crash_free': 4, 'restored': 8, 'n': 8, 'crashes': 0.75, 'sep_violation_s': 0.78125, 'mean_err_m': 0.70625, 'final_rms_m': 0.37}
------------------------------------------
| rollout/                |              |
|    ep_len_mean          | 472          |
|    ep_rew_mean          | 41.2         |
| time/                   |              |
|    fps                  | 2598         |
|    iterations           | 398          |
|    time_elapsed         | 2117         |
|    total_timesteps      | 5501952      |
| train/                  |              |
|    approx_kl            | 0.0071423096 |
|    clip_fraction        | 0.0902       |
|    clip_range           | 0.2          |
|    entropy_loss         | 0.651        |
|    explained_variance   | 0.884        |
|    learning_rate        | 0.0003       |
|    loss                 | 0.0368       |
|    n_updates            | 1985         |
|    policy_gradient_loss | -0.000652    |
|    std                  | 0.175        |
|    value_loss           | 0.0954       |
------------------------------------------
------------------------------------------
| rollout/                |              |
|    ep_len_mean          | 505          |
|    ep_rew_mean          | 44.6         |
| time/                   |              |
|    fps                  | 2600         |
|    iterations           | 399          |
|    time_elapsed         | 2121         |
|    total_timesteps      | 5515776      |
| train/                  |              |
|    approx_kl            | 0.0057174545 |
|    clip_fraction        | 0.0589       |
|    clip_range           | 0.2          |
|    entropy_loss         | 0.65         |
|    explained_variance   | 0.85         |
|    learning_rate        | 0.0003       |
|    loss                 | 0.0373       |
|    n_updates            | 1990         |
|    policy_gradient_loss | -0.00212     |
|    std                  | 0.175        |
|    value_loss           | 0.0783       |
------------------------------------------
-----------------------------------------
| rollout/                |             |
|    ep_len_mean          | 489         |
|    ep_rew_mean          | 43.2        |
| time/                   |             |
|    fps                  | 2601        |
|    iterations           | 400         |
|    time_elapsed         | 2125        |
|    total_timesteps      | 5529600     |
| train/                  |             |
|    approx_kl            | 0.006927296 |
|    clip_fraction        | 0.0919      |
|    clip_range           | 0.2         |
|    entropy_loss         | 0.649       |
|    explained_variance   | 0.9         |
|    learning_rate        | 0.0003      |
|    loss                 | 0.0157      |
|    n_updates            | 1995        |
|    policy_gradient_loss | -0.00079    |
|    std                  | 0.175       |
|    value_loss           | 0.0561      |
-----------------------------------------
-----------------------------------------
| rollout/                |             |
|    ep_len_mean          | 576         |
|    ep_rew_mean          | 51.4        |
| time/                   |             |
|    fps                  | 2603        |
|    iterations           | 401         |
|    time_elapsed         | 2129        |
|    total_timesteps      | 5543424     |
| train/                  |             |
|    approx_kl            | 0.004409267 |
|    clip_fraction        | 0.0785      |
|    clip_range           | 0.2         |
|    entropy_loss         | 0.656       |
|    explained_variance   | 0.885       |
|    learning_rate        | 0.0003      |
|    loss                 | 0.0123      |
|    n_updates            | 2000        |
|    policy_gradient_loss | -0.00208    |
|    std                  | 0.174       |
|    value_loss           | 0.0339      |
-----------------------------------------
-----------------------------------------
| rollout/                |             |
|    ep_len_mean          | 549         |
|    ep_rew_mean          | 49.7        |
| time/                   |             |
|    fps                  | 2605        |
|    iterations           | 402         |
|    time_elapsed         | 2132        |
|    total_timesteps      | 5557248     |
| train/                  |             |
|    approx_kl            | 0.015057354 |
|    clip_fraction        | 0.143       |
|    clip_range           | 0.2         |
|    entropy_loss         | 0.661       |
|    explained_variance   | 0.858       |
|    learning_rate        | 0.0003      |
|    loss                 | 0.0195      |
|    n_updates            | 2005        |
|    policy_gradient_loss | -0.00123    |
|    std                  | 0.174       |
|    value_loss           | 0.059       |
-----------------------------------------
-----------------------------------------
| rollout/                |             |
|    ep_len_mean          | 552         |
|    ep_rew_mean          | 50          |
| time/                   |             |
|    fps                  | 2607        |
|    iterations           | 403         |
|    time_elapsed         | 2136        |
|    total_timesteps      | 5571072     |
| train/                  |             |
|    approx_kl            | 0.009960565 |
|    clip_fraction        | 0.113       |
|    clip_range           | 0.2         |
|    entropy_loss         | 0.662       |
|    explained_variance   | 0.924       |
|    learning_rate        | 0.0003      |
|    loss                 | 0.0174      |
|    n_updates            | 2010        |
|    policy_gradient_loss | -0.00197    |
|    std                  | 0.174       |
|    value_loss           | 0.0373      |
-----------------------------------------
------------------------------------------
| rollout/                |              |
|    ep_len_mean          | 591          |
|    ep_rew_mean          | 53.2         |
| time/                   |              |
|    fps                  | 2609         |
|    iterations           | 404          |
|    time_elapsed         | 2139         |
|    total_timesteps      | 5584896      |
| train/                  |              |
|    approx_kl            | 0.0061260667 |
|    clip_fraction        | 0.0848       |
|    clip_range           | 0.2          |
|    entropy_loss         | 0.663        |
|    explained_variance   | 0.871        |
|    learning_rate        | 0.0003       |
|    loss                 | 0.0157       |
|    n_updates            | 2015         |
|    policy_gradient_loss | -0.0026      |
|    std                  | 0.174        |
|    value_loss           | 0.0467       |
------------------------------------------
----------------------------------------
| rollout/                |            |
|    ep_len_mean          | 526        |
|    ep_rew_mean          | 46.7       |
| time/                   |            |
|    fps                  | 2612       |
|    iterations           | 405        |
|    time_elapsed         | 2143       |
|    total_timesteps      | 5598720    |
| train/                  |            |
|    approx_kl            | 0.00503548 |
|    clip_fraction        | 0.116      |
|    clip_range           | 0.2        |
|    entropy_loss         | 0.664      |
|    explained_variance   | 0.877      |
|    learning_rate        | 0.0003     |
|    loss                 | 0.0265     |
|    n_updates            | 2020       |
|    policy_gradient_loss | -0.000548  |
|    std                  | 0.174      |
|    value_loss           | 0.0641     |
----------------------------------------
-----------------------------------------
| rollout/                |             |
|    ep_len_mean          | 539         |
|    ep_rew_mean          | 48.2        |
| time/                   |             |
|    fps                  | 2615        |
|    iterations           | 406         |
|    time_elapsed         | 2146        |
|    total_timesteps      | 5612544     |
| train/                  |             |
|    approx_kl            | 0.006119039 |
|    clip_fraction        | 0.0792      |
|    clip_range           | 0.2         |
|    entropy_loss         | 0.666       |
|    explained_variance   | 0.896       |
|    learning_rate        | 0.0003      |
|    loss                 | 0.0157      |
|    n_updates            | 2025        |
|    policy_gradient_loss | -0.00147    |
|    std                  | 0.173       |
|    value_loss           | 0.0471      |
-----------------------------------------
-----------------------------------------
| rollout/                |             |
|    ep_len_mean          | 682         |
|    ep_rew_mean          | 62.4        |
| time/                   |             |
|    fps                  | 2617        |
|    iterations           | 407         |
|    time_elapsed         | 2149        |
|    total_timesteps      | 5626368     |
| train/                  |             |
|    approx_kl            | 0.016159875 |
|    clip_fraction        | 0.151       |
|    clip_range           | 0.2         |
|    entropy_loss         | 0.67        |
|    explained_variance   | 0.816       |
|    learning_rate        | 0.0003      |
|    loss                 | 0.0139      |
|    n_updates            | 2030        |
|    policy_gradient_loss | 0.00255     |
|    std                  | 0.173       |
|    value_loss           | 0.00152     |
-----------------------------------------
-----------------------------------------
| rollout/                |             |
|    ep_len_mean          | 686         |
|    ep_rew_mean          | 62.8        |
| time/                   |             |
|    fps                  | 2618        |
|    iterations           | 408         |
|    time_elapsed         | 2153        |
|    total_timesteps      | 5640192     |
| train/                  |             |
|    approx_kl            | 0.010042072 |
|    clip_fraction        | 0.0815      |
|    clip_range           | 0.2         |
|    entropy_loss         | 0.675       |
|    explained_variance   | 0.887       |
|    learning_rate        | 0.0003      |
|    loss                 | 0.0266      |
|    n_updates            | 2035        |
|    policy_gradient_loss | -0.00158    |
|    std                  | 0.173       |
|    value_loss           | 0.0604      |
-----------------------------------------
-----------------------------------------
| rollout/                |             |
|    ep_len_mean          | 678         |
|    ep_rew_mean          | 62          |
| time/                   |             |
|    fps                  | 2620        |
|    iterations           | 409         |
|    time_elapsed         | 2157        |
|    total_timesteps      | 5654016     |
| train/                  |             |
|    approx_kl            | 0.010652047 |
|    clip_fraction        | 0.152       |
|    clip_range           | 0.2         |
|    entropy_loss         | 0.679       |
|    explained_variance   | 0.878       |
|    learning_rate        | 0.0003      |
|    loss                 | 0.0175      |
|    n_updates            | 2040        |
|    policy_gradient_loss | 0.000727    |
|    std                  | 0.172       |
|    value_loss           | 0.0388      |
-----------------------------------------
-----------------------------------------
| rollout/                |             |
|    ep_len_mean          | 598         |
|    ep_rew_mean          | 54.2        |
| time/                   |             |
|    fps                  | 2622        |
|    iterations           | 410         |
|    time_elapsed         | 2161        |
|    total_timesteps      | 5667840     |
| train/                  |             |
|    approx_kl            | 0.013915478 |
|    clip_fraction        | 0.089       |
|    clip_range           | 0.2         |
|    entropy_loss         | 0.685       |
|    explained_variance   | 0.929       |
|    learning_rate        | 0.0003      |
|    loss                 | 0.0094      |
|    n_updates            | 2045        |
|    policy_gradient_loss | 0.000222    |
|    std                  | 0.172       |
|    value_loss           | 0.0261      |
-----------------------------------------
----------------------------------------
| rollout/                |            |
|    ep_len_mean          | 522        |
|    ep_rew_mean          | 46.7       |
| time/                   |            |
|    fps                  | 2623       |
|    iterations           | 411        |
|    time_elapsed         | 2165       |
|    total_timesteps      | 5681664    |
| train/                  |            |
|    approx_kl            | 0.00997099 |
|    clip_fraction        | 0.175      |
|    clip_range           | 0.2        |
|    entropy_loss         | 0.688      |
|    explained_variance   | 0.893      |
|    learning_rate        | 0.0003     |
|    loss                 | 0.0416     |
|    n_updates            | 2050       |
|    policy_gradient_loss | 0.00153    |
|    std                  | 0.171      |
|    value_loss           | 0.0732     |
----------------------------------------
----------------------------------------
| rollout/                |            |
|    ep_len_mean          | 546        |
|    ep_rew_mean          | 48.6       |
| time/                   |            |
|    fps                  | 2624       |
|    iterations           | 412        |
|    time_elapsed         | 2169       |
|    total_timesteps      | 5695488    |
| train/                  |            |
|    approx_kl            | 0.01608011 |
|    clip_fraction        | 0.154      |
|    clip_range           | 0.2        |
|    entropy_loss         | 0.692      |
|    explained_variance   | 0.898      |
|    learning_rate        | 0.0003     |
|    loss                 | 0.0394     |
|    n_updates            | 2055       |
|    policy_gradient_loss | 0.00214    |
|    std                  | 0.171      |
|    value_loss           | 0.0586     |
----------------------------------------
-----------------------------------------
| rollout/                |             |
|    ep_len_mean          | 546         |
|    ep_rew_mean          | 48.6        |
| time/                   |             |
|    fps                  | 2626        |
|    iterations           | 413         |
|    time_elapsed         | 2173        |
|    total_timesteps      | 5709312     |
| train/                  |             |
|    approx_kl            | 0.007049184 |
|    clip_fraction        | 0.0911      |
|    clip_range           | 0.2         |
|    entropy_loss         | 0.696       |
|    explained_variance   | 0.842       |
|    learning_rate        | 0.0003      |
|    loss                 | 0.0462      |
|    n_updates            | 2060        |
|    policy_gradient_loss | -0.00311    |
|    std                  | 0.171       |
|    value_loss           | 0.101       |
-----------------------------------------
------------------------------------------
| rollout/                |              |
|    ep_len_mean          | 644          |
|    ep_rew_mean          | 57           |
| time/                   |              |
|    fps                  | 2628         |
|    iterations           | 414          |
|    time_elapsed         | 2176         |
|    total_timesteps      | 5723136      |
| train/                  |              |
|    approx_kl            | 0.0046496084 |
|    clip_fraction        | 0.095        |
|    clip_range           | 0.2          |
|    entropy_loss         | 0.699        |
|    explained_variance   | 0.866        |
|    learning_rate        | 0.0003       |
|    loss                 | 0.0164       |
|    n_updates            | 2065         |
|    policy_gradient_loss | -0.000595    |
|    std                  | 0.171        |
|    value_loss           | 0.0394       |
------------------------------------------
-----------------------------------------
| rollout/                |             |
|    ep_len_mean          | 627         |
|    ep_rew_mean          | 54.7        |
| time/                   |             |
|    fps                  | 2630        |
|    iterations           | 415         |
|    time_elapsed         | 2181        |
|    total_timesteps      | 5736960     |
| train/                  |             |
|    approx_kl            | 0.011563253 |
|    clip_fraction        | 0.124       |
|    clip_range           | 0.2         |
|    entropy_loss         | 0.701       |
|    explained_variance   | 0.905       |
|    learning_rate        | 0.0003      |
|    loss                 | 0.00954     |
|    n_updates            | 2070        |
|    policy_gradient_loss | -0.000253   |
|    std                  | 0.17        |
|    value_loss           | 0.0375      |
-----------------------------------------
-----------------------------------------
| rollout/                |             |
|    ep_len_mean          | 601         |
|    ep_rew_mean          | 52.4        |
| time/                   |             |
|    fps                  | 2631        |
|    iterations           | 416         |
|    time_elapsed         | 2185        |
|    total_timesteps      | 5750784     |
| train/                  |             |
|    approx_kl            | 0.005505407 |
|    clip_fraction        | 0.0778      |
|    clip_range           | 0.2         |
|    entropy_loss         | 0.705       |
|    explained_variance   | 0.815       |
|    learning_rate        | 0.0003      |
|    loss                 | 0.0557      |
|    n_updates            | 2075        |
|    policy_gradient_loss | -0.000781   |
|    std                  | 0.17        |
|    value_loss           | 0.135       |
-----------------------------------------
-----------------------------------------
| rollout/                |             |
|    ep_len_mean          | 621         |
|    ep_rew_mean          | 54.7        |
| time/                   |             |
|    fps                  | 2633        |
|    iterations           | 417         |
|    time_elapsed         | 2188        |
|    total_timesteps      | 5764608     |
| train/                  |             |
|    approx_kl            | 0.012201165 |
|    clip_fraction        | 0.101       |
|    clip_range           | 0.2         |
|    entropy_loss         | 0.71        |
|    explained_variance   | 0.846       |
|    learning_rate        | 0.0003      |
|    loss                 | 0.0224      |
|    n_updates            | 2080        |
|    policy_gradient_loss | -0.00138    |
|    std                  | 0.17        |
|    value_loss           | 0.0514      |
-----------------------------------------
-----------------------------------------
| rollout/                |             |
|    ep_len_mean          | 564         |
|    ep_rew_mean          | 49.9        |
| time/                   |             |
|    fps                  | 2635        |
|    iterations           | 418         |
|    time_elapsed         | 2192        |
|    total_timesteps      | 5778432     |
| train/                  |             |
|    approx_kl            | 0.026597736 |
|    clip_fraction        | 0.223       |
|    clip_range           | 0.2         |
|    entropy_loss         | 0.71        |
|    explained_variance   | 0.875       |
|    learning_rate        | 0.0003      |
|    loss                 | 0.0187      |
|    n_updates            | 2085        |
|    policy_gradient_loss | 0.00406     |
|    std                  | 0.17        |
|    value_loss           | 0.0171      |
-----------------------------------------
------------------------------------------
| rollout/                |              |
|    ep_len_mean          | 569          |
|    ep_rew_mean          | 50.9         |
| time/                   |              |
|    fps                  | 2637         |
|    iterations           | 419          |
|    time_elapsed         | 2196         |
|    total_timesteps      | 5792256      |
| train/                  |              |
|    approx_kl            | 0.0103005115 |
|    clip_fraction        | 0.17         |
|    clip_range           | 0.2          |
|    entropy_loss         | 0.709        |
|    explained_variance   | 0.927        |
|    learning_rate        | 0.0003       |
|    loss                 | 0.00957      |
|    n_updates            | 2090         |
|    policy_gradient_loss | 0.00191      |
|    std                  | 0.17         |
|    value_loss           | 0.0249       |
------------------------------------------
-----------------------------------------
| rollout/                |             |
|    ep_len_mean          | 549         |
|    ep_rew_mean          | 49.3        |
| time/                   |             |
|    fps                  | 2638        |
|    iterations           | 420         |
|    time_elapsed         | 2200        |
|    total_timesteps      | 5806080     |
| train/                  |             |
|    approx_kl            | 0.005113533 |
|    clip_fraction        | 0.0896      |
|    clip_range           | 0.2         |
|    entropy_loss         | 0.709       |
|    explained_variance   | 0.901       |
|    learning_rate        | 0.0003      |
|    loss                 | 0.0298      |
|    n_updates            | 2095        |
|    policy_gradient_loss | -0.0014     |
|    std                  | 0.17        |
|    value_loss           | 0.0635      |
-----------------------------------------
-----------------------------------------
| rollout/                |             |
|    ep_len_mean          | 514         |
|    ep_rew_mean          | 46.3        |
| time/                   |             |
|    fps                  | 2641        |
|    iterations           | 421         |
|    time_elapsed         | 2203        |
|    total_timesteps      | 5819904     |
| train/                  |             |
|    approx_kl            | 0.007326675 |
|    clip_fraction        | 0.102       |
|    clip_range           | 0.2         |
|    entropy_loss         | 0.71        |
|    explained_variance   | 0.901       |
|    learning_rate        | 0.0003      |
|    loss                 | 0.024       |
|    n_updates            | 2100        |
|    policy_gradient_loss | 0.000713    |
|    std                  | 0.17        |
|    value_loss           | 0.0619      |
-----------------------------------------
-----------------------------------------
| rollout/                |             |
|    ep_len_mean          | 561         |
|    ep_rew_mean          | 51          |
| time/                   |             |
|    fps                  | 2642        |
|    iterations           | 422         |
|    time_elapsed         | 2207        |
|    total_timesteps      | 5833728     |
| train/                  |             |
|    approx_kl            | 0.007166501 |
|    clip_fraction        | 0.0811      |
|    clip_range           | 0.2         |
|    entropy_loss         | 0.714       |
|    explained_variance   | 0.787       |
|    learning_rate        | 0.0003      |
|    loss                 | 0.0218      |
|    n_updates            | 2105        |
|    policy_gradient_loss | -0.00309    |
|    std                  | 0.169       |
|    value_loss           | 0.0545      |
-----------------------------------------
-----------------------------------------
| rollout/                |             |
|    ep_len_mean          | 623         |
|    ep_rew_mean          | 56.3        |
| time/                   |             |
|    fps                  | 2644        |
|    iterations           | 423         |
|    time_elapsed         | 2211        |
|    total_timesteps      | 5847552     |
| train/                  |             |
|    approx_kl            | 0.011687341 |
|    clip_fraction        | 0.119       |
|    clip_range           | 0.2         |
|    entropy_loss         | 0.718       |
|    explained_variance   | 0.78        |
|    learning_rate        | 0.0003      |
|    loss                 | 0.00846     |
|    n_updates            | 2110        |
|    policy_gradient_loss | -0.000178   |
|    std                  | 0.169       |
|    value_loss           | 0.0167      |
-----------------------------------------
-----------------------------------------
| rollout/                |             |
|    ep_len_mean          | 600         |
|    ep_rew_mean          | 54          |
| time/                   |             |
|    fps                  | 2646        |
|    iterations           | 424         |
|    time_elapsed         | 2214        |
|    total_timesteps      | 5861376     |
| train/                  |             |
|    approx_kl            | 0.020061627 |
|    clip_fraction        | 0.126       |
|    clip_range           | 0.2         |
|    entropy_loss         | 0.725       |
|    explained_variance   | 0.909       |
|    learning_rate        | 0.0003      |
|    loss                 | 0.0381      |
|    n_updates            | 2115        |
|    policy_gradient_loss | 0.000347    |
|    std                  | 0.169       |
|    value_loss           | 0.0711      |
-----------------------------------------
-----------------------------------------
| rollout/                |             |
|    ep_len_mean          | 692         |
|    ep_rew_mean          | 62.3        |
| time/                   |             |
|    fps                  | 2648        |
|    iterations           | 425         |
|    time_elapsed         | 2218        |
|    total_timesteps      | 5875200     |
| train/                  |             |
|    approx_kl            | 0.006679974 |
|    clip_fraction        | 0.0734      |
|    clip_range           | 0.2         |
|    entropy_loss         | 0.725       |
|    explained_variance   | 0.696       |
|    learning_rate        | 0.0003      |
|    loss                 | 0.0218      |
|    n_updates            | 2120        |
|    policy_gradient_loss | -0.0026     |
|    std                  | 0.168       |
|    value_loss           | 0.0647      |
-----------------------------------------
-----------------------------------------
| rollout/                |             |
|    ep_len_mean          | 692         |
|    ep_rew_mean          | 62.3        |
| time/                   |             |
|    fps                  | 2650        |
|    iterations           | 426         |
|    time_elapsed         | 2221        |
|    total_timesteps      | 5889024     |
| train/                  |             |
|    approx_kl            | 0.007156423 |
|    clip_fraction        | 0.102       |
|    clip_range           | 0.2         |
|    entropy_loss         | 0.725       |
|    explained_variance   | 0.88        |
|    learning_rate        | 0.0003      |
|    loss                 | 0.0159      |
|    n_updates            | 2125        |
|    policy_gradient_loss | -0.000183   |
|    std                  | 0.169       |
|    value_loss           | 0.0423      |
-----------------------------------------
-----------------------------------------
| rollout/                |             |
|    ep_len_mean          | 734         |
|    ep_rew_mean          | 65.4        |
| time/                   |             |
|    fps                  | 2652        |
|    iterations           | 427         |
|    time_elapsed         | 2225        |
|    total_timesteps      | 5902848     |
| train/                  |             |
|    approx_kl            | 0.016742023 |
|    clip_fraction        | 0.118       |
|    clip_range           | 0.2         |
|    entropy_loss         | 0.725       |
|    explained_variance   | 0.847       |
|    learning_rate        | 0.0003      |
|    loss                 | 0.00875     |
|    n_updates            | 2130        |
|    policy_gradient_loss | -0.000731   |
|    std                  | 0.168       |
|    value_loss           | 0.0142      |
-----------------------------------------
------------------------------------------
| rollout/                |              |
|    ep_len_mean          | 691          |
|    ep_rew_mean          | 61.1         |
| time/                   |              |
|    fps                  | 2653         |
|    iterations           | 428          |
|    time_elapsed         | 2229         |
|    total_timesteps      | 5916672      |
| train/                  |              |
|    approx_kl            | 0.0046606367 |
|    clip_fraction        | 0.0962       |
|    clip_range           | 0.2          |
|    entropy_loss         | 0.733        |
|    explained_variance   | 0.875        |
|    learning_rate        | 0.0003       |
|    loss                 | 0.0111       |
|    n_updates            | 2135         |
|    policy_gradient_loss | -0.00105     |
|    std                  | 0.167        |
|    value_loss           | 0.0305       |
------------------------------------------
-----------------------------------------
| rollout/                |             |
|    ep_len_mean          | 742         |
|    ep_rew_mean          | 65.6        |
| time/                   |             |
|    fps                  | 2655        |
|    iterations           | 429         |
|    time_elapsed         | 2233        |
|    total_timesteps      | 5930496     |
| train/                  |             |
|    approx_kl            | 0.004945476 |
|    clip_fraction        | 0.0974      |
|    clip_range           | 0.2         |
|    entropy_loss         | 0.746       |
|    explained_variance   | 0.864       |
|    learning_rate        | 0.0003      |
|    loss                 | 0.0326      |
|    n_updates            | 2140        |
|    policy_gradient_loss | -0.00078    |
|    std                  | 0.166       |
|    value_loss           | 0.0608      |
-----------------------------------------
-----------------------------------------
| rollout/                |             |
|    ep_len_mean          | 742         |
|    ep_rew_mean          | 65.6        |
| time/                   |             |
|    fps                  | 2656        |
|    iterations           | 430         |
|    time_elapsed         | 2237        |
|    total_timesteps      | 5944320     |
| train/                  |             |
|    approx_kl            | 0.008759392 |
|    clip_fraction        | 0.0987      |
|    clip_range           | 0.2         |
|    entropy_loss         | 0.752       |
|    explained_variance   | 0.878       |
|    learning_rate        | 0.0003      |
|    loss                 | 0.0139      |
|    n_updates            | 2145        |
|    policy_gradient_loss | -0.00181    |
|    std                  | 0.166       |
|    value_loss           | 0.0401      |
-----------------------------------------
-----------------------------------------
| rollout/                |             |
|    ep_len_mean          | 764         |
|    ep_rew_mean          | 67.2        |
| time/                   |             |
|    fps                  | 2659        |
|    iterations           | 431         |
|    time_elapsed         | 2240        |
|    total_timesteps      | 5958144     |
| train/                  |             |
|    approx_kl            | 0.008026991 |
|    clip_fraction        | 0.0895      |
|    clip_range           | 0.2         |
|    entropy_loss         | 0.759       |
|    explained_variance   | 0.83        |
|    learning_rate        | 0.0003      |
|    loss                 | 0.0105      |
|    n_updates            | 2150        |
|    policy_gradient_loss | -0.000874   |
|    std                  | 0.165       |
|    value_loss           | 0.0203      |
-----------------------------------------
-----------------------------------------
| rollout/                |             |
|    ep_len_mean          | 693         |
|    ep_rew_mean          | 60.7        |
| time/                   |             |
|    fps                  | 2661        |
|    iterations           | 432         |
|    time_elapsed         | 2244        |
|    total_timesteps      | 5971968     |
| train/                  |             |
|    approx_kl            | 0.011118972 |
|    clip_fraction        | 0.151       |
|    clip_range           | 0.2         |
|    entropy_loss         | 0.764       |
|    explained_variance   | 0.915       |
|    learning_rate        | 0.0003      |
|    loss                 | 0.00304     |
|    n_updates            | 2155        |
|    policy_gradient_loss | -0.000476   |
|    std                  | 0.165       |
|    value_loss           | 0.0105      |
-----------------------------------------
-----------------------------------------
| rollout/                |             |
|    ep_len_mean          | 684         |
|    ep_rew_mean          | 60.3        |
| time/                   |             |
|    fps                  | 2662        |
|    iterations           | 433         |
|    time_elapsed         | 2248        |
|    total_timesteps      | 5985792     |
| train/                  |             |
|    approx_kl            | 0.009580533 |
|    clip_fraction        | 0.101       |
|    clip_range           | 0.2         |
|    entropy_loss         | 0.762       |
|    explained_variance   | 0.842       |
|    learning_rate        | 0.0003      |
|    loss                 | 0.0446      |
|    n_updates            | 2160        |
|    policy_gradient_loss | -0.00207    |
|    std                  | 0.165       |
|    value_loss           | 0.081       |
-----------------------------------------
------------------------------------------
| rollout/                |              |
|    ep_len_mean          | 754          |
|    ep_rew_mean          | 66.7         |
| time/                   |              |
|    fps                  | 2664         |
|    iterations           | 434          |
|    time_elapsed         | 2251         |
|    total_timesteps      | 5999616      |
| train/                  |              |
|    approx_kl            | 0.0044692284 |
|    clip_fraction        | 0.197        |
|    clip_range           | 0.2          |
|    entropy_loss         | 0.764        |
|    explained_variance   | 0.909        |
|    learning_rate        | 0.0003       |
|    loss                 | 0.0134       |
|    n_updates            | 2165         |
|    policy_gradient_loss | 0.00422      |
|    std                  | 0.165        |
|    value_loss           | 0.0267       |
------------------------------------------
[eval] {'steps': 6000021, 'wall_s': 27.2, 'success': 5, 'crash_free': 5, 'restored': 8, 'n': 8, 'crashes': 0.5, 'sep_violation_s': 0.2625, 'mean_err_m': 1.27875, 'final_rms_m': 0.6375}
------------------------------------------
| rollout/                |              |
|    ep_len_mean          | 801          |
|    ep_rew_mean          | 70.8         |
| time/                   |              |
|    fps                  | 2635         |
|    iterations           | 435          |
|    time_elapsed         | 2282         |
|    total_timesteps      | 6013440      |
| train/                  |              |
|    approx_kl            | 0.0114537105 |
|    clip_fraction        | 0.125        |
|    clip_range           | 0.2          |
|    entropy_loss         | 0.765        |
|    explained_variance   | 0.785        |
|    learning_rate        | 0.0003       |
|    loss                 | 0.0118       |
|    n_updates            | 2170         |
|    policy_gradient_loss | -0.00021     |
|    std                  | 0.165        |
|    value_loss           | 0.0177       |
------------------------------------------
done in 38.0 min
