t_s,phase,drone_id,mode,armed,landed_state,z_local_m
10.03,boot,1,,0,0,nan
10.03,boot,2,,0,0,nan
10.03,boot,3,,0,0,nan
10.03,boot,4,,0,0,nan
10.03,boot,5,,0,0,nan
10.03,boot,6,,0,0,nan
10.03,boot,7,,0,0,nan
10.03,boot,8,,0,0,nan
10.03,boot,9,,0,0,nan
10.03,boot,10,,0,0,nan
10.23,boot,1,,0,0,nan
10.23,boot,2,,0,0,nan
10.23,boot,3,,0,0,nan
10.23,boot,4,,0,0,nan
10.23,boot,5,,0,0,nan
10.23,boot,6,,0,0,nan
10.23,boot,7,,0,0,nan
10.23,boot,8,,0,0,nan
10.23,boot,9,,0,0,nan
10.23,boot,10,,0,0,nan
10.43,boot,1,,0,0,nan
10.43,boot,2,,0,0,nan
10.43,boot,3,,0,0,nan
10.43,boot,4,,0,0,nan
10.43,boot,5,,0,0,nan
10.43,boot,6,,0,0,nan
10.43,boot,7,,0,0,nan
10.43,boot,8,,0,0,nan
10.43,boot,9,,0,0,nan
10.43,boot,10,,0,0,nan
10.65,boot,1,,0,0,nan
10.65,boot,2,,0,0,nan
10.65,boot,3,,0,0,nan
10.65,boot,4,,0,0,0.011
10.65,boot,5,,0,0,nan
10.65,boot,6,,0,0,nan
10.65,boot,7,,0,0,nan
10.65,boot,8,,0,0,nan
10.65,boot,9,,0,0,nan
10.65,boot,10,,0,0,nan
10.86,boot,1,,0,0,nan
10.86,boot,2,,0,0,nan
10.86,boot,3,,0,0,nan
10.86,boot,4,,0,0,0.012
10.86,boot,5,,0,0,nan
10.86,boot,6,,0,0,nan
10.86,boot,7,,0,0,nan
10.86,boot,8,,0,0,nan
10.86,boot,9,,0,0,nan
10.86,boot,10,,0,0,nan
11.09,boot,1,,0,0,nan
11.09,boot,2,,0,0,nan
11.09,boot,3,,0,0,nan
11.09,boot,4,,0,1,0.011
11.09,boot,5,,0,0,nan
11.09,boot,6,,0,0,nan
11.09,boot,7,,0,0,nan
11.09,boot,8,,0,0,nan
11.09,boot,9,,0,0,nan
11.09,boot,10,,0,0,nan
11.34,boot,1,,0,0,nan
11.34,boot,2,,0,0,nan
11.34,boot,3,,0,0,nan
11.34,boot,4,,0,1,0.011
11.34,boot,5,,0,0,nan
11.34,boot,6,,0,0,nan
11.34,boot,7,,0,0,nan
11.34,boot,8,,0,0,nan
11.34,boot,9,,0,0,nan
11.34,boot,10,,0,0,nan
11.55,boot,1,,0,0,nan
11.55,boot,2,,0,0,nan
11.55,boot,3,,0,0,nan
11.55,boot,4,,0,1,0.01
11.55,boot,5,,0,0,nan
11.55,boot,6,,0,0,nan
11.55,boot,7,,0,0,nan
11.55,boot,8,,0,0,nan
11.55,boot,9,,0,0,nan
11.55,boot,10,,0,0,nan
11.76,boot,1,,0,0,nan
11.76,boot,2,,0,0,nan
11.76,boot,3,,0,0,nan
11.76,boot,4,CMODE(50593792),0,1,0.01
11.76,boot,5,,0,0,nan
11.76,boot,6,,0,0,0.003
11.76,boot,7,,0,0,nan
11.76,boot,8,,0,0,nan
11.76,boot,9,,0,0,nan
11.76,boot,10,,0,0,nan
11.98,boot,1,,0,0,nan
11.98,boot,2,,0,0,nan
11.98,boot,3,,0,0,nan
11.98,boot,4,CMODE(50593792),0,1,0.009
11.98,boot,5,,0,0,nan
11.98,boot,6,,0,1,0.004
11.98,boot,7,,0,0,nan
11.98,boot,8,,0,0,nan
11.98,boot,9,,0,0,nan
11.98,boot,10,,0,0,nan
12.21,boot,1,,0,1,0.001
12.21,boot,2,,0,0,nan
12.21,boot,3,,0,0,nan
12.21,boot,4,CMODE(50593792),0,1,0.008
12.21,boot,5,,0,0,nan
12.21,boot,6,,0,1,0.006
12.21,boot,7,,0,0,nan
12.21,boot,8,,0,0,nan
12.21,boot,9,,0,0,nan
12.21,boot,10,,0,0,nan
12.42,boot,1,,0,1,0.001
12.42,boot,2,,0,0,nan
12.42,boot,3,,0,0,nan
12.42,boot,4,CMODE(50593792),0,1,0.008
12.42,boot,5,,0,0,nan
12.42,boot,6,,0,1,0.007
12.42,boot,7,,0,0,nan
12.42,boot,8,,0,0,nan
12.42,boot,9,,0,0,nan
12.42,boot,10,,0,0,nan
12.64,boot,1,,0,1,0.001
12.64,boot,2,,0,0,nan
12.64,boot,3,,0,0,nan
12.64,boot,4,CMODE(50593792),0,1,0.007
12.64,boot,5,,0,0,nan
12.64,boot,6,,0,1,0.007
12.64,boot,7,,0,0,nan
12.64,boot,8,,0,0,nan
12.64,boot,9,,0,0,nan
12.64,boot,10,,0,0,nan
12.88,boot,1,CMODE(50593792),0,1,0.002
12.88,boot,2,,0,0,nan
12.88,boot,3,,0,0,nan
12.88,boot,4,AUTO.LOITER,0,1,0.007
12.88,boot,5,,0,0,nan
12.88,boot,6,CMODE(50593792),0,1,0.009
12.88,boot,7,,0,0,nan
12.88,boot,8,,0,0,nan
12.88,boot,9,,0,0,nan
12.88,boot,10,,0,0,nan
13.08,boot,1,CMODE(50593792),0,1,0.002
13.08,boot,2,,0,0,nan
13.08,boot,3,,0,0,nan
13.08,boot,4,AUTO.LOITER,0,1,0.006
13.08,boot,5,,0,0,nan
13.08,boot,6,CMODE(50593792),0,1,0.009
13.08,boot,7,,0,0,nan
13.08,boot,8,,0,1,-0.001
13.08,boot,9,,0,0,nan
13.08,boot,10,,0,0,nan
13.3,boot,1,CMODE(50593792),0,1,0.002
13.3,boot,2,,0,0,nan
13.3,boot,3,,0,0,nan
13.3,boot,4,AUTO.LOITER,0,1,0.007
13.3,boot,5,,0,1,0.038
13.3,boot,6,CMODE(50593792),0,1,0.009
13.3,boot,7,,0,0,nan
13.3,boot,8,,0,1,-0.001
13.3,boot,9,,0,1,0.01
13.3,boot,10,,0,0,0.027
13.51,boot,1,CMODE(50593792),0,1,0.0
13.51,boot,2,,0,1,0.014
13.51,boot,3,,0,1,0.011
13.51,boot,4,AUTO.LOITER,0,1,0.007
13.51,boot,5,,0,1,0.036
13.51,boot,6,CMODE(50593792),0,1,0.008
13.51,boot,7,,0,1,0.013
13.51,boot,8,,0,1,0.0
13.51,boot,9,,0,1,0.008
13.51,boot,10,,0,1,0.024
13.73,boot,1,CMODE(50593792),0,1,-0.001
13.73,boot,2,,0,1,0.014
13.73,boot,3,,0,1,0.011
13.73,boot,4,AUTO.LOITER,0,1,0.008
13.73,boot,5,,0,1,0.034
13.73,boot,6,CMODE(50593792),0,1,0.008
13.73,boot,7,,0,1,0.014
13.73,boot,8,,0,1,0.003
13.73,boot,9,,0,1,0.007
13.73,boot,10,,0,1,0.019
13.93,boot,1,AUTO.LOITER,0,1,-0.001
13.93,boot,2,CMODE(50593792),0,1,0.013
13.93,boot,3,CMODE(50593792),0,1,0.01
13.93,boot,4,AUTO.LOITER,0,1,0.01
13.93,boot,5,CMODE(50593792),0,1,0.033
13.93,boot,6,AUTO.LOITER,0,1,0.008
13.93,boot,7,CMODE(50593792),0,1,0.015
13.93,boot,8,CMODE(50593792),0,1,0.004
13.93,boot,9,CMODE(50593792),0,1,0.006
13.93,boot,10,,0,1,0.016
17.05,arm_climb,1,AUTO.LOITER,0,1,0.007
17.05,arm_climb,2,AUTO.LOITER,0,1,0.018
17.05,arm_climb,3,AUTO.LOITER,0,1,0.008
17.05,arm_climb,4,AUTO.LOITER,0,1,0.005
17.05,arm_climb,5,AUTO.LOITER,0,1,0.033
17.05,arm_climb,6,AUTO.LOITER,0,1,0.008
17.05,arm_climb,7,AUTO.LOITER,0,1,0.009
17.05,arm_climb,8,AUTO.LOITER,0,1,0.011
17.05,arm_climb,9,AUTO.LOITER,0,1,0.014
17.05,arm_climb,10,AUTO.LOITER,0,1,0.013
17.27,arm_climb,1,AUTO.LOITER,0,1,0.008
17.27,arm_climb,2,OFFBOARD,0,1,0.018
17.27,arm_climb,3,OFFBOARD,0,1,0.008
17.27,arm_climb,4,OFFBOARD,0,1,0.005
17.27,arm_climb,5,OFFBOARD,0,1,0.033
17.27,arm_climb,6,OFFBOARD,0,1,0.008
17.27,arm_climb,7,OFFBOARD,0,1,0.011
17.27,arm_climb,8,OFFBOARD,0,1,0.01
17.27,arm_climb,9,OFFBOARD,0,1,0.013
17.27,arm_climb,10,AUTO.LOITER,0,1,0.013
17.48,arm_climb,1,OFFBOARD,0,1,0.007
17.48,arm_climb,2,OFFBOARD,0,1,0.018
17.48,arm_climb,3,OFFBOARD,0,1,0.009
17.48,arm_climb,4,OFFBOARD,0,1,0.006
17.48,arm_climb,5,OFFBOARD,0,1,0.032
17.48,arm_climb,6,OFFBOARD,0,1,0.007
17.48,arm_climb,7,OFFBOARD,0,1,0.011
17.48,arm_climb,8,OFFBOARD,0,1,0.01
17.48,arm_climb,9,OFFBOARD,0,1,0.013
17.48,arm_climb,10,OFFBOARD,0,1,0.013
17.69,arm_climb,1,OFFBOARD,0,1,0.005
17.69,arm_climb,2,OFFBOARD,0,1,0.017
17.69,arm_climb,3,OFFBOARD,0,1,0.01
17.69,arm_climb,4,OFFBOARD,0,1,0.006
17.69,arm_climb,5,OFFBOARD,0,1,0.031
17.69,arm_climb,6,OFFBOARD,0,1,0.006
17.69,arm_climb,7,OFFBOARD,0,1,0.011
17.69,arm_climb,8,OFFBOARD,0,1,0.01
17.69,arm_climb,9,OFFBOARD,0,1,0.012
17.69,arm_climb,10,OFFBOARD,0,1,0.013
17.89,arm_climb,1,OFFBOARD,0,1,0.002
17.89,arm_climb,2,OFFBOARD,0,1,0.017
17.89,arm_climb,3,OFFBOARD,0,1,0.011
17.89,arm_climb,4,OFFBOARD,0,1,0.006
17.89,arm_climb,5,OFFBOARD,0,1,0.03
17.89,arm_climb,6,OFFBOARD,0,1,0.005
17.89,arm_climb,7,OFFBOARD,0,1,0.011
17.89,arm_climb,8,OFFBOARD,0,1,0.01
17.89,arm_climb,9,OFFBOARD,0,1,0.01
17.89,arm_climb,10,OFFBOARD,0,1,0.012
18.1,arm_climb,1,OFFBOARD,0,1,-0.0
18.1,arm_climb,2,OFFBOARD,0,1,0.017
18.1,arm_climb,3,OFFBOARD,0,1,0.011
18.1,arm_climb,4,OFFBOARD,0,1,0.006
18.1,arm_climb,5,OFFBOARD,0,1,0.03
18.1,arm_climb,6,OFFBOARD,0,1,0.004
18.1,arm_climb,7,OFFBOARD,0,1,0.011
18.1,arm_climb,8,OFFBOARD,0,1,0.01
18.1,arm_climb,9,OFFBOARD,0,1,0.009
18.1,arm_climb,10,OFFBOARD,0,1,0.012
18.32,arm_climb,1,OFFBOARD,0,1,-0.005
18.32,arm_climb,2,OFFBOARD,1,1,0.012
18.32,arm_climb,3,OFFBOARD,0,1,0.012
18.32,arm_climb,4,OFFBOARD,1,1,0.008
18.32,arm_climb,5,OFFBOARD,1,1,0.031
18.32,arm_climb,6,OFFBOARD,0,1,0.004
18.32,arm_climb,7,OFFBOARD,1,1,0.011
18.32,arm_climb,8,OFFBOARD,1,1,0.01
18.32,arm_climb,9,OFFBOARD,1,1,0.006
18.32,arm_climb,10,OFFBOARD,0,1,0.013
18.53,arm_climb,1,OFFBOARD,1,1,-0.005
18.53,arm_climb,2,OFFBOARD,1,1,0.0
18.53,arm_climb,3,OFFBOARD,1,1,0.009
18.53,arm_climb,4,OFFBOARD,1,1,0.016
18.53,arm_climb,5,OFFBOARD,1,1,0.038
18.53,arm_climb,6,OFFBOARD,1,1,0.007
18.53,arm_climb,7,OFFBOARD,1,1,0.017
18.53,arm_climb,8,OFFBOARD,1,1,0.015
18.53,arm_climb,9,OFFBOARD,1,1,0.015
18.53,arm_climb,10,OFFBOARD,1,1,0.017
18.74,arm_climb,1,OFFBOARD,1,1,0.003
18.74,arm_climb,2,OFFBOARD,1,1,-0.03
18.74,arm_climb,3,OFFBOARD,1,1,0.003
18.74,arm_climb,4,OFFBOARD,1,1,0.03
18.74,arm_climb,5,OFFBOARD,1,1,0.05
18.74,arm_climb,6,OFFBOARD,1,1,0.009
18.74,arm_climb,7,OFFBOARD,1,1,0.021
18.74,arm_climb,8,OFFBOARD,1,1,0.026
18.74,arm_climb,9,OFFBOARD,1,1,0.023
18.74,arm_climb,10,OFFBOARD,1,1,0.014
18.94,arm_climb,1,OFFBOARD,1,1,0.012
18.94,arm_climb,2,OFFBOARD,1,1,-0.055
18.94,arm_climb,3,OFFBOARD,1,1,-0.003
18.94,arm_climb,4,OFFBOARD,1,1,0.044
18.94,arm_climb,5,OFFBOARD,1,1,0.053
18.94,arm_climb,6,OFFBOARD,1,1,0.003
18.94,arm_climb,7,OFFBOARD,1,1,0.029
18.94,arm_climb,8,OFFBOARD,1,1,0.034
18.94,arm_climb,9,OFFBOARD,1,1,0.035
18.94,arm_climb,10,OFFBOARD,1,1,0.006
19.15,arm_climb,1,OFFBOARD,1,1,0.006
19.15,arm_climb,2,OFFBOARD,1,1,-0.089
19.15,arm_climb,3,OFFBOARD,1,1,0.003
19.15,arm_climb,4,OFFBOARD,1,1,0.048
19.15,arm_climb,5,OFFBOARD,1,1,0.053
19.15,arm_climb,6,OFFBOARD,1,1,0.003
19.15,arm_climb,7,OFFBOARD,1,1,0.035
19.15,arm_climb,8,OFFBOARD,1,1,0.049
19.15,arm_climb,9,OFFBOARD,1,1,0.059
19.15,arm_climb,10,OFFBOARD,1,1,0.001
19.37,arm_climb,1,OFFBOARD,1,1,-0.007
19.37,arm_climb,2,OFFBOARD,1,1,-0.115
19.37,arm_climb,3,OFFBOARD,1,1,0.017
19.37,arm_climb,4,OFFBOARD,1,1,0.048
19.37,arm_climb,5,OFFBOARD,1,1,0.059
19.37,arm_climb,6,OFFBOARD,1,1,0.009
19.37,arm_climb,7,OFFBOARD,1,1,0.047
19.37,arm_climb,8,OFFBOARD,1,1,0.05
19.37,arm_climb,9,OFFBOARD,1,1,0.078
19.37,arm_climb,10,OFFBOARD,1,1,0.002
19.57,arm_climb,1,OFFBOARD,1,1,-0.023
19.57,arm_climb,2,OFFBOARD,1,1,-0.146
19.57,arm_climb,3,OFFBOARD,1,1,0.021
19.57,arm_climb,4,OFFBOARD,1,1,0.042
19.57,arm_climb,5,OFFBOARD,1,1,0.07
19.57,arm_climb,6,OFFBOARD,1,1,0.018
19.57,arm_climb,7,OFFBOARD,1,1,0.064
19.57,arm_climb,8,OFFBOARD,1,1,0.052
19.57,arm_climb,9,OFFBOARD,1,1,0.111
19.57,arm_climb,10,OFFBOARD,1,1,0.005
19.78,arm_climb,1,OFFBOARD,1,1,-0.04
19.78,arm_climb,2,OFFBOARD,1,1,-0.173
19.78,arm_climb,3,OFFBOARD,1,1,0.009
19.78,arm_climb,4,OFFBOARD,1,1,0.032
19.78,arm_climb,5,OFFBOARD,1,1,0.087
19.78,arm_climb,6,OFFBOARD,1,1,0.031
19.78,arm_climb,7,OFFBOARD,1,1,0.079
19.78,arm_climb,8,OFFBOARD,1,1,0.056
19.78,arm_climb,9,OFFBOARD,1,1,0.144
19.78,arm_climb,10,OFFBOARD,1,1,0.013
19.99,arm_climb,1,OFFBOARD,1,1,-0.053
19.99,arm_climb,2,OFFBOARD,1,1,-0.206
19.99,arm_climb,3,OFFBOARD,1,1,-0.007
19.99,arm_climb,4,OFFBOARD,1,1,0.03
19.99,arm_climb,5,OFFBOARD,1,1,0.106
19.99,arm_climb,6,OFFBOARD,1,1,0.039
19.99,arm_climb,7,OFFBOARD,1,1,0.103
19.99,arm_climb,8,OFFBOARD,1,1,0.057
19.99,arm_climb,9,OFFBOARD,1,1,0.17
19.99,arm_climb,10,OFFBOARD,1,1,0.018
20.19,arm_climb,1,OFFBOARD,1,2,-0.055
20.19,arm_climb,2,OFFBOARD,1,2,-0.237
20.19,arm_climb,3,OFFBOARD,1,2,-0.023
20.19,arm_climb,4,OFFBOARD,1,1,0.038
20.19,arm_climb,5,OFFBOARD,1,1,0.118
20.19,arm_climb,6,OFFBOARD,1,1,0.038
20.19,arm_climb,7,OFFBOARD,1,1,0.128
20.19,arm_climb,8,OFFBOARD,1,1,0.058
20.19,arm_climb,9,OFFBOARD,1,1,0.205
20.19,arm_climb,10,OFFBOARD,1,1,0.029
20.4,arm_climb,1,OFFBOARD,1,2,-0.051
20.4,arm_climb,2,OFFBOARD,1,2,-0.255
20.4,arm_climb,3,OFFBOARD,1,2,-0.044
20.4,arm_climb,4,OFFBOARD,1,2,0.047
20.4,arm_climb,5,OFFBOARD,1,2,0.122
20.4,arm_climb,6,OFFBOARD,1,2,0.035
20.4,arm_climb,7,OFFBOARD,1,1,0.159
20.4,arm_climb,8,OFFBOARD,1,2,0.062
20.4,arm_climb,9,OFFBOARD,1,1,0.222
20.4,arm_climb,10,OFFBOARD,1,2,0.049
20.62,arm_climb,1,OFFBOARD,1,2,-0.044
20.62,arm_climb,2,OFFBOARD,1,2,-0.277
20.62,arm_climb,3,OFFBOARD,1,2,-0.058
20.62,arm_climb,4,OFFBOARD,1,2,0.043
20.62,arm_climb,5,OFFBOARD,1,2,0.122
20.62,arm_climb,6,OFFBOARD,1,2,0.041
20.62,arm_climb,7,OFFBOARD,1,2,0.184
20.62,arm_climb,8,OFFBOARD,1,2,0.067
20.62,arm_climb,9,OFFBOARD,1,2,0.222
20.62,arm_climb,10,OFFBOARD,1,2,0.075
20.83,arm_climb,1,OFFBOARD,1,2,-0.026
20.83,arm_climb,2,OFFBOARD,1,2,-0.295
20.83,arm_climb,3,OFFBOARD,1,2,-0.066
20.83,arm_climb,4,OFFBOARD,1,2,0.023
20.83,arm_climb,5,OFFBOARD,1,2,0.118
20.83,arm_climb,6,OFFBOARD,1,2,0.056
20.83,arm_climb,7,OFFBOARD,1,2,0.207
20.83,arm_climb,8,OFFBOARD,1,2,0.07
20.83,arm_climb,9,OFFBOARD,1,2,0.214
20.83,arm_climb,10,OFFBOARD,1,2,0.097
21.03,arm_climb,1,OFFBOARD,1,2,-0.014
21.03,arm_climb,2,OFFBOARD,1,2,-0.306
21.03,arm_climb,3,OFFBOARD,1,2,-0.073
21.03,arm_climb,4,OFFBOARD,1,2,0.007
21.03,arm_climb,5,OFFBOARD,1,2,0.117
21.03,arm_climb,6,OFFBOARD,1,2,0.08
21.03,arm_climb,7,OFFBOARD,1,2,0.226
21.03,arm_climb,8,OFFBOARD,1,2,0.066
21.03,arm_climb,9,OFFBOARD,1,2,0.2
21.03,arm_climb,10,OFFBOARD,1,2,0.111
21.24,arm_climb,1,OFFBOARD,1,2,0.002
21.24,arm_climb,2,OFFBOARD,1,2,-0.299
21.24,arm_climb,3,OFFBOARD,1,2,-0.088
21.24,arm_climb,4,OFFBOARD,1,2,-0.01
21.24,arm_climb,5,OFFBOARD,1,2,0.132
21.24,arm_climb,6,OFFBOARD,1,2,0.093
21.24,arm_climb,7,OFFBOARD,1,2,0.242
21.24,arm_climb,8,OFFBOARD,1,2,0.063
21.24,arm_climb,9,OFFBOARD,1,2,0.191
21.24,arm_climb,10,OFFBOARD,1,2,0.123
21.44,arm_climb,1,OFFBOARD,1,2,0.031
21.44,arm_climb,2,OFFBOARD,1,2,-0.257
21.44,arm_climb,3,OFFBOARD,1,2,-0.077
21.44,arm_climb,4,OFFBOARD,1,2,-0.008
21.44,arm_climb,5,OFFBOARD,1,2,0.166
21.44,arm_climb,6,OFFBOARD,1,2,0.112
21.44,arm_climb,7,OFFBOARD,1,2,0.271
21.44,arm_climb,8,OFFBOARD,1,2,0.087
21.44,arm_climb,9,OFFBOARD,1,2,0.21
21.44,arm_climb,10,OFFBOARD,1,2,0.155
21.65,arm_climb,1,OFFBOARD,1,2,0.104
21.65,arm_climb,2,OFFBOARD,1,2,-0.167
21.65,arm_climb,3,OFFBOARD,1,2,-0.014
21.65,arm_climb,4,OFFBOARD,1,2,0.051
21.65,arm_climb,5,OFFBOARD,1,2,0.238
21.65,arm_climb,6,OFFBOARD,1,2,0.168
21.65,arm_climb,7,OFFBOARD,1,2,0.321
21.65,arm_climb,8,OFFBOARD,1,2,0.147
21.65,arm_climb,9,OFFBOARD,1,2,0.288
21.65,arm_climb,10,OFFBOARD,1,2,0.227
21.85,arm_climb,1,OFFBOARD,1,2,0.234
21.85,arm_climb,2,OFFBOARD,1,2,-0.01
21.85,arm_climb,3,OFFBOARD,1,2,0.119
21.85,arm_climb,4,OFFBOARD,1,2,0.152
21.85,arm_climb,5,OFFBOARD,1,2,0.332
21.85,arm_climb,6,OFFBOARD,1,2,0.288
21.85,arm_climb,7,OFFBOARD,1,2,0.427
21.85,arm_climb,8,OFFBOARD,1,2,0.282
21.85,arm_climb,9,OFFBOARD,1,2,0.401
21.85,arm_climb,10,OFFBOARD,1,2,0.329
22.07,arm_climb,1,OFFBOARD,1,2,0.37
22.07,arm_climb,2,OFFBOARD,1,2,0.171
22.07,arm_climb,3,OFFBOARD,1,2,0.298
22.07,arm_climb,4,OFFBOARD,1,2,0.311
22.07,arm_climb,5,OFFBOARD,1,2,0.482
22.07,arm_climb,6,OFFBOARD,1,2,0.445
22.07,arm_climb,7,OFFBOARD,1,2,0.58
22.07,arm_climb,8,OFFBOARD,1,2,0.45
22.07,arm_climb,9,OFFBOARD,1,2,0.564
22.07,arm_climb,10,OFFBOARD,1,2,0.486
22.28,arm_climb,1,OFFBOARD,1,2,0.542
22.28,arm_climb,2,OFFBOARD,1,2,0.378
22.28,arm_climb,3,OFFBOARD,1,2,0.505
22.28,arm_climb,4,OFFBOARD,1,2,0.491
22.28,arm_climb,5,OFFBOARD,1,2,0.657
22.28,arm_climb,6,OFFBOARD,1,2,0.63
22.28,arm_climb,7,OFFBOARD,1,2,0.744
22.28,arm_climb,8,OFFBOARD,1,2,0.628
22.28,arm_climb,9,OFFBOARD,1,2,0.749
22.28,arm_climb,10,OFFBOARD,1,2,0.652
22.48,arm_climb,1,OFFBOARD,1,2,0.719
22.48,arm_climb,2,OFFBOARD,1,2,0.557
22.48,arm_climb,3,OFFBOARD,1,2,0.677
22.48,arm_climb,4,OFFBOARD,1,2,0.682
22.48,arm_climb,5,OFFBOARD,1,2,0.843
22.48,arm_climb,6,OFFBOARD,1,2,0.798
22.48,arm_climb,7,OFFBOARD,1,2,0.916
22.48,arm_climb,8,OFFBOARD,1,2,0.817
22.48,arm_climb,9,OFFBOARD,1,2,0.954
22.48,arm_climb,10,OFFBOARD,1,2,0.836
22.69,arm_climb,1,OFFBOARD,1,2,0.902
22.69,arm_climb,2,OFFBOARD,1,2,0.792
22.69,arm_climb,3,OFFBOARD,1,2,0.942
22.69,arm_climb,4,OFFBOARD,1,2,0.924
22.69,arm_climb,5,OFFBOARD,1,2,1.009
22.69,arm_climb,6,OFFBOARD,1,2,0.998
22.69,arm_climb,7,OFFBOARD,1,2,1.06
22.69,arm_climb,8,OFFBOARD,1,2,0.982
22.69,arm_climb,9,OFFBOARD,1,2,1.188
22.69,arm_climb,10,OFFBOARD,1,2,0.992
22.89,arm_climb,1,OFFBOARD,1,2,1.026
22.89,arm_climb,2,OFFBOARD,1,2,0.99
22.89,arm_climb,3,OFFBOARD,1,2,1.186
22.89,arm_climb,4,OFFBOARD,1,2,1.165
22.89,arm_climb,5,OFFBOARD,1,2,1.172
22.89,arm_climb,6,OFFBOARD,1,2,1.127
22.89,arm_climb,7,OFFBOARD,1,2,1.17
22.89,arm_climb,8,OFFBOARD,1,2,1.132
22.89,arm_climb,9,OFFBOARD,1,2,1.4
22.89,arm_climb,10,OFFBOARD,1,2,1.111
23.1,arm_climb,1,OFFBOARD,1,2,1.17
23.1,arm_climb,2,OFFBOARD,1,2,1.215
23.1,arm_climb,3,OFFBOARD,1,2,1.402
23.1,arm_climb,4,OFFBOARD,1,2,1.435
23.1,arm_climb,5,OFFBOARD,1,2,1.378
23.1,arm_climb,6,OFFBOARD,1,2,1.302
23.1,arm_climb,7,OFFBOARD,1,2,1.257
23.1,arm_climb,8,OFFBOARD,1,2,1.347
23.1,arm_climb,9,OFFBOARD,1,2,1.602
23.1,arm_climb,10,OFFBOARD,1,2,1.246
23.32,arm_climb,1,OFFBOARD,1,2,1.378
23.32,arm_climb,2,OFFBOARD,1,2,1.396
23.32,arm_climb,3,OFFBOARD,1,2,1.636
23.32,arm_climb,4,OFFBOARD,1,2,1.649
23.32,arm_climb,5,OFFBOARD,1,2,1.592
23.32,arm_climb,6,OFFBOARD,1,2,1.488
23.32,arm_climb,7,OFFBOARD,1,2,1.445
23.32,arm_climb,8,OFFBOARD,1,2,1.569
23.32,arm_climb,9,OFFBOARD,1,2,1.826
23.32,arm_climb,10,OFFBOARD,1,2,1.443
23.52,arm_climb,1,OFFBOARD,1,2,1.618
23.52,arm_climb,2,OFFBOARD,1,2,1.656
23.52,arm_climb,3,OFFBOARD,1,2,1.869
23.52,arm_climb,4,OFFBOARD,1,2,1.927
23.52,arm_climb,5,OFFBOARD,1,2,1.822
23.52,arm_climb,6,OFFBOARD,1,2,1.71
23.52,arm_climb,7,OFFBOARD,1,2,1.672
23.52,arm_climb,8,OFFBOARD,1,2,1.768
23.52,arm_climb,9,OFFBOARD,1,2,2.045
23.52,arm_climb,10,OFFBOARD,1,2,1.683
23.73,arm_climb,1,OFFBOARD,1,2,1.821
23.73,arm_climb,2,OFFBOARD,1,2,1.834
23.73,arm_climb,3,OFFBOARD,1,2,2.108
23.73,arm_climb,4,OFFBOARD,1,2,2.124
23.73,arm_climb,5,OFFBOARD,1,2,2.069
23.73,arm_climb,6,OFFBOARD,1,2,1.914
23.73,arm_climb,7,OFFBOARD,1,2,1.88
23.73,arm_climb,8,OFFBOARD,1,2,1.944
23.73,arm_climb,9,OFFBOARD,1,2,2.227
23.73,arm_climb,10,OFFBOARD,1,2,1.885
23.93,arm_climb,1,OFFBOARD,1,2,2.07
23.93,arm_climb,2,OFFBOARD,1,2,2.066
23.93,arm_climb,3,OFFBOARD,1,2,2.291
23.93,arm_climb,4,OFFBOARD,1,2,2.314
23.93,arm_climb,5,OFFBOARD,1,2,2.271
23.93,arm_climb,6,OFFBOARD,1,2,2.171
23.93,arm_climb,7,OFFBOARD,1,2,2.133
23.93,arm_climb,8,OFFBOARD,1,2,2.158
23.93,arm_climb,9,OFFBOARD,1,2,2.462
23.93,arm_climb,10,OFFBOARD,1,2,2.141
24.14,arm_climb,1,OFFBOARD,1,2,2.333
24.14,arm_climb,2,OFFBOARD,1,2,2.3
24.14,arm_climb,3,OFFBOARD,1,2,2.524
24.14,arm_climb,4,OFFBOARD,1,2,2.543
24.14,arm_climb,5,OFFBOARD,1,2,2.548
24.14,arm_climb,6,OFFBOARD,1,2,2.436
24.14,arm_climb,7,OFFBOARD,1,2,2.387
24.14,arm_climb,8,OFFBOARD,1,2,2.389
24.14,arm_climb,9,OFFBOARD,1,2,2.706
24.14,arm_climb,10,OFFBOARD,1,2,2.409
24.34,arm_climb,1,OFFBOARD,1,2,2.606
24.34,arm_climb,2,OFFBOARD,1,2,2.502
24.34,arm_climb,3,OFFBOARD,1,2,2.757
24.34,arm_climb,4,OFFBOARD,1,2,2.729
24.34,arm_climb,5,OFFBOARD,1,2,2.77
24.34,arm_climb,6,OFFBOARD,1,2,2.703
24.34,arm_climb,7,OFFBOARD,1,2,2.604
24.34,arm_climb,8,OFFBOARD,1,2,2.586
24.34,arm_climb,9,OFFBOARD,1,2,2.944
24.34,arm_climb,10,OFFBOARD,1,2,2.631
24.55,arm_climb,1,OFFBOARD,1,2,2.834
24.55,arm_climb,2,OFFBOARD,1,2,2.745
24.55,arm_climb,3,OFFBOARD,1,2,2.988
24.55,arm_climb,4,OFFBOARD,1,2,2.963
24.55,arm_climb,5,OFFBOARD,1,2,3.052
24.55,arm_climb,6,OFFBOARD,1,2,2.926
24.55,arm_climb,7,OFFBOARD,1,2,2.859
24.55,arm_climb,8,OFFBOARD,1,2,2.832
24.55,arm_climb,9,OFFBOARD,1,2,3.173
24.55,arm_climb,10,OFFBOARD,1,2,2.882
24.76,arm_climb,1,OFFBOARD,1,2,3.117
24.76,arm_climb,2,OFFBOARD,1,2,3.004
24.76,arm_climb,3,OFFBOARD,1,2,3.184
24.76,arm_climb,4,OFFBOARD,1,2,3.203
24.76,arm_climb,5,OFFBOARD,1,2,3.33
24.76,arm_climb,6,OFFBOARD,1,2,3.21
24.76,arm_climb,7,OFFBOARD,1,2,3.113
24.76,arm_climb,8,OFFBOARD,1,2,3.098
24.76,arm_climb,9,OFFBOARD,1,2,3.368
24.76,arm_climb,10,OFFBOARD,1,2,3.136
24.98,arm_climb,1,OFFBOARD,1,2,3.344
24.98,arm_climb,2,OFFBOARD,1,2,3.276
24.98,arm_climb,3,OFFBOARD,1,2,3.432
24.98,arm_climb,4,OFFBOARD,1,2,3.444
24.98,arm_climb,5,OFFBOARD,1,2,3.607
24.98,arm_climb,6,OFFBOARD,1,2,3.49
24.98,arm_climb,7,OFFBOARD,1,2,3.335
24.98,arm_climb,8,OFFBOARD,1,2,3.358
24.98,arm_climb,9,OFFBOARD,1,2,3.609
24.98,arm_climb,10,OFFBOARD,1,2,3.4
25.18,arm_climb,1,OFFBOARD,1,2,3.639
25.18,arm_climb,2,OFFBOARD,1,2,3.508
25.18,arm_climb,3,OFFBOARD,1,2,3.641
25.18,arm_climb,4,OFFBOARD,1,2,3.661
25.18,arm_climb,5,OFFBOARD,1,2,3.833
25.18,arm_climb,6,OFFBOARD,1,2,3.72
25.18,arm_climb,7,OFFBOARD,1,2,3.615
25.18,arm_climb,8,OFFBOARD,1,2,3.611
25.18,arm_climb,9,OFFBOARD,1,2,3.816
25.18,arm_climb,10,OFFBOARD,1,2,3.624
25.39,arm_climb,1,OFFBOARD,1,2,3.909
25.39,arm_climb,2,OFFBOARD,1,2,3.786
25.39,arm_climb,3,OFFBOARD,1,2,3.897
25.39,arm_climb,4,OFFBOARD,1,2,3.916
25.39,arm_climb,5,OFFBOARD,1,2,4.098
25.39,arm_climb,6,OFFBOARD,1,2,3.993
25.39,arm_climb,7,OFFBOARD,1,2,3.899
25.39,arm_climb,8,OFFBOARD,1,2,3.834
25.39,arm_climb,9,OFFBOARD,1,2,4.073
25.39,arm_climb,10,OFFBOARD,1,2,3.901
25.6,arm_climb,1,OFFBOARD,1,2,4.186
25.6,arm_climb,2,OFFBOARD,1,2,4.082
25.6,arm_climb,3,OFFBOARD,1,2,4.163
25.6,arm_climb,4,OFFBOARD,1,2,4.182
25.6,arm_climb,5,OFFBOARD,1,2,4.327
25.6,arm_climb,6,OFFBOARD,1,2,4.229
25.6,arm_climb,7,OFFBOARD,1,2,4.141
25.6,arm_climb,8,OFFBOARD,1,2,4.067
25.6,arm_climb,9,OFFBOARD,1,2,4.304
25.6,arm_climb,10,OFFBOARD,1,2,4.119
25.82,arm_climb,1,OFFBOARD,1,2,4.461
25.82,arm_climb,2,OFFBOARD,1,2,4.315
25.82,arm_climb,3,OFFBOARD,1,2,4.437
25.82,arm_climb,4,OFFBOARD,1,2,4.439
25.82,arm_climb,5,OFFBOARD,1,2,4.638
25.82,arm_climb,6,OFFBOARD,1,2,4.551
25.82,arm_climb,7,OFFBOARD,1,2,4.426
25.82,arm_climb,8,OFFBOARD,1,2,4.39
25.82,arm_climb,9,OFFBOARD,1,2,4.634
25.82,arm_climb,10,OFFBOARD,1,2,4.433
26.03,arm_climb,1,OFFBOARD,1,2,4.751
26.03,arm_climb,2,OFFBOARD,1,2,4.607
26.03,arm_climb,3,OFFBOARD,1,2,4.68
26.03,arm_climb,4,OFFBOARD,1,2,4.666
26.03,arm_climb,5,OFFBOARD,1,2,4.86
26.03,arm_climb,6,OFFBOARD,1,2,4.823
26.03,arm_climb,7,OFFBOARD,1,2,4.707
26.03,arm_climb,8,OFFBOARD,1,2,4.684
26.03,arm_climb,9,OFFBOARD,1,2,4.907
26.03,arm_climb,10,OFFBOARD,1,2,4.644
26.23,arm_climb,1,OFFBOARD,1,2,5.028
26.23,arm_climb,2,OFFBOARD,1,2,4.899
26.23,arm_climb,3,OFFBOARD,1,2,4.958
26.23,arm_climb,4,OFFBOARD,1,2,4.944
26.23,arm_climb,5,OFFBOARD,1,2,5.125
26.23,arm_climb,6,OFFBOARD,1,2,5.041
26.23,arm_climb,7,OFFBOARD,1,2,4.989
26.23,arm_climb,8,OFFBOARD,1,2,4.979
26.23,arm_climb,9,OFFBOARD,1,2,5.17
26.23,arm_climb,10,OFFBOARD,1,2,4.907
26.44,arm_climb,1,OFFBOARD,1,2,5.269
26.44,arm_climb,2,OFFBOARD,1,2,5.184
26.44,arm_climb,3,OFFBOARD,1,2,5.307
26.44,arm_climb,4,OFFBOARD,1,2,5.205
26.44,arm_climb,5,OFFBOARD,1,2,5.391
26.44,arm_climb,6,OFFBOARD,1,2,5.307
26.44,arm_climb,7,OFFBOARD,1,2,5.278
26.44,arm_climb,8,OFFBOARD,1,2,5.271
26.44,arm_climb,9,OFFBOARD,1,2,5.445
26.44,arm_climb,10,OFFBOARD,1,2,5.175
26.65,arm_climb,1,OFFBOARD,1,2,5.548
26.65,arm_climb,2,OFFBOARD,1,2,5.463
26.65,arm_climb,3,OFFBOARD,1,2,5.536
26.65,arm_climb,4,OFFBOARD,1,2,5.48
26.65,arm_climb,5,OFFBOARD,1,2,5.619
26.65,arm_climb,6,OFFBOARD,1,2,5.582
26.65,arm_climb,7,OFFBOARD,1,2,5.569
26.65,arm_climb,8,OFFBOARD,1,2,5.512
26.65,arm_climb,9,OFFBOARD,1,2,5.678
26.65,arm_climb,10,OFFBOARD,1,2,5.456
26.85,arm_climb,1,OFFBOARD,1,2,5.78
26.85,arm_climb,2,OFFBOARD,1,2,5.696
26.85,arm_climb,3,OFFBOARD,1,2,5.819
26.85,arm_climb,4,OFFBOARD,1,2,5.717
26.85,arm_climb,5,OFFBOARD,1,2,5.888
26.85,arm_climb,6,OFFBOARD,1,2,5.824
26.85,arm_climb,7,OFFBOARD,1,2,5.799
26.85,arm_climb,8,OFFBOARD,1,2,5.807
26.85,arm_climb,9,OFFBOARD,1,2,5.957
26.85,arm_climb,10,OFFBOARD,1,2,5.703
27.06,arm_climb,1,OFFBOARD,1,2,6.065
27.06,arm_climb,2,OFFBOARD,1,2,5.976
27.06,arm_climb,3,OFFBOARD,1,2,6.102
27.06,arm_climb,4,OFFBOARD,1,2,6.005
27.06,arm_climb,5,OFFBOARD,1,2,6.169
27.06,arm_climb,6,OFFBOARD,1,2,6.111
27.06,arm_climb,7,OFFBOARD,1,2,6.151
27.06,arm_climb,8,OFFBOARD,1,2,6.094
27.06,arm_climb,9,OFFBOARD,1,2,6.242
27.06,arm_climb,10,OFFBOARD,1,2,5.997
27.27,arm_climb,1,OFFBOARD,1,2,6.341
27.27,arm_climb,2,OFFBOARD,1,2,6.266
27.27,arm_climb,3,OFFBOARD,1,2,6.34
27.27,arm_climb,4,OFFBOARD,1,2,6.292
27.27,arm_climb,5,OFFBOARD,1,2,6.402
27.27,arm_climb,6,OFFBOARD,1,2,6.351
27.27,arm_climb,7,OFFBOARD,1,2,6.383
27.27,arm_climb,8,OFFBOARD,1,2,6.331
27.27,arm_climb,9,OFFBOARD,1,2,6.485
27.27,arm_climb,10,OFFBOARD,1,2,6.279
27.47,arm_climb,1,OFFBOARD,1,2,6.581
27.47,arm_climb,2,OFFBOARD,1,2,6.554
27.47,arm_climb,3,OFFBOARD,1,2,6.641
27.47,arm_climb,4,OFFBOARD,1,2,6.536
27.47,arm_climb,5,OFFBOARD,1,2,6.682
27.47,arm_climb,6,OFFBOARD,1,2,6.635
27.47,arm_climb,7,OFFBOARD,1,2,6.674
27.47,arm_climb,8,OFFBOARD,1,2,6.615
27.47,arm_climb,9,OFFBOARD,1,2,6.775
27.47,arm_climb,10,OFFBOARD,1,2,6.558
27.68,arm_climb,1,OFFBOARD,1,2,6.869
27.68,arm_climb,2,OFFBOARD,1,2,6.791
27.68,arm_climb,3,OFFBOARD,1,2,6.869
27.68,arm_climb,4,OFFBOARD,1,2,6.826
27.68,arm_climb,5,OFFBOARD,1,2,6.969
27.68,arm_climb,6,OFFBOARD,1,2,6.911
27.68,arm_climb,7,OFFBOARD,1,2,6.957
27.68,arm_climb,8,OFFBOARD,1,2,6.91
27.68,arm_climb,9,OFFBOARD,1,2,7.064
27.68,arm_climb,10,OFFBOARD,1,2,6.812
27.89,arm_climb,1,OFFBOARD,1,2,7.154
27.89,arm_climb,2,OFFBOARD,1,2,7.081
27.89,arm_climb,3,OFFBOARD,1,2,7.169
27.89,arm_climb,4,OFFBOARD,1,2,7.116
27.89,arm_climb,5,OFFBOARD,1,2,7.193
27.89,arm_climb,6,OFFBOARD,1,2,7.143
27.89,arm_climb,7,OFFBOARD,1,2,7.202
27.89,arm_climb,8,OFFBOARD,1,2,7.146
27.89,arm_climb,9,OFFBOARD,1,2,7.305
27.89,arm_climb,10,OFFBOARD,1,2,7.09
28.1,arm_climb,1,OFFBOARD,1,2,7.393
28.1,arm_climb,2,OFFBOARD,1,2,7.325
28.1,arm_climb,3,OFFBOARD,1,2,7.443
28.1,arm_climb,4,OFFBOARD,1,2,7.408
28.1,arm_climb,5,OFFBOARD,1,2,7.473
28.1,arm_climb,6,OFFBOARD,1,2,7.426
28.1,arm_climb,7,OFFBOARD,1,2,7.472
28.1,arm_climb,8,OFFBOARD,1,2,7.448
28.1,arm_climb,9,OFFBOARD,1,2,7.596
28.1,arm_climb,10,OFFBOARD,1,2,7.382
28.3,arm_climb,1,OFFBOARD,1,2,7.686
28.3,arm_climb,2,OFFBOARD,1,2,7.601
28.3,arm_climb,3,OFFBOARD,1,2,7.688
28.3,arm_climb,4,OFFBOARD,1,2,7.654
28.3,arm_climb,5,OFFBOARD,1,2,7.758
28.3,arm_climb,6,OFFBOARD,1,2,7.715
28.3,arm_climb,7,OFFBOARD,1,2,7.711
28.3,arm_climb,8,OFFBOARD,1,2,7.743
28.3,arm_climb,9,OFFBOARD,1,2,7.887
28.3,arm_climb,10,OFFBOARD,1,2,7.63
28.51,arm_climb,1,OFFBOARD,1,2,7.974
28.51,arm_climb,2,OFFBOARD,1,2,7.899
28.51,arm_climb,3,OFFBOARD,1,2,8.045
28.51,arm_climb,4,OFFBOARD,1,2,7.945
28.51,arm_climb,5,OFFBOARD,1,2,8.049
28.51,arm_climb,6,OFFBOARD,1,2,7.956
28.51,arm_climb,7,OFFBOARD,1,2,8.003
28.51,arm_climb,8,OFFBOARD,1,2,8.027
28.51,arm_climb,9,OFFBOARD,1,2,8.18
28.51,arm_climb,10,OFFBOARD,1,2,7.928
28.72,arm_climb,1,OFFBOARD,1,2,8.265
28.72,arm_climb,2,OFFBOARD,1,2,8.193
28.72,arm_climb,3,OFFBOARD,1,2,8.279
28.72,arm_climb,4,OFFBOARD,1,2,8.236
28.72,arm_climb,5,OFFBOARD,1,2,8.343
28.72,arm_climb,6,OFFBOARD,1,2,8.243
28.72,arm_climb,7,OFFBOARD,1,2,8.294
28.72,arm_climb,8,OFFBOARD,1,2,8.281
28.72,arm_climb,9,OFFBOARD,1,2,8.484
28.72,arm_climb,10,OFFBOARD,1,2,8.221
28.93,arm_climb,1,OFFBOARD,1,2,8.556
28.93,arm_climb,2,OFFBOARD,1,2,8.479
28.93,arm_climb,3,OFFBOARD,1,2,8.633
28.93,arm_climb,4,OFFBOARD,1,2,8.529
28.93,arm_climb,5,OFFBOARD,1,2,8.635
28.93,arm_climb,6,OFFBOARD,1,2,8.526
28.93,arm_climb,7,OFFBOARD,1,2,8.625
28.93,arm_climb,8,OFFBOARD,1,2,8.584
28.93,arm_climb,9,OFFBOARD,1,2,8.785
28.93,arm_climb,10,OFFBOARD,1,2,8.516
29.14,arm_climb,1,OFFBOARD,1,2,8.846
29.14,arm_climb,2,OFFBOARD,1,2,8.784
29.14,arm_climb,3,OFFBOARD,1,2,8.871
29.14,arm_climb,4,OFFBOARD,1,2,8.813
29.14,arm_climb,5,OFFBOARD,1,2,8.879
29.14,arm_climb,6,OFFBOARD,1,2,8.811
29.14,arm_climb,7,OFFBOARD,1,2,8.875
29.14,arm_climb,8,OFFBOARD,1,2,8.879
29.14,arm_climb,9,OFFBOARD,1,2,9.073
29.14,arm_climb,10,OFFBOARD,1,2,8.824
29.34,arm_climb,1,OFFBOARD,1,2,9.077
29.34,arm_climb,2,OFFBOARD,1,2,9.007
29.34,arm_climb,3,OFFBOARD,1,2,9.132
29.34,arm_climb,4,OFFBOARD,1,2,9.088
29.34,arm_climb,5,OFFBOARD,1,2,9.151
29.34,arm_climb,6,OFFBOARD,1,2,9.077
29.34,arm_climb,7,OFFBOARD,1,2,9.127
29.34,arm_climb,8,OFFBOARD,1,2,9.143
29.34,arm_climb,9,OFFBOARD,1,2,9.27
29.34,arm_climb,10,OFFBOARD,1,2,9.102
29.55,arm_climb,1,OFFBOARD,1,2,9.316
29.55,arm_climb,2,OFFBOARD,1,2,9.248
29.55,arm_climb,3,OFFBOARD,1,2,9.351
29.55,arm_climb,4,OFFBOARD,1,2,9.273
29.55,arm_climb,5,OFFBOARD,1,2,9.36
29.55,arm_climb,6,OFFBOARD,1,2,9.3
29.55,arm_climb,7,OFFBOARD,1,2,9.312
29.55,arm_climb,8,OFFBOARD,1,2,9.328
29.55,arm_climb,9,OFFBOARD,1,2,9.47
29.55,arm_climb,10,OFFBOARD,1,2,9.335
29.75,arm_climb,1,OFFBOARD,1,2,9.504
29.75,arm_climb,2,OFFBOARD,1,2,9.445
29.75,arm_climb,3,OFFBOARD,1,2,9.521
29.75,arm_climb,4,OFFBOARD,1,2,9.459
29.75,arm_climb,5,OFFBOARD,1,2,9.503
29.75,arm_climb,6,OFFBOARD,1,2,9.455
29.75,arm_climb,7,OFFBOARD,1,2,9.496
29.75,arm_climb,8,OFFBOARD,1,2,9.501
29.75,arm_climb,9,OFFBOARD,1,2,9.628
29.75,arm_climb,10,OFFBOARD,1,2,9.492
29.96,arm_climb,1,OFFBOARD,1,2,9.635
29.96,arm_climb,2,OFFBOARD,1,2,9.601
29.96,arm_climb,3,OFFBOARD,1,2,9.626
29.96,arm_climb,4,OFFBOARD,1,2,9.607
29.96,arm_climb,5,OFFBOARD,1,2,9.641
29.96,arm_climb,6,OFFBOARD,1,2,9.6
29.96,arm_climb,7,OFFBOARD,1,2,9.635
29.96,arm_climb,8,OFFBOARD,1,2,9.633
29.96,arm_climb,9,OFFBOARD,1,2,9.747
29.96,arm_climb,10,OFFBOARD,1,2,9.654
30.17,hover,1,OFFBOARD,1,2,9.731
30.17,hover,2,OFFBOARD,1,2,9.708
30.17,hover,3,OFFBOARD,1,2,9.746
30.17,hover,4,OFFBOARD,1,2,9.722
30.17,hover,5,OFFBOARD,1,2,9.747
30.17,hover,6,OFFBOARD,1,2,9.713
30.17,hover,7,OFFBOARD,1,2,9.743
30.17,hover,8,OFFBOARD,1,2,9.734
30.17,hover,9,OFFBOARD,1,2,9.829
30.17,hover,10,OFFBOARD,1,2,9.778
30.38,hover,1,OFFBOARD,1,2,9.79
30.38,hover,2,OFFBOARD,1,2,9.814
30.38,hover,3,OFFBOARD,1,2,9.821
30.38,hover,4,OFFBOARD,1,2,9.798
30.38,hover,5,OFFBOARD,1,2,9.836
30.38,hover,6,OFFBOARD,1,2,9.805
30.38,hover,7,OFFBOARD,1,2,9.828
30.38,hover,8,OFFBOARD,1,2,9.825
30.38,hover,9,OFFBOARD,1,2,9.909
30.38,hover,10,OFFBOARD,1,2,9.872
30.6,hover,1,OFFBOARD,1,2,9.849
30.6,hover,2,OFFBOARD,1,2,9.889
30.6,hover,3,OFFBOARD,1,2,9.883
30.6,hover,4,OFFBOARD,1,2,9.856
30.6,hover,5,OFFBOARD,1,2,9.91
30.6,hover,6,OFFBOARD,1,2,9.874
30.6,hover,7,OFFBOARD,1,2,9.88
30.6,hover,8,OFFBOARD,1,2,9.893
30.6,hover,9,OFFBOARD,1,2,9.969
30.6,hover,10,OFFBOARD,1,2,9.944
30.8,hover,1,OFFBOARD,1,2,9.881
30.8,hover,2,OFFBOARD,1,2,9.932
30.8,hover,3,OFFBOARD,1,2,9.927
30.8,hover,4,OFFBOARD,1,2,9.896
30.8,hover,5,OFFBOARD,1,2,9.953
30.8,hover,6,OFFBOARD,1,2,9.914
30.8,hover,7,OFFBOARD,1,2,9.918
30.8,hover,8,OFFBOARD,1,2,9.934
30.8,hover,9,OFFBOARD,1,2,10.013
30.8,hover,10,OFFBOARD,1,2,9.992
31.02,hover,1,OFFBOARD,1,2,9.907
31.02,hover,2,OFFBOARD,1,2,9.955
31.02,hover,3,OFFBOARD,1,2,9.956
31.02,hover,4,OFFBOARD,1,2,9.91
31.02,hover,5,OFFBOARD,1,2,9.978
31.02,hover,6,OFFBOARD,1,2,9.938
31.02,hover,7,OFFBOARD,1,2,9.943
31.02,hover,8,OFFBOARD,1,2,9.97
31.02,hover,9,OFFBOARD,1,2,10.054
31.02,hover,10,OFFBOARD,1,2,10.028
31.23,hover,1,OFFBOARD,1,2,9.93
31.23,hover,2,OFFBOARD,1,2,9.967
31.23,hover,3,OFFBOARD,1,2,9.98
31.23,hover,4,OFFBOARD,1,2,9.921
31.23,hover,5,OFFBOARD,1,2,10.007
31.23,hover,6,OFFBOARD,1,2,9.95
31.23,hover,7,OFFBOARD,1,2,9.964
31.23,hover,8,OFFBOARD,1,2,10.002
31.23,hover,9,OFFBOARD,1,2,10.081
31.23,hover,10,OFFBOARD,1,2,10.059
31.43,hover,1,OFFBOARD,1,2,9.941
31.43,hover,2,OFFBOARD,1,2,9.974
31.43,hover,3,OFFBOARD,1,2,9.998
31.43,hover,4,OFFBOARD,1,2,9.928
31.43,hover,5,OFFBOARD,1,2,10.021
31.43,hover,6,OFFBOARD,1,2,9.954
31.43,hover,7,OFFBOARD,1,2,9.978
31.43,hover,8,OFFBOARD,1,2,10.029
31.43,hover,9,OFFBOARD,1,2,10.093
31.43,hover,10,OFFBOARD,1,2,10.077
31.64,hover,1,OFFBOARD,1,2,9.951
31.64,hover,2,OFFBOARD,1,2,9.974
31.64,hover,3,OFFBOARD,1,2,10.01
31.64,hover,4,OFFBOARD,1,2,9.929
31.64,hover,5,OFFBOARD,1,2,10.028
31.64,hover,6,OFFBOARD,1,2,9.97
31.64,hover,7,OFFBOARD,1,2,10.006
31.64,hover,8,OFFBOARD,1,2,10.051
31.64,hover,9,OFFBOARD,1,2,10.105
31.64,hover,10,OFFBOARD,1,2,10.086
31.85,hover,1,OFFBOARD,1,2,9.953
31.85,hover,2,OFFBOARD,1,2,9.974
31.85,hover,3,OFFBOARD,1,2,10.014
31.85,hover,4,OFFBOARD,1,2,9.926
31.85,hover,5,OFFBOARD,1,2,10.025
31.85,hover,6,OFFBOARD,1,2,9.979
31.85,hover,7,OFFBOARD,1,2,10.036
31.85,hover,8,OFFBOARD,1,2,10.07
31.85,hover,9,OFFBOARD,1,2,10.113
31.85,hover,10,OFFBOARD,1,2,10.088
32.05,hover,1,OFFBOARD,1,2,9.955
32.05,hover,2,OFFBOARD,1,2,9.978
32.05,hover,3,OFFBOARD,1,2,10.002
32.05,hover,4,OFFBOARD,1,2,9.925
32.05,hover,5,OFFBOARD,1,2,10.008
32.05,hover,6,OFFBOARD,1,2,9.975
32.05,hover,7,OFFBOARD,1,2,10.056
32.05,hover,8,OFFBOARD,1,2,10.082
32.05,hover,9,OFFBOARD,1,2,10.112
32.05,hover,10,OFFBOARD,1,2,10.083
32.27,hover,1,OFFBOARD,1,2,9.944
32.27,hover,2,OFFBOARD,1,2,9.993
32.27,hover,3,OFFBOARD,1,2,9.984
32.27,hover,4,OFFBOARD,1,2,9.928
32.27,hover,5,OFFBOARD,1,2,9.999
32.27,hover,6,OFFBOARD,1,2,9.971
32.27,hover,7,OFFBOARD,1,2,10.066
32.27,hover,8,OFFBOARD,1,2,10.089
32.27,hover,9,OFFBOARD,1,2,10.108
32.27,hover,10,OFFBOARD,1,2,10.071
32.47,hover,1,OFFBOARD,1,2,9.927
32.47,hover,2,OFFBOARD,1,2,9.996
32.47,hover,3,OFFBOARD,1,2,9.964
32.47,hover,4,OFFBOARD,1,2,9.928
32.47,hover,5,OFFBOARD,1,2,9.998
32.47,hover,6,OFFBOARD,1,2,9.965
32.47,hover,7,OFFBOARD,1,2,10.073
32.47,hover,8,OFFBOARD,1,2,10.1
32.47,hover,9,OFFBOARD,1,2,10.103
32.47,hover,10,OFFBOARD,1,2,10.068
32.68,hover,1,OFFBOARD,1,2,9.918
32.68,hover,2,OFFBOARD,1,2,9.991
32.68,hover,3,OFFBOARD,1,2,9.944
32.68,hover,4,OFFBOARD,1,2,9.926
32.68,hover,5,OFFBOARD,1,2,9.99
32.68,hover,6,OFFBOARD,1,2,9.952
32.68,hover,7,OFFBOARD,1,2,10.078
32.68,hover,8,OFFBOARD,1,2,10.105
32.68,hover,9,OFFBOARD,1,2,10.092
32.68,hover,10,OFFBOARD,1,2,10.069
32.89,hover,1,OFFBOARD,1,2,9.907
32.89,hover,2,OFFBOARD,1,2,9.99
32.89,hover,3,OFFBOARD,1,2,9.924
32.89,hover,4,OFFBOARD,1,2,9.913
32.89,hover,5,OFFBOARD,1,2,9.985
32.89,hover,6,OFFBOARD,1,2,9.94
32.89,hover,7,OFFBOARD,1,2,10.074
32.89,hover,8,OFFBOARD,1,2,10.098
32.89,hover,9,OFFBOARD,1,2,10.078
32.89,hover,10,OFFBOARD,1,2,10.063
33.09,hover,1,OFFBOARD,1,2,9.898
33.09,hover,2,OFFBOARD,1,2,9.984
33.09,hover,3,OFFBOARD,1,2,9.916
33.09,hover,4,OFFBOARD,1,2,9.888
33.09,hover,5,OFFBOARD,1,2,9.98
33.09,hover,6,OFFBOARD,1,2,9.922
33.09,hover,7,OFFBOARD,1,2,10.069
33.09,hover,8,OFFBOARD,1,2,10.085
33.09,hover,9,OFFBOARD,1,2,10.055
33.09,hover,10,OFFBOARD,1,2,10.062
33.3,hover,1,OFFBOARD,1,2,9.878
33.3,hover,2,OFFBOARD,1,2,9.963
33.3,hover,3,OFFBOARD,1,2,9.92
33.3,hover,4,OFFBOARD,1,2,9.86
33.3,hover,5,OFFBOARD,1,2,9.982
33.3,hover,6,OFFBOARD,1,2,9.898
33.3,hover,7,OFFBOARD,1,2,10.062
33.3,hover,8,OFFBOARD,1,2,10.07
33.3,hover,9,OFFBOARD,1,2,10.042
33.3,hover,10,OFFBOARD,1,2,10.065
33.52,hover,1,OFFBOARD,1,2,9.861
33.52,hover,2,OFFBOARD,1,2,9.941
33.52,hover,3,OFFBOARD,1,2,9.921
33.52,hover,4,OFFBOARD,1,2,9.837
33.52,hover,5,OFFBOARD,1,2,9.98
33.52,hover,6,OFFBOARD,1,2,9.883
33.52,hover,7,OFFBOARD,1,2,10.052
33.52,hover,8,OFFBOARD,1,2,10.055
33.52,hover,9,OFFBOARD,1,2,10.037
33.52,hover,10,OFFBOARD,1,2,10.079
33.72,hover,1,OFFBOARD,1,2,9.851
33.72,hover,2,OFFBOARD,1,2,9.921
33.72,hover,3,OFFBOARD,1,2,9.913
33.72,hover,4,OFFBOARD,1,2,9.818
33.72,hover,5,OFFBOARD,1,2,9.979
33.72,hover,6,OFFBOARD,1,2,9.877
33.72,hover,7,OFFBOARD,1,2,10.041
33.72,hover,8,OFFBOARD,1,2,10.047
33.72,hover,9,OFFBOARD,1,2,10.048
33.72,hover,10,OFFBOARD,1,2,10.093
33.93,hover,1,OFFBOARD,1,2,9.841
33.93,hover,2,OFFBOARD,1,2,9.901
33.93,hover,3,OFFBOARD,1,2,9.905
33.93,hover,4,OFFBOARD,1,2,9.811
33.93,hover,5,OFFBOARD,1,2,9.972
33.93,hover,6,OFFBOARD,1,2,9.872
33.93,hover,7,OFFBOARD,1,2,10.042
33.93,hover,8,OFFBOARD,1,2,10.044
33.93,hover,9,OFFBOARD,1,2,10.061
33.93,hover,10,OFFBOARD,1,2,10.1
34.14,hover,1,OFFBOARD,1,2,9.831
34.14,hover,2,OFFBOARD,1,2,9.885
34.14,hover,3,OFFBOARD,1,2,9.901
34.14,hover,4,OFFBOARD,1,2,9.816
34.14,hover,5,OFFBOARD,1,2,9.955
34.14,hover,6,OFFBOARD,1,2,9.873
34.14,hover,7,OFFBOARD,1,2,10.05
34.14,hover,8,OFFBOARD,1,2,10.042
34.14,hover,9,OFFBOARD,1,2,10.073
34.14,hover,10,OFFBOARD,1,2,10.105
34.35,hover,1,OFFBOARD,1,2,9.83
34.35,hover,2,OFFBOARD,1,2,9.87
34.35,hover,3,OFFBOARD,1,2,9.891
34.35,hover,4,OFFBOARD,1,2,9.827
34.35,hover,5,OFFBOARD,1,2,9.935
34.35,hover,6,OFFBOARD,1,2,9.875
34.35,hover,7,OFFBOARD,1,2,10.058
34.35,hover,8,OFFBOARD,1,2,10.025
34.35,hover,9,OFFBOARD,1,2,10.078
34.35,hover,10,OFFBOARD,1,2,10.105
34.56,hover,1,OFFBOARD,1,2,9.832
34.56,hover,2,OFFBOARD,1,2,9.863
34.56,hover,3,OFFBOARD,1,2,9.879
34.56,hover,4,OFFBOARD,1,2,9.829
34.56,hover,5,OFFBOARD,1,2,9.912
34.56,hover,6,OFFBOARD,1,2,9.884
34.56,hover,7,OFFBOARD,1,2,10.064
34.56,hover,8,OFFBOARD,1,2,10.009
34.56,hover,9,OFFBOARD,1,2,10.086
34.56,hover,10,OFFBOARD,1,2,10.106
34.77,hover,1,OFFBOARD,1,2,9.819
34.77,hover,2,OFFBOARD,1,2,9.851
34.77,hover,3,OFFBOARD,1,2,9.872
34.77,hover,4,OFFBOARD,1,2,9.828
34.77,hover,5,OFFBOARD,1,2,9.891
34.77,hover,6,OFFBOARD,1,2,9.888
34.77,hover,7,OFFBOARD,1,2,10.064
34.77,hover,8,OFFBOARD,1,2,9.99
34.77,hover,9,OFFBOARD,1,2,10.088
34.77,hover,10,OFFBOARD,1,2,10.103
34.98,hover,1,OFFBOARD,1,2,9.81
34.98,hover,2,OFFBOARD,1,2,9.84
34.98,hover,3,OFFBOARD,1,2,9.856
34.98,hover,4,OFFBOARD,1,2,9.831
34.98,hover,5,OFFBOARD,1,2,9.874
34.98,hover,6,OFFBOARD,1,2,9.892
34.98,hover,7,OFFBOARD,1,2,10.059
34.98,hover,8,OFFBOARD,1,2,9.987
34.98,hover,9,OFFBOARD,1,2,10.079
34.98,hover,10,OFFBOARD,1,2,10.099
35.18,hover,1,OFFBOARD,1,2,9.796
35.18,hover,2,OFFBOARD,1,2,9.824
35.18,hover,3,OFFBOARD,1,2,9.849
35.18,hover,4,OFFBOARD,1,2,9.828
35.18,hover,5,OFFBOARD,1,2,9.87
35.18,hover,6,OFFBOARD,1,2,9.888
35.18,hover,7,OFFBOARD,1,2,10.052
35.18,hover,8,OFFBOARD,1,2,9.988
35.18,hover,9,OFFBOARD,1,2,10.068
35.18,hover,10,OFFBOARD,1,2,10.087
35.39,hover,1,OFFBOARD,1,2,9.795
35.39,hover,2,OFFBOARD,1,2,9.823
35.39,hover,3,OFFBOARD,1,2,9.843
35.39,hover,4,OFFBOARD,1,2,9.817
35.39,hover,5,OFFBOARD,1,2,9.88
35.39,hover,6,OFFBOARD,1,2,9.879
35.39,hover,7,OFFBOARD,1,2,10.054
35.39,hover,8,OFFBOARD,1,2,9.992
35.39,hover,9,OFFBOARD,1,2,10.068
35.39,hover,10,OFFBOARD,1,2,10.081
35.59,hover,1,OFFBOARD,1,2,9.789
35.59,hover,2,OFFBOARD,1,2,9.817
35.59,hover,3,OFFBOARD,1,2,9.837
35.59,hover,4,OFFBOARD,1,2,9.81
35.59,hover,5,OFFBOARD,1,2,9.887
35.59,hover,6,OFFBOARD,1,2,9.865
35.59,hover,7,OFFBOARD,1,2,10.062
35.59,hover,8,OFFBOARD,1,2,9.996
35.59,hover,9,OFFBOARD,1,2,10.06
35.59,hover,10,OFFBOARD,1,2,10.076
35.81,hover,1,OFFBOARD,1,2,9.79
35.81,hover,2,OFFBOARD,1,2,9.805
35.81,hover,3,OFFBOARD,1,2,9.831
35.81,hover,4,OFFBOARD,1,2,9.804
35.81,hover,5,OFFBOARD,1,2,9.885
35.81,hover,6,OFFBOARD,1,2,9.853
35.81,hover,7,OFFBOARD,1,2,10.072
35.81,hover,8,OFFBOARD,1,2,9.996
35.81,hover,9,OFFBOARD,1,2,10.041
35.81,hover,10,OFFBOARD,1,2,10.075
36.02,hover,1,OFFBOARD,1,2,9.782
36.02,hover,2,OFFBOARD,1,2,9.798
36.02,hover,3,OFFBOARD,1,2,9.823
36.02,hover,4,OFFBOARD,1,2,9.795
36.02,hover,5,OFFBOARD,1,2,9.881
36.02,hover,6,OFFBOARD,1,2,9.843
36.02,hover,7,OFFBOARD,1,2,10.084
36.02,hover,8,OFFBOARD,1,2,9.988
36.02,hover,9,OFFBOARD,1,2,10.032
36.02,hover,10,OFFBOARD,1,2,10.082
36.23,hover,1,OFFBOARD,1,2,9.782
36.23,hover,2,OFFBOARD,1,2,9.79
36.23,hover,3,OFFBOARD,1,2,9.813
36.23,hover,4,OFFBOARD,1,2,9.795
36.23,hover,5,OFFBOARD,1,2,9.876
36.23,hover,6,OFFBOARD,1,2,9.837
36.23,hover,7,OFFBOARD,1,2,10.09
36.23,hover,8,OFFBOARD,1,2,9.977
36.23,hover,9,OFFBOARD,1,2,10.028
36.23,hover,10,OFFBOARD,1,2,10.08
36.44,hover,1,OFFBOARD,1,2,9.795
36.44,hover,2,OFFBOARD,1,2,9.789
36.44,hover,3,OFFBOARD,1,2,9.815
36.44,hover,4,OFFBOARD,1,2,9.792
36.44,hover,5,OFFBOARD,1,2,9.864
36.44,hover,6,OFFBOARD,1,2,9.843
36.44,hover,7,OFFBOARD,1,2,10.098
36.44,hover,8,OFFBOARD,1,2,9.979
36.44,hover,9,OFFBOARD,1,2,10.029
36.44,hover,10,OFFBOARD,1,2,10.079
36.64,hover,1,OFFBOARD,1,2,9.8
36.64,hover,2,OFFBOARD,1,2,9.788
36.64,hover,3,OFFBOARD,1,2,9.821
36.64,hover,4,OFFBOARD,1,2,9.79
36.64,hover,5,OFFBOARD,1,2,9.853
36.64,hover,6,OFFBOARD,1,2,9.848
36.64,hover,7,OFFBOARD,1,2,10.092
36.64,hover,8,OFFBOARD,1,2,9.975
36.64,hover,9,OFFBOARD,1,2,10.027
36.64,hover,10,OFFBOARD,1,2,10.081
36.85,hover,1,OFFBOARD,1,2,9.807
36.85,hover,2,OFFBOARD,1,2,9.788
36.85,hover,3,OFFBOARD,1,2,9.814
36.85,hover,4,OFFBOARD,1,2,9.783
36.85,hover,5,OFFBOARD,1,2,9.85
36.85,hover,6,OFFBOARD,1,2,9.854
36.85,hover,7,OFFBOARD,1,2,10.088
36.85,hover,8,OFFBOARD,1,2,9.984
36.85,hover,9,OFFBOARD,1,2,10.014
36.85,hover,10,OFFBOARD,1,2,10.074
37.05,hover,1,OFFBOARD,1,2,9.829
37.05,hover,2,OFFBOARD,1,2,9.782
37.05,hover,3,OFFBOARD,1,2,9.808
37.05,hover,4,OFFBOARD,1,2,9.779
37.05,hover,5,OFFBOARD,1,2,9.836
37.05,hover,6,OFFBOARD,1,2,9.855
37.05,hover,7,OFFBOARD,1,2,10.078
37.05,hover,8,OFFBOARD,1,2,9.991
37.05,hover,9,OFFBOARD,1,2,9.999
37.05,hover,10,OFFBOARD,1,2,10.06
37.26,hover,1,OFFBOARD,1,2,9.848
37.26,hover,2,OFFBOARD,1,2,9.788
37.26,hover,3,OFFBOARD,1,2,9.793
37.26,hover,4,OFFBOARD,1,2,9.781
37.26,hover,5,OFFBOARD,1,2,9.83
37.26,hover,6,OFFBOARD,1,2,9.86
37.26,hover,7,OFFBOARD,1,2,10.062
37.26,hover,8,OFFBOARD,1,2,9.993
37.26,hover,9,OFFBOARD,1,2,9.983
37.26,hover,10,OFFBOARD,1,2,10.048
37.47,hover,1,OFFBOARD,1,2,9.856
37.47,hover,2,OFFBOARD,1,2,9.802
37.47,hover,3,OFFBOARD,1,2,9.788
37.47,hover,4,OFFBOARD,1,2,9.798
37.47,hover,5,OFFBOARD,1,2,9.823
37.47,hover,6,OFFBOARD,1,2,9.868
37.47,hover,7,OFFBOARD,1,2,10.038
37.47,hover,8,OFFBOARD,1,2,9.989
37.47,hover,9,OFFBOARD,1,2,9.983
37.47,hover,10,OFFBOARD,1,2,10.034
37.67,hover,1,OFFBOARD,1,2,9.871
37.67,hover,2,OFFBOARD,1,2,9.812
37.67,hover,3,OFFBOARD,1,2,9.786
37.67,hover,4,OFFBOARD,1,2,9.813
37.67,hover,5,OFFBOARD,1,2,9.813
37.67,hover,6,OFFBOARD,1,2,9.867
37.67,hover,7,OFFBOARD,1,2,10.023
37.67,hover,8,OFFBOARD,1,2,9.975
37.67,hover,9,OFFBOARD,1,2,9.977
37.67,hover,10,OFFBOARD,1,2,10.028
37.88,hover,1,OFFBOARD,1,2,9.886
37.88,hover,2,OFFBOARD,1,2,9.826
37.88,hover,3,OFFBOARD,1,2,9.788
37.88,hover,4,OFFBOARD,1,2,9.817
37.88,hover,5,OFFBOARD,1,2,9.803
37.88,hover,6,OFFBOARD,1,2,9.864
37.88,hover,7,OFFBOARD,1,2,10.001
37.88,hover,8,OFFBOARD,1,2,9.969
37.88,hover,9,OFFBOARD,1,2,9.982
37.88,hover,10,OFFBOARD,1,2,10.034
38.08,hover,1,OFFBOARD,1,2,9.903
38.08,hover,2,OFFBOARD,1,2,9.844
38.08,hover,3,OFFBOARD,1,2,9.791
38.08,hover,4,OFFBOARD,1,2,9.817
38.08,hover,5,OFFBOARD,1,2,9.794
38.08,hover,6,OFFBOARD,1,2,9.872
38.08,hover,7,OFFBOARD,1,2,9.975
38.08,hover,8,OFFBOARD,1,2,9.971
38.08,hover,9,OFFBOARD,1,2,9.987
38.08,hover,10,OFFBOARD,1,2,10.031
38.29,hover,1,OFFBOARD,1,2,9.919
38.29,hover,2,OFFBOARD,1,2,9.849
38.29,hover,3,OFFBOARD,1,2,9.794
38.29,hover,4,OFFBOARD,1,2,9.81
38.29,hover,5,OFFBOARD,1,2,9.788
38.29,hover,6,OFFBOARD,1,2,9.872
38.29,hover,7,OFFBOARD,1,2,9.954
38.29,hover,8,OFFBOARD,1,2,9.985
38.29,hover,9,OFFBOARD,1,2,9.988
38.29,hover,10,OFFBOARD,1,2,10.025
38.49,hover,1,OFFBOARD,1,2,9.933
38.49,hover,2,OFFBOARD,1,2,9.849
38.49,hover,3,OFFBOARD,1,2,9.798
38.49,hover,4,OFFBOARD,1,2,9.808
38.49,hover,5,OFFBOARD,1,2,9.796
38.49,hover,6,OFFBOARD,1,2,9.875
38.49,hover,7,OFFBOARD,1,2,9.942
38.49,hover,8,OFFBOARD,1,2,9.997
38.49,hover,9,OFFBOARD,1,2,9.968
38.49,hover,10,OFFBOARD,1,2,10.021
38.7,hover,1,OFFBOARD,1,2,9.935
38.7,hover,2,OFFBOARD,1,2,9.852
38.7,hover,3,OFFBOARD,1,2,9.803
38.7,hover,4,OFFBOARD,1,2,9.81
38.7,hover,5,OFFBOARD,1,2,9.813
38.7,hover,6,OFFBOARD,1,2,9.882
38.7,hover,7,OFFBOARD,1,2,9.923
38.7,hover,8,OFFBOARD,1,2,9.999
38.7,hover,9,OFFBOARD,1,2,9.951
38.7,hover,10,OFFBOARD,1,2,10.023
38.91,hover,1,OFFBOARD,1,2,9.941
38.91,hover,2,OFFBOARD,1,2,9.855
38.91,hover,3,OFFBOARD,1,2,9.809
38.91,hover,4,OFFBOARD,1,2,9.814
38.91,hover,5,OFFBOARD,1,2,9.818
38.91,hover,6,OFFBOARD,1,2,9.898
38.91,hover,7,OFFBOARD,1,2,9.907
38.91,hover,8,OFFBOARD,1,2,10.002
38.91,hover,9,OFFBOARD,1,2,9.941
38.91,hover,10,OFFBOARD,1,2,10.026
39.12,hover,1,OFFBOARD,1,2,9.946
39.12,hover,2,OFFBOARD,1,2,9.869
39.12,hover,3,OFFBOARD,1,2,9.809
39.12,hover,4,OFFBOARD,1,2,9.804
39.12,hover,5,OFFBOARD,1,2,9.819
39.12,hover,6,OFFBOARD,1,2,9.909
39.12,hover,7,OFFBOARD,1,2,9.9
39.12,hover,8,OFFBOARD,1,2,9.999
39.12,hover,9,OFFBOARD,1,2,9.942
39.12,hover,10,OFFBOARD,1,2,10.027
39.33,hover,1,OFFBOARD,1,2,9.958
39.33,hover,2,OFFBOARD,1,2,9.883
39.33,hover,3,OFFBOARD,1,2,9.804
39.33,hover,4,OFFBOARD,1,2,9.806
39.33,hover,5,OFFBOARD,1,2,9.812
39.33,hover,6,OFFBOARD,1,2,9.911
39.33,hover,7,OFFBOARD,1,2,9.884
39.33,hover,8,OFFBOARD,1,2,10.007
39.33,hover,9,OFFBOARD,1,2,9.951
39.33,hover,10,OFFBOARD,1,2,10.024
39.53,hover,1,OFFBOARD,1,2,9.974
39.53,hover,2,OFFBOARD,1,2,9.894
39.53,hover,3,OFFBOARD,1,2,9.806
39.53,hover,4,OFFBOARD,1,2,9.817
39.53,hover,5,OFFBOARD,1,2,9.808
39.53,hover,6,OFFBOARD,1,2,9.903
39.53,hover,7,OFFBOARD,1,2,9.875
39.53,hover,8,OFFBOARD,1,2,10.011
39.53,hover,9,OFFBOARD,1,2,9.969
39.53,hover,10,OFFBOARD,1,2,10.006
39.74,hover,1,OFFBOARD,1,2,9.99
39.74,hover,2,OFFBOARD,1,2,9.898
39.74,hover,3,OFFBOARD,1,2,9.812
39.74,hover,4,OFFBOARD,1,2,9.822
39.74,hover,5,OFFBOARD,1,2,9.809
39.74,hover,6,OFFBOARD,1,2,9.9
39.74,hover,7,OFFBOARD,1,2,9.865
39.74,hover,8,OFFBOARD,1,2,10.001
39.74,hover,9,OFFBOARD,1,2,9.976
39.74,hover,10,OFFBOARD,1,2,9.985
39.94,hover,1,OFFBOARD,1,2,10.001
39.94,hover,2,OFFBOARD,1,2,9.907
39.94,hover,3,OFFBOARD,1,2,9.806
39.94,hover,4,OFFBOARD,1,2,9.828
39.94,hover,5,OFFBOARD,1,2,9.809
39.94,hover,6,OFFBOARD,1,2,9.891
39.94,hover,7,OFFBOARD,1,2,9.855
39.94,hover,8,OFFBOARD,1,2,9.986
39.94,hover,9,OFFBOARD,1,2,9.988
39.94,hover,10,OFFBOARD,1,2,9.961
40.15,hover,1,OFFBOARD,1,2,10.006
40.15,hover,2,OFFBOARD,1,2,9.925
40.15,hover,3,OFFBOARD,1,2,9.797
40.15,hover,4,OFFBOARD,1,2,9.839
40.15,hover,5,OFFBOARD,1,2,9.808
40.15,hover,6,OFFBOARD,1,2,9.873
40.15,hover,7,OFFBOARD,1,2,9.847
40.15,hover,8,OFFBOARD,1,2,9.963
40.15,hover,9,OFFBOARD,1,2,9.994
40.15,hover,10,OFFBOARD,1,2,9.944
40.35,hover,1,OFFBOARD,1,2,10.006
40.35,hover,2,OFFBOARD,1,2,9.942
40.35,hover,3,OFFBOARD,1,2,9.792
40.35,hover,4,OFFBOARD,1,2,9.854
40.35,hover,5,OFFBOARD,1,2,9.798
40.35,hover,6,OFFBOARD,1,2,9.856
40.35,hover,7,OFFBOARD,1,2,9.836
40.35,hover,8,OFFBOARD,1,2,9.943
40.35,hover,9,OFFBOARD,1,2,9.999
40.35,hover,10,OFFBOARD,1,2,9.921
40.57,hover,1,OFFBOARD,1,2,10.011
40.57,hover,2,OFFBOARD,1,2,9.96
40.57,hover,3,OFFBOARD,1,2,9.778
40.57,hover,4,OFFBOARD,1,2,9.869
40.57,hover,5,OFFBOARD,1,2,9.802
40.57,hover,6,OFFBOARD,1,2,9.834
40.57,hover,7,OFFBOARD,1,2,9.829
40.57,hover,8,OFFBOARD,1,2,9.936
40.57,hover,9,OFFBOARD,1,2,10.009
40.57,hover,10,OFFBOARD,1,2,9.91
40.77,hover,1,OFFBOARD,1,2,10.018
40.77,hover,2,OFFBOARD,1,2,9.972
40.77,hover,3,OFFBOARD,1,2,9.766
40.77,hover,4,OFFBOARD,1,2,9.88
40.77,hover,5,OFFBOARD,1,2,9.807
40.77,hover,6,OFFBOARD,1,2,9.809
40.77,hover,7,OFFBOARD,1,2,9.833
40.77,hover,8,OFFBOARD,1,2,9.94
40.77,hover,9,OFFBOARD,1,2,10.008
40.77,hover,10,OFFBOARD,1,2,9.91
40.99,hover,1,OFFBOARD,1,2,10.02
40.99,hover,2,OFFBOARD,1,2,9.971
40.99,hover,3,OFFBOARD,1,2,9.768
40.99,hover,4,OFFBOARD,1,2,9.884
40.99,hover,5,OFFBOARD,1,2,9.804
40.99,hover,6,OFFBOARD,1,2,9.796
40.99,hover,7,OFFBOARD,1,2,9.847
40.99,hover,8,OFFBOARD,1,2,9.94
40.99,hover,9,OFFBOARD,1,2,9.992
40.99,hover,10,OFFBOARD,1,2,9.919
41.2,hover,1,OFFBOARD,1,2,10.021
41.2,hover,2,OFFBOARD,1,2,9.968
41.2,hover,3,OFFBOARD,1,2,9.788
41.2,hover,4,OFFBOARD,1,2,9.889
41.2,hover,5,OFFBOARD,1,2,9.812
41.2,hover,6,OFFBOARD,1,2,9.785
41.2,hover,7,OFFBOARD,1,2,9.851
41.2,hover,8,OFFBOARD,1,2,9.935
41.2,hover,9,OFFBOARD,1,2,9.977
41.2,hover,10,OFFBOARD,1,2,9.921
41.42,hover,1,OFFBOARD,1,2,10.017
41.42,hover,2,OFFBOARD,1,2,9.969
41.42,hover,3,OFFBOARD,1,2,9.814
41.42,hover,4,OFFBOARD,1,2,9.899
41.42,hover,5,OFFBOARD,1,2,9.823
41.42,hover,6,OFFBOARD,1,2,9.781
41.42,hover,7,OFFBOARD,1,2,9.851
41.42,hover,8,OFFBOARD,1,2,9.932
41.42,hover,9,OFFBOARD,1,2,9.955
41.42,hover,10,OFFBOARD,1,2,9.918
41.62,hover,1,OFFBOARD,1,2,10.015
41.62,hover,2,OFFBOARD,1,2,9.977
41.62,hover,3,OFFBOARD,1,2,9.83
41.62,hover,4,OFFBOARD,1,2,9.9
41.62,hover,5,OFFBOARD,1,2,9.837
41.62,hover,6,OFFBOARD,1,2,9.778
41.62,hover,7,OFFBOARD,1,2,9.844
41.62,hover,8,OFFBOARD,1,2,9.921
41.62,hover,9,OFFBOARD,1,2,9.943
41.62,hover,10,OFFBOARD,1,2,9.918
41.83,hover,1,OFFBOARD,1,2,10.009
41.83,hover,2,OFFBOARD,1,2,9.978
41.83,hover,3,OFFBOARD,1,2,9.834
41.83,hover,4,OFFBOARD,1,2,9.898
41.83,hover,5,OFFBOARD,1,2,9.845
41.83,hover,6,OFFBOARD,1,2,9.774
41.83,hover,7,OFFBOARD,1,2,9.839
41.83,hover,8,OFFBOARD,1,2,9.905
41.83,hover,9,OFFBOARD,1,2,9.939
41.83,hover,10,OFFBOARD,1,2,9.911
42.04,hover,1,OFFBOARD,1,2,10.011
42.04,hover,2,OFFBOARD,1,2,9.975
42.04,hover,3,OFFBOARD,1,2,9.833
42.04,hover,4,OFFBOARD,1,2,9.897
42.04,hover,5,OFFBOARD,1,2,9.853
42.04,hover,6,OFFBOARD,1,2,9.773
42.04,hover,7,OFFBOARD,1,2,9.838
42.04,hover,8,OFFBOARD,1,2,9.891
42.04,hover,9,OFFBOARD,1,2,9.93
42.04,hover,10,OFFBOARD,1,2,9.9
42.24,hover,1,OFFBOARD,1,2,10.017
42.24,hover,2,OFFBOARD,1,2,9.957
42.24,hover,3,OFFBOARD,1,2,9.838
42.24,hover,4,OFFBOARD,1,2,9.908
42.24,hover,5,OFFBOARD,1,2,9.854
42.24,hover,6,OFFBOARD,1,2,9.777
42.24,hover,7,OFFBOARD,1,2,9.84
42.24,hover,8,OFFBOARD,1,2,9.878
42.24,hover,9,OFFBOARD,1,2,9.923
42.24,hover,10,OFFBOARD,1,2,9.885
42.44,hover,1,OFFBOARD,1,2,10.016
42.44,hover,2,OFFBOARD,1,2,9.954
42.44,hover,3,OFFBOARD,1,2,9.845
42.44,hover,4,OFFBOARD,1,2,9.912
42.44,hover,5,OFFBOARD,1,2,9.858
42.44,hover,6,OFFBOARD,1,2,9.783
42.44,hover,7,OFFBOARD,1,2,9.835
42.44,hover,8,OFFBOARD,1,2,9.862
42.44,hover,9,OFFBOARD,1,2,9.921
42.44,hover,10,OFFBOARD,1,2,9.877
42.65,hover,1,OFFBOARD,1,2,10.016
42.65,hover,2,OFFBOARD,1,2,9.953
42.65,hover,3,OFFBOARD,1,2,9.85
42.65,hover,4,OFFBOARD,1,2,9.918
42.65,hover,5,OFFBOARD,1,2,9.862
42.65,hover,6,OFFBOARD,1,2,9.785
42.65,hover,7,OFFBOARD,1,2,9.827
42.65,hover,8,OFFBOARD,1,2,9.843
42.65,hover,9,OFFBOARD,1,2,9.901
42.65,hover,10,OFFBOARD,1,2,9.873
42.86,hover,1,OFFBOARD,1,2,10.014
42.86,hover,2,OFFBOARD,1,2,9.953
42.86,hover,3,OFFBOARD,1,2,9.846
42.86,hover,4,OFFBOARD,1,2,9.922
42.86,hover,5,OFFBOARD,1,2,9.868
42.86,hover,6,OFFBOARD,1,2,9.792
42.86,hover,7,OFFBOARD,1,2,9.832
42.86,hover,8,OFFBOARD,1,2,9.828
42.86,hover,9,OFFBOARD,1,2,9.887
42.86,hover,10,OFFBOARD,1,2,9.874
43.07,hover,1,OFFBOARD,1,2,10.003
43.07,hover,2,OFFBOARD,1,2,9.963
43.07,hover,3,OFFBOARD,1,2,9.853
43.07,hover,4,OFFBOARD,1,2,9.928
43.07,hover,5,OFFBOARD,1,2,9.865
43.07,hover,6,OFFBOARD,1,2,9.792
43.07,hover,7,OFFBOARD,1,2,9.837
43.07,hover,8,OFFBOARD,1,2,9.82
43.07,hover,9,OFFBOARD,1,2,9.878
43.07,hover,10,OFFBOARD,1,2,9.866
43.28,hover,1,OFFBOARD,1,2,9.989
43.28,hover,2,OFFBOARD,1,2,9.967
43.28,hover,3,OFFBOARD,1,2,9.86
43.28,hover,4,OFFBOARD,1,2,9.926
43.28,hover,5,OFFBOARD,1,2,9.858
43.28,hover,6,OFFBOARD,1,2,9.792
43.28,hover,7,OFFBOARD,1,2,9.837
43.28,hover,8,OFFBOARD,1,2,9.826
43.28,hover,9,OFFBOARD,1,2,9.877
43.28,hover,10,OFFBOARD,1,2,9.856
43.48,hover,1,OFFBOARD,1,2,9.975
43.48,hover,2,OFFBOARD,1,2,9.966
43.48,hover,3,OFFBOARD,1,2,9.862
43.48,hover,4,OFFBOARD,1,2,9.921
43.48,hover,5,OFFBOARD,1,2,9.862
43.48,hover,6,OFFBOARD,1,2,9.795
43.48,hover,7,OFFBOARD,1,2,9.847
43.48,hover,8,OFFBOARD,1,2,9.828
43.48,hover,9,OFFBOARD,1,2,9.869
43.48,hover,10,OFFBOARD,1,2,9.846
43.69,hover,1,OFFBOARD,1,2,9.964
43.69,hover,2,OFFBOARD,1,2,9.966
43.69,hover,3,OFFBOARD,1,2,9.871
43.69,hover,4,OFFBOARD,1,2,9.925
43.69,hover,5,OFFBOARD,1,2,9.864
43.69,hover,6,OFFBOARD,1,2,9.801
43.69,hover,7,OFFBOARD,1,2,9.858
43.69,hover,8,OFFBOARD,1,2,9.827
43.69,hover,9,OFFBOARD,1,2,9.857
43.69,hover,10,OFFBOARD,1,2,9.836
43.89,hover,1,OFFBOARD,1,2,9.954
43.89,hover,2,OFFBOARD,1,2,9.959
43.89,hover,3,OFFBOARD,1,2,9.88
43.89,hover,4,OFFBOARD,1,2,9.936
43.89,hover,5,OFFBOARD,1,2,9.86
43.89,hover,6,OFFBOARD,1,2,9.798
43.89,hover,7,OFFBOARD,1,2,9.87
43.89,hover,8,OFFBOARD,1,2,9.83
43.89,hover,9,OFFBOARD,1,2,9.851
43.89,hover,10,OFFBOARD,1,2,9.832
44.11,hover,1,OFFBOARD,1,2,9.945
44.11,hover,2,OFFBOARD,1,2,9.946
44.11,hover,3,OFFBOARD,1,2,9.887
44.11,hover,4,OFFBOARD,1,2,9.944
44.11,hover,5,OFFBOARD,1,2,9.852
44.11,hover,6,OFFBOARD,1,2,9.791
44.11,hover,7,OFFBOARD,1,2,9.88
44.11,hover,8,OFFBOARD,1,2,9.836
44.11,hover,9,OFFBOARD,1,2,9.85
44.11,hover,10,OFFBOARD,1,2,9.843
44.31,hover,1,OFFBOARD,1,2,9.938
44.31,hover,2,OFFBOARD,1,2,9.936
44.31,hover,3,OFFBOARD,1,2,9.884
44.31,hover,4,OFFBOARD,1,2,9.947
44.31,hover,5,OFFBOARD,1,2,9.846
44.31,hover,6,OFFBOARD,1,2,9.801
44.31,hover,7,OFFBOARD,1,2,9.892
44.31,hover,8,OFFBOARD,1,2,9.845
44.31,hover,9,OFFBOARD,1,2,9.858
44.31,hover,10,OFFBOARD,1,2,9.852
44.52,hover,1,OFFBOARD,1,2,9.937
44.52,hover,2,OFFBOARD,1,2,9.923
44.52,hover,3,OFFBOARD,1,2,9.888
44.52,hover,4,OFFBOARD,1,2,9.948
44.52,hover,5,OFFBOARD,1,2,9.835
44.52,hover,6,OFFBOARD,1,2,9.825
44.52,hover,7,OFFBOARD,1,2,9.895
44.52,hover,8,OFFBOARD,1,2,9.854
44.52,hover,9,OFFBOARD,1,2,9.864
44.52,hover,10,OFFBOARD,1,2,9.857
44.73,hover,1,OFFBOARD,1,2,9.931
44.73,hover,2,OFFBOARD,1,2,9.916
44.73,hover,3,OFFBOARD,1,2,9.892
44.73,hover,4,OFFBOARD,1,2,9.95
44.73,hover,5,OFFBOARD,1,2,9.838
44.73,hover,6,OFFBOARD,1,2,9.861
44.73,hover,7,OFFBOARD,1,2,9.902
44.73,hover,8,OFFBOARD,1,2,9.856
44.73,hover,9,OFFBOARD,1,2,9.863
44.73,hover,10,OFFBOARD,1,2,9.856
44.93,hover,1,OFFBOARD,1,2,9.913
44.93,hover,2,OFFBOARD,1,2,9.91
44.93,hover,3,OFFBOARD,1,2,9.894
44.93,hover,4,OFFBOARD,1,2,9.947
44.93,hover,5,OFFBOARD,1,2,9.849
44.93,hover,6,OFFBOARD,1,2,9.888
44.93,hover,7,OFFBOARD,1,2,9.907
44.93,hover,8,OFFBOARD,1,2,9.853
44.93,hover,9,OFFBOARD,1,2,9.864
44.93,hover,10,OFFBOARD,1,2,9.85
45.13,hover,1,OFFBOARD,1,2,9.903
45.13,hover,2,OFFBOARD,1,2,9.905
45.13,hover,3,OFFBOARD,1,2,9.892
45.13,hover,4,OFFBOARD,1,2,9.961
45.13,hover,5,OFFBOARD,1,2,9.859
45.13,hover,6,OFFBOARD,1,2,9.897
45.13,hover,7,OFFBOARD,1,2,9.913
45.13,hover,8,OFFBOARD,1,2,9.848
45.13,hover,9,OFFBOARD,1,2,9.87
45.13,hover,10,OFFBOARD,1,2,9.846
45.34,hover,1,OFFBOARD,1,2,9.899
45.34,hover,2,OFFBOARD,1,2,9.895
45.34,hover,3,OFFBOARD,1,2,9.886
45.34,hover,4,OFFBOARD,1,2,9.97
45.34,hover,5,OFFBOARD,1,2,9.865
45.34,hover,6,OFFBOARD,1,2,9.899
45.34,hover,7,OFFBOARD,1,2,9.914
45.34,hover,8,OFFBOARD,1,2,9.84
45.34,hover,9,OFFBOARD,1,2,9.881
45.34,hover,10,OFFBOARD,1,2,9.848
45.55,hover,1,OFFBOARD,1,2,9.884
45.55,hover,2,OFFBOARD,1,2,9.887
45.55,hover,3,OFFBOARD,1,2,9.875
45.55,hover,4,OFFBOARD,1,2,9.973
45.55,hover,5,OFFBOARD,1,2,9.866
45.55,hover,6,OFFBOARD,1,2,9.908
45.55,hover,7,OFFBOARD,1,2,9.908
45.55,hover,8,OFFBOARD,1,2,9.843
45.55,hover,9,OFFBOARD,1,2,9.89
45.55,hover,10,OFFBOARD,1,2,9.85
45.75,hover,1,OFFBOARD,1,2,9.873
45.75,hover,2,OFFBOARD,1,2,9.869
45.75,hover,3,OFFBOARD,1,2,9.856
45.75,hover,4,OFFBOARD,1,2,9.975
45.75,hover,5,OFFBOARD,1,2,9.868
45.75,hover,6,OFFBOARD,1,2,9.914
45.75,hover,7,OFFBOARD,1,2,9.902
45.75,hover,8,OFFBOARD,1,2,9.85
45.75,hover,9,OFFBOARD,1,2,9.89
45.75,hover,10,OFFBOARD,1,2,9.839
45.97,hover,1,OFFBOARD,1,2,9.868
45.97,hover,2,OFFBOARD,1,2,9.856
45.97,hover,3,OFFBOARD,1,2,9.855
45.97,hover,4,OFFBOARD,1,2,9.969
45.97,hover,5,OFFBOARD,1,2,9.865
45.97,hover,6,OFFBOARD,1,2,9.92
45.97,hover,7,OFFBOARD,1,2,9.899
45.97,hover,8,OFFBOARD,1,2,9.85
45.97,hover,9,OFFBOARD,1,2,9.884
45.97,hover,10,OFFBOARD,1,2,9.844
46.17,hover,1,OFFBOARD,1,2,9.857
46.17,hover,2,OFFBOARD,1,2,9.849
46.17,hover,3,OFFBOARD,1,2,9.865
46.17,hover,4,OFFBOARD,1,2,9.964
46.17,hover,5,OFFBOARD,1,2,9.864
46.17,hover,6,OFFBOARD,1,2,9.917
46.17,hover,7,OFFBOARD,1,2,9.897
46.17,hover,8,OFFBOARD,1,2,9.848
46.17,hover,9,OFFBOARD,1,2,9.877
46.17,hover,10,OFFBOARD,1,2,9.85
46.38,hover,1,OFFBOARD,1,2,9.838
46.38,hover,2,OFFBOARD,1,2,9.838
46.38,hover,3,OFFBOARD,1,2,9.869
46.38,hover,4,OFFBOARD,1,2,9.972
46.38,hover,5,OFFBOARD,1,2,9.872
46.38,hover,6,OFFBOARD,1,2,9.926
46.38,hover,7,OFFBOARD,1,2,9.895
46.38,hover,8,OFFBOARD,1,2,9.85
46.38,hover,9,OFFBOARD,1,2,9.87
46.38,hover,10,OFFBOARD,1,2,9.853
46.59,hover,1,OFFBOARD,1,2,9.822
46.59,hover,2,OFFBOARD,1,2,9.83
46.59,hover,3,OFFBOARD,1,2,9.864
46.59,hover,4,OFFBOARD,1,2,9.984
46.59,hover,5,OFFBOARD,1,2,9.87
46.59,hover,6,OFFBOARD,1,2,9.934
46.59,hover,7,OFFBOARD,1,2,9.901
46.59,hover,8,OFFBOARD,1,2,9.858
46.59,hover,9,OFFBOARD,1,2,9.868
46.59,hover,10,OFFBOARD,1,2,9.865
46.79,hover,1,OFFBOARD,1,2,9.817
46.79,hover,2,OFFBOARD,1,2,9.826
46.79,hover,3,OFFBOARD,1,2,9.854
46.79,hover,4,OFFBOARD,1,2,9.987
46.79,hover,5,OFFBOARD,1,2,9.869
46.79,hover,6,OFFBOARD,1,2,9.938
46.79,hover,7,OFFBOARD,1,2,9.901
46.79,hover,8,OFFBOARD,1,2,9.863
46.79,hover,9,OFFBOARD,1,2,9.873
46.79,hover,10,OFFBOARD,1,2,9.878
47.0,hover,1,OFFBOARD,1,2,9.812
47.0,hover,2,OFFBOARD,1,2,9.832
47.0,hover,3,OFFBOARD,1,2,9.844
47.0,hover,4,OFFBOARD,1,2,9.991
47.0,hover,5,OFFBOARD,1,2,9.87
47.0,hover,6,OFFBOARD,1,2,9.948
47.0,hover,7,OFFBOARD,1,2,9.908
47.0,hover,8,OFFBOARD,1,2,9.856
47.0,hover,9,OFFBOARD,1,2,9.876
47.0,hover,10,OFFBOARD,1,2,9.891
47.22,hover,1,OFFBOARD,1,2,9.804
47.22,hover,2,OFFBOARD,1,2,9.834
47.22,hover,3,OFFBOARD,1,2,9.828
47.22,hover,4,OFFBOARD,1,2,9.995
47.22,hover,5,OFFBOARD,1,2,9.864
47.22,hover,6,OFFBOARD,1,2,9.96
47.22,hover,7,OFFBOARD,1,2,9.921
47.22,hover,8,OFFBOARD,1,2,9.852
47.22,hover,9,OFFBOARD,1,2,9.873
47.22,hover,10,OFFBOARD,1,2,9.896
47.43,hover,1,OFFBOARD,1,2,9.807
47.43,hover,2,OFFBOARD,1,2,9.82
47.43,hover,3,OFFBOARD,1,2,9.808
47.43,hover,4,OFFBOARD,1,2,9.998
47.43,hover,5,OFFBOARD,1,2,9.865
47.43,hover,6,OFFBOARD,1,2,9.973
47.43,hover,7,OFFBOARD,1,2,9.932
47.43,hover,8,OFFBOARD,1,2,9.856
47.43,hover,9,OFFBOARD,1,2,9.871
47.43,hover,10,OFFBOARD,1,2,9.902
47.63,hover,1,OFFBOARD,1,2,9.813
47.63,hover,2,OFFBOARD,1,2,9.811
47.63,hover,3,OFFBOARD,1,2,9.806
47.63,hover,4,OFFBOARD,1,2,10.001
47.63,hover,5,OFFBOARD,1,2,9.874
47.63,hover,6,OFFBOARD,1,2,9.972
47.63,hover,7,OFFBOARD,1,2,9.936
47.63,hover,8,OFFBOARD,1,2,9.867
47.63,hover,9,OFFBOARD,1,2,9.875
47.63,hover,10,OFFBOARD,1,2,9.898
47.84,hover,1,OFFBOARD,1,2,9.832
47.84,hover,2,OFFBOARD,1,2,9.807
47.84,hover,3,OFFBOARD,1,2,9.808
47.84,hover,4,OFFBOARD,1,2,9.996
47.84,hover,5,OFFBOARD,1,2,9.88
47.84,hover,6,OFFBOARD,1,2,9.98
47.84,hover,7,OFFBOARD,1,2,9.94
47.84,hover,8,OFFBOARD,1,2,9.878
47.84,hover,9,OFFBOARD,1,2,9.882
47.84,hover,10,OFFBOARD,1,2,9.903
48.04,hover,1,OFFBOARD,1,2,9.844
48.04,hover,2,OFFBOARD,1,2,9.806
48.04,hover,3,OFFBOARD,1,2,9.814
48.04,hover,4,OFFBOARD,1,2,9.985
48.04,hover,5,OFFBOARD,1,2,9.874
48.04,hover,6,OFFBOARD,1,2,9.984
48.04,hover,7,OFFBOARD,1,2,9.944
48.04,hover,8,OFFBOARD,1,2,9.905
48.04,hover,9,OFFBOARD,1,2,9.872
48.04,hover,10,OFFBOARD,1,2,9.906
48.25,hover,1,OFFBOARD,1,2,9.856
48.25,hover,2,OFFBOARD,1,2,9.803
48.25,hover,3,OFFBOARD,1,2,9.811
48.25,hover,4,OFFBOARD,1,2,9.987
48.25,hover,5,OFFBOARD,1,2,9.876
48.25,hover,6,OFFBOARD,1,2,9.984
48.25,hover,7,OFFBOARD,1,2,9.944
48.25,hover,8,OFFBOARD,1,2,9.925
48.25,hover,9,OFFBOARD,1,2,9.864
48.25,hover,10,OFFBOARD,1,2,9.91
48.47,hover,1,OFFBOARD,1,2,9.862
48.47,hover,2,OFFBOARD,1,2,9.801
48.47,hover,3,OFFBOARD,1,2,9.802
48.47,hover,4,OFFBOARD,1,2,9.978
48.47,hover,5,OFFBOARD,1,2,9.878
48.47,hover,6,OFFBOARD,1,2,9.979
48.47,hover,7,OFFBOARD,1,2,9.943
48.47,hover,8,OFFBOARD,1,2,9.933
48.47,hover,9,OFFBOARD,1,2,9.86
48.47,hover,10,OFFBOARD,1,2,9.914
48.68,hover,1,OFFBOARD,1,2,9.863
48.68,hover,2,OFFBOARD,1,2,9.806
48.68,hover,3,OFFBOARD,1,2,9.796
48.68,hover,4,OFFBOARD,1,2,9.962
48.68,hover,5,OFFBOARD,1,2,9.878
48.68,hover,6,OFFBOARD,1,2,9.973
48.68,hover,7,OFFBOARD,1,2,9.946
48.68,hover,8,OFFBOARD,1,2,9.944
48.68,hover,9,OFFBOARD,1,2,9.863
48.68,hover,10,OFFBOARD,1,2,9.912
48.89,hover,1,OFFBOARD,1,2,9.867
48.89,hover,2,OFFBOARD,1,2,9.818
48.89,hover,3,OFFBOARD,1,2,9.793
48.89,hover,4,OFFBOARD,1,2,9.951
48.89,hover,5,OFFBOARD,1,2,9.878
48.89,hover,6,OFFBOARD,1,2,9.964
48.89,hover,7,OFFBOARD,1,2,9.939
48.89,hover,8,OFFBOARD,1,2,9.952
48.89,hover,9,OFFBOARD,1,2,9.867
48.89,hover,10,OFFBOARD,1,2,9.914
49.1,hover,1,OFFBOARD,1,2,9.889
49.1,hover,2,OFFBOARD,1,2,9.832
49.1,hover,3,OFFBOARD,1,2,9.787
49.1,hover,4,OFFBOARD,1,2,9.948
49.1,hover,5,OFFBOARD,1,2,9.873
49.1,hover,6,OFFBOARD,1,2,9.949
49.1,hover,7,OFFBOARD,1,2,9.935
49.1,hover,8,OFFBOARD,1,2,9.963
49.1,hover,9,OFFBOARD,1,2,9.881
49.1,hover,10,OFFBOARD,1,2,9.915
49.3,hover,1,OFFBOARD,1,2,9.897
49.3,hover,2,OFFBOARD,1,2,9.836
49.3,hover,3,OFFBOARD,1,2,9.792
49.3,hover,4,OFFBOARD,1,2,9.946
49.3,hover,5,OFFBOARD,1,2,9.863
49.3,hover,6,OFFBOARD,1,2,9.947
49.3,hover,7,OFFBOARD,1,2,9.932
49.3,hover,8,OFFBOARD,1,2,9.988
49.3,hover,9,OFFBOARD,1,2,9.891
49.3,hover,10,OFFBOARD,1,2,9.912
49.52,hover,1,OFFBOARD,1,2,9.895
49.52,hover,2,OFFBOARD,1,2,9.831
49.52,hover,3,OFFBOARD,1,2,9.792
49.52,hover,4,OFFBOARD,1,2,9.939
49.52,hover,5,OFFBOARD,1,2,9.864
49.52,hover,6,OFFBOARD,1,2,9.941
49.52,hover,7,OFFBOARD,1,2,9.923
49.52,hover,8,OFFBOARD,1,2,10.009
49.52,hover,9,OFFBOARD,1,2,9.896
49.52,hover,10,OFFBOARD,1,2,9.911
49.72,hover,1,OFFBOARD,1,2,9.89
49.72,hover,2,OFFBOARD,1,2,9.837
49.72,hover,3,OFFBOARD,1,2,9.798
49.72,hover,4,OFFBOARD,1,2,9.932
49.72,hover,5,OFFBOARD,1,2,9.858
49.72,hover,6,OFFBOARD,1,2,9.939
49.72,hover,7,OFFBOARD,1,2,9.918
49.72,hover,8,OFFBOARD,1,2,10.021
49.72,hover,9,OFFBOARD,1,2,9.911
49.72,hover,10,OFFBOARD,1,2,9.904
49.93,hover,1,OFFBOARD,1,2,9.883
49.93,hover,2,OFFBOARD,1,2,9.841
49.93,hover,3,OFFBOARD,1,2,9.805
49.93,hover,4,OFFBOARD,1,2,9.932
49.93,hover,5,OFFBOARD,1,2,9.859
49.93,hover,6,OFFBOARD,1,2,9.933
49.93,hover,7,OFFBOARD,1,2,9.926
49.93,hover,8,OFFBOARD,1,2,10.031
49.93,hover,9,OFFBOARD,1,2,9.918
49.93,hover,10,OFFBOARD,1,2,9.891
50.13,hover,1,OFFBOARD,1,2,9.887
50.13,hover,2,OFFBOARD,1,2,9.844
50.13,hover,3,OFFBOARD,1,2,9.818
50.13,hover,4,OFFBOARD,1,2,9.935
50.13,hover,5,OFFBOARD,1,2,9.864
50.13,hover,6,OFFBOARD,1,2,9.928
50.13,hover,7,OFFBOARD,1,2,9.93
50.13,hover,8,OFFBOARD,1,2,10.04
50.13,hover,9,OFFBOARD,1,2,9.918
50.13,hover,10,OFFBOARD,1,2,9.89
50.34,hover,1,OFFBOARD,1,2,9.899
50.34,hover,2,OFFBOARD,1,2,9.846
50.34,hover,3,OFFBOARD,1,2,9.833
50.34,hover,4,OFFBOARD,1,2,9.95
50.34,hover,5,OFFBOARD,1,2,9.859
50.34,hover,6,OFFBOARD,1,2,9.923
50.34,hover,7,OFFBOARD,1,2,9.925
50.34,hover,8,OFFBOARD,1,2,10.042
50.34,hover,9,OFFBOARD,1,2,9.927
50.34,hover,10,OFFBOARD,1,2,9.897
50.55,hover,1,OFFBOARD,1,2,9.906
50.55,hover,2,OFFBOARD,1,2,9.857
50.55,hover,3,OFFBOARD,1,2,9.844
50.55,hover,4,OFFBOARD,1,2,9.958
50.55,hover,5,OFFBOARD,1,2,9.846
50.55,hover,6,OFFBOARD,1,2,9.919
50.55,hover,7,OFFBOARD,1,2,9.92
50.55,hover,8,OFFBOARD,1,2,10.047
50.55,hover,9,OFFBOARD,1,2,9.94
50.55,hover,10,OFFBOARD,1,2,9.906
50.75,hover,1,OFFBOARD,1,2,9.903
50.75,hover,2,OFFBOARD,1,2,9.86
50.75,hover,3,OFFBOARD,1,2,9.852
50.75,hover,4,OFFBOARD,1,2,9.972
50.75,hover,5,OFFBOARD,1,2,9.839
50.75,hover,6,OFFBOARD,1,2,9.909
50.75,hover,7,OFFBOARD,1,2,9.918
50.75,hover,8,OFFBOARD,1,2,10.047
50.75,hover,9,OFFBOARD,1,2,9.938
50.75,hover,10,OFFBOARD,1,2,9.911
50.97,hover,1,OFFBOARD,1,2,9.903
50.97,hover,2,OFFBOARD,1,2,9.884
50.97,hover,3,OFFBOARD,1,2,9.86
50.97,hover,4,OFFBOARD,1,2,9.984
50.97,hover,5,OFFBOARD,1,2,9.841
50.97,hover,6,OFFBOARD,1,2,9.913
50.97,hover,7,OFFBOARD,1,2,9.914
50.97,hover,8,OFFBOARD,1,2,10.039
50.97,hover,9,OFFBOARD,1,2,9.938
50.97,hover,10,OFFBOARD,1,2,9.915
51.18,hover,1,OFFBOARD,1,2,9.899
51.18,hover,2,OFFBOARD,1,2,9.905
51.18,hover,3,OFFBOARD,1,2,9.866
51.18,hover,4,OFFBOARD,1,2,10.003
51.18,hover,5,OFFBOARD,1,2,9.844
51.18,hover,6,OFFBOARD,1,2,9.919
51.18,hover,7,OFFBOARD,1,2,9.911
51.18,hover,8,OFFBOARD,1,2,10.032
51.18,hover,9,OFFBOARD,1,2,9.938
51.18,hover,10,OFFBOARD,1,2,9.918
51.38,hover,1,OFFBOARD,1,2,9.896
51.38,hover,2,OFFBOARD,1,2,9.919
51.38,hover,3,OFFBOARD,1,2,9.868
51.38,hover,4,OFFBOARD,1,2,10.014
51.38,hover,5,OFFBOARD,1,2,9.84
51.38,hover,6,OFFBOARD,1,2,9.925
51.38,hover,7,OFFBOARD,1,2,9.899
51.38,hover,8,OFFBOARD,1,2,10.021
51.38,hover,9,OFFBOARD,1,2,9.933
51.38,hover,10,OFFBOARD,1,2,9.918
51.59,hover,1,OFFBOARD,1,2,9.896
51.59,hover,2,OFFBOARD,1,2,9.913
51.59,hover,3,OFFBOARD,1,2,9.867
51.59,hover,4,OFFBOARD,1,2,10.016
51.59,hover,5,OFFBOARD,1,2,9.842
51.59,hover,6,OFFBOARD,1,2,9.925
51.59,hover,7,OFFBOARD,1,2,9.885
51.59,hover,8,OFFBOARD,1,2,10.014
51.59,hover,9,OFFBOARD,1,2,9.934
51.59,hover,10,OFFBOARD,1,2,9.918
51.79,hover,1,OFFBOARD,1,2,9.904
51.79,hover,2,OFFBOARD,1,2,9.907
51.79,hover,3,OFFBOARD,1,2,9.868
51.79,hover,4,OFFBOARD,1,2,10.021
51.79,hover,5,OFFBOARD,1,2,9.842
51.79,hover,6,OFFBOARD,1,2,9.921
51.79,hover,7,OFFBOARD,1,2,9.878
51.79,hover,8,OFFBOARD,1,2,10.008
51.79,hover,9,OFFBOARD,1,2,9.936
51.79,hover,10,OFFBOARD,1,2,9.93
52.0,hover,1,OFFBOARD,1,2,9.915
52.0,hover,2,OFFBOARD,1,2,9.907
52.0,hover,3,OFFBOARD,1,2,9.878
52.0,hover,4,OFFBOARD,1,2,10.034
52.0,hover,5,OFFBOARD,1,2,9.859
52.0,hover,6,OFFBOARD,1,2,9.912
52.0,hover,7,OFFBOARD,1,2,9.862
52.0,hover,8,OFFBOARD,1,2,10.005
52.0,hover,9,OFFBOARD,1,2,9.928
52.0,hover,10,OFFBOARD,1,2,9.929
52.2,hover,1,OFFBOARD,1,2,9.924
52.2,hover,2,OFFBOARD,1,2,9.916
52.2,hover,3,OFFBOARD,1,2,9.901
52.2,hover,4,OFFBOARD,1,2,10.047
52.2,hover,5,OFFBOARD,1,2,9.876
52.2,hover,6,OFFBOARD,1,2,9.913
52.2,hover,7,OFFBOARD,1,2,9.852
52.2,hover,8,OFFBOARD,1,2,10.008
52.2,hover,9,OFFBOARD,1,2,9.934
52.2,hover,10,OFFBOARD,1,2,9.931
52.42,hover,1,OFFBOARD,1,2,9.94
52.42,hover,2,OFFBOARD,1,2,9.933
52.42,hover,3,OFFBOARD,1,2,9.916
52.42,hover,4,OFFBOARD,1,2,10.065
52.42,hover,5,OFFBOARD,1,2,9.897
52.42,hover,6,OFFBOARD,1,2,9.906
52.42,hover,7,OFFBOARD,1,2,9.848
52.42,hover,8,OFFBOARD,1,2,10.02
52.42,hover,9,OFFBOARD,1,2,9.939
52.42,hover,10,OFFBOARD,1,2,9.931
52.63,hover,1,OFFBOARD,1,2,9.956
52.63,hover,2,OFFBOARD,1,2,9.94
52.63,hover,3,OFFBOARD,1,2,9.921
52.63,hover,4,OFFBOARD,1,2,10.078
52.63,hover,5,OFFBOARD,1,2,9.907
52.63,hover,6,OFFBOARD,1,2,9.91
52.63,hover,7,OFFBOARD,1,2,9.845
52.63,hover,8,OFFBOARD,1,2,10.025
52.63,hover,9,OFFBOARD,1,2,9.942
52.63,hover,10,OFFBOARD,1,2,9.928
52.84,hover,1,OFFBOARD,1,2,9.971
52.84,hover,2,OFFBOARD,1,2,9.947
52.84,hover,3,OFFBOARD,1,2,9.924
52.84,hover,4,OFFBOARD,1,2,10.085
52.84,hover,5,OFFBOARD,1,2,9.915
52.84,hover,6,OFFBOARD,1,2,9.912
52.84,hover,7,OFFBOARD,1,2,9.83
52.84,hover,8,OFFBOARD,1,2,10.034
52.84,hover,9,OFFBOARD,1,2,9.939
52.84,hover,10,OFFBOARD,1,2,9.924
53.04,hover,1,OFFBOARD,1,2,9.982
53.04,hover,2,OFFBOARD,1,2,9.945
53.04,hover,3,OFFBOARD,1,2,9.917
53.04,hover,4,OFFBOARD,1,2,10.1
53.04,hover,5,OFFBOARD,1,2,9.925
53.04,hover,6,OFFBOARD,1,2,9.918
53.04,hover,7,OFFBOARD,1,2,9.814
53.04,hover,8,OFFBOARD,1,2,10.039
53.04,hover,9,OFFBOARD,1,2,9.933
53.04,hover,10,OFFBOARD,1,2,9.937
53.25,hover,1,OFFBOARD,1,2,9.988
53.25,hover,2,OFFBOARD,1,2,9.947
53.25,hover,3,OFFBOARD,1,2,9.916
53.25,hover,4,OFFBOARD,1,2,10.125
53.25,hover,5,OFFBOARD,1,2,9.942
53.25,hover,6,OFFBOARD,1,2,9.925
53.25,hover,7,OFFBOARD,1,2,9.809
53.25,hover,8,OFFBOARD,1,2,10.045
53.25,hover,9,OFFBOARD,1,2,9.926
53.25,hover,10,OFFBOARD,1,2,9.945
53.46,hover,1,OFFBOARD,1,2,9.988
53.46,hover,2,OFFBOARD,1,2,9.951
53.46,hover,3,OFFBOARD,1,2,9.923
53.46,hover,4,OFFBOARD,1,2,10.134
53.46,hover,5,OFFBOARD,1,2,9.947
53.46,hover,6,OFFBOARD,1,2,9.938
53.46,hover,7,OFFBOARD,1,2,9.812
53.46,hover,8,OFFBOARD,1,2,10.043
53.46,hover,9,OFFBOARD,1,2,9.926
53.46,hover,10,OFFBOARD,1,2,9.941
53.67,hover,1,OFFBOARD,1,2,10.003
53.67,hover,2,OFFBOARD,1,2,9.959
53.67,hover,3,OFFBOARD,1,2,9.916
53.67,hover,4,OFFBOARD,1,2,10.13
53.67,hover,5,OFFBOARD,1,2,9.945
53.67,hover,6,OFFBOARD,1,2,9.954
53.67,hover,7,OFFBOARD,1,2,9.802
53.67,hover,8,OFFBOARD,1,2,10.032
53.67,hover,9,OFFBOARD,1,2,9.93
53.67,hover,10,OFFBOARD,1,2,9.941
53.87,hover,1,OFFBOARD,1,2,10.016
53.87,hover,2,OFFBOARD,1,2,9.98
53.87,hover,3,OFFBOARD,1,2,9.917
53.87,hover,4,OFFBOARD,1,2,10.114
53.87,hover,5,OFFBOARD,1,2,9.938
53.87,hover,6,OFFBOARD,1,2,9.959
53.87,hover,7,OFFBOARD,1,2,9.798
53.87,hover,8,OFFBOARD,1,2,10.02
53.87,hover,9,OFFBOARD,1,2,9.922
53.87,hover,10,OFFBOARD,1,2,9.938
54.08,hover,1,OFFBOARD,1,2,10.023
54.08,hover,2,OFFBOARD,1,2,10.003
54.08,hover,3,OFFBOARD,1,2,9.921
54.08,hover,4,OFFBOARD,1,2,10.105
54.08,hover,5,OFFBOARD,1,2,9.931
54.08,hover,6,OFFBOARD,1,2,9.961
54.08,hover,7,OFFBOARD,1,2,9.798
54.08,hover,8,OFFBOARD,1,2,10.001
54.08,hover,9,OFFBOARD,1,2,9.917
54.08,hover,10,OFFBOARD,1,2,9.934
54.29,hover,1,OFFBOARD,1,2,10.037
54.29,hover,2,OFFBOARD,1,2,10.027
54.29,hover,3,OFFBOARD,1,2,9.929
54.29,hover,4,OFFBOARD,1,2,10.105
54.29,hover,5,OFFBOARD,1,2,9.939
54.29,hover,6,OFFBOARD,1,2,9.968
54.29,hover,7,OFFBOARD,1,2,9.815
54.29,hover,8,OFFBOARD,1,2,9.979
54.29,hover,9,OFFBOARD,1,2,9.922
54.29,hover,10,OFFBOARD,1,2,9.935
54.49,hover,1,OFFBOARD,1,2,10.044
54.49,hover,2,OFFBOARD,1,2,10.043
54.49,hover,3,OFFBOARD,1,2,9.941
54.49,hover,4,OFFBOARD,1,2,10.107
54.49,hover,5,OFFBOARD,1,2,9.957
54.49,hover,6,OFFBOARD,1,2,9.977
54.49,hover,7,OFFBOARD,1,2,9.834
54.49,hover,8,OFFBOARD,1,2,9.974
54.49,hover,9,OFFBOARD,1,2,9.931
54.49,hover,10,OFFBOARD,1,2,9.929
54.7,hover,1,OFFBOARD,1,2,10.038
54.7,hover,2,OFFBOARD,1,2,10.056
54.7,hover,3,OFFBOARD,1,2,9.952
54.7,hover,4,OFFBOARD,1,2,10.109
54.7,hover,5,OFFBOARD,1,2,9.96
54.7,hover,6,OFFBOARD,1,2,9.98
54.7,hover,7,OFFBOARD,1,2,9.855
54.7,hover,8,OFFBOARD,1,2,9.971
54.7,hover,9,OFFBOARD,1,2,9.942
54.7,hover,10,OFFBOARD,1,2,9.92
54.92,hover,1,OFFBOARD,1,2,10.023
54.92,hover,2,OFFBOARD,1,2,10.066
54.92,hover,3,OFFBOARD,1,2,9.976
54.92,hover,4,OFFBOARD,1,2,10.11
54.92,hover,5,OFFBOARD,1,2,9.958
54.92,hover,6,OFFBOARD,1,2,9.984
54.92,hover,7,OFFBOARD,1,2,9.875
54.92,hover,8,OFFBOARD,1,2,9.972
54.92,hover,9,OFFBOARD,1,2,9.952
54.92,hover,10,OFFBOARD,1,2,9.923
55.13,hover,1,OFFBOARD,1,2,10.018
55.13,hover,2,OFFBOARD,1,2,10.087
55.13,hover,3,OFFBOARD,1,2,10.008
55.13,hover,4,OFFBOARD,1,2,10.111
55.13,hover,5,OFFBOARD,1,2,9.95
55.13,hover,6,OFFBOARD,1,2,9.989
55.13,hover,7,OFFBOARD,1,2,9.899
55.13,hover,8,OFFBOARD,1,2,9.976
55.13,hover,9,OFFBOARD,1,2,9.959
55.13,hover,10,OFFBOARD,1,2,9.914
55.33,hover,1,OFFBOARD,1,2,10.016
55.33,hover,2,OFFBOARD,1,2,10.102
55.33,hover,3,OFFBOARD,1,2,10.032
55.33,hover,4,OFFBOARD,1,2,10.111
55.33,hover,5,OFFBOARD,1,2,9.948
55.33,hover,6,OFFBOARD,1,2,9.996
55.33,hover,7,OFFBOARD,1,2,9.932
55.33,hover,8,OFFBOARD,1,2,9.983
55.33,hover,9,OFFBOARD,1,2,9.959
55.33,hover,10,OFFBOARD,1,2,9.907
55.54,hover,1,OFFBOARD,1,2,10.014
55.54,hover,2,OFFBOARD,1,2,10.104
55.54,hover,3,OFFBOARD,1,2,10.052
55.54,hover,4,OFFBOARD,1,2,10.116
55.54,hover,5,OFFBOARD,1,2,9.951
55.54,hover,6,OFFBOARD,1,2,10.014
55.54,hover,7,OFFBOARD,1,2,9.955
55.54,hover,8,OFFBOARD,1,2,9.984
55.54,hover,9,OFFBOARD,1,2,9.95
55.54,hover,10,OFFBOARD,1,2,9.904
55.74,hover,1,OFFBOARD,1,2,10.012
55.74,hover,2,OFFBOARD,1,2,10.098
55.74,hover,3,OFFBOARD,1,2,10.066
55.74,hover,4,OFFBOARD,1,2,10.12
55.74,hover,5,OFFBOARD,1,2,9.946
55.74,hover,6,OFFBOARD,1,2,10.031
55.74,hover,7,OFFBOARD,1,2,9.974
55.74,hover,8,OFFBOARD,1,2,9.981
55.74,hover,9,OFFBOARD,1,2,9.946
55.74,hover,10,OFFBOARD,1,2,9.9
55.94,hover,1,OFFBOARD,1,2,10.002
55.94,hover,2,OFFBOARD,1,2,10.081
55.94,hover,3,OFFBOARD,1,2,10.082
55.94,hover,4,OFFBOARD,1,2,10.127
55.94,hover,5,OFFBOARD,1,2,9.939
55.94,hover,6,OFFBOARD,1,2,10.036
55.94,hover,7,OFFBOARD,1,2,9.994
55.94,hover,8,OFFBOARD,1,2,9.976
55.94,hover,9,OFFBOARD,1,2,9.959
55.94,hover,10,OFFBOARD,1,2,9.886
56.15,hover,1,OFFBOARD,1,2,10.003
56.15,hover,2,OFFBOARD,1,2,10.062
56.15,hover,3,OFFBOARD,1,2,10.084
56.15,hover,4,OFFBOARD,1,2,10.143
56.15,hover,5,OFFBOARD,1,2,9.936
56.15,hover,6,OFFBOARD,1,2,10.036
56.15,hover,7,OFFBOARD,1,2,9.998
56.15,hover,8,OFFBOARD,1,2,9.981
56.15,hover,9,OFFBOARD,1,2,9.975
56.15,hover,10,OFFBOARD,1,2,9.873
56.37,hover,1,OFFBOARD,1,2,9.999
56.37,hover,2,OFFBOARD,1,2,10.049
56.37,hover,3,OFFBOARD,1,2,10.087
56.37,hover,4,OFFBOARD,1,2,10.148
56.37,hover,5,OFFBOARD,1,2,9.936
56.37,hover,6,OFFBOARD,1,2,10.024
56.37,hover,7,OFFBOARD,1,2,10.002
56.37,hover,8,OFFBOARD,1,2,9.989
56.37,hover,9,OFFBOARD,1,2,10.006
56.37,hover,10,OFFBOARD,1,2,9.868
56.57,hover,1,OFFBOARD,1,2,9.992
56.57,hover,2,OFFBOARD,1,2,10.032
56.57,hover,3,OFFBOARD,1,2,10.084
56.57,hover,4,OFFBOARD,1,2,10.162
56.57,hover,5,OFFBOARD,1,2,9.944
56.57,hover,6,OFFBOARD,1,2,10.021
56.57,hover,7,OFFBOARD,1,2,10.004
56.57,hover,8,OFFBOARD,1,2,9.991
56.57,hover,9,OFFBOARD,1,2,10.021
56.57,hover,10,OFFBOARD,1,2,9.862
56.78,hover,1,OFFBOARD,1,2,9.978
56.78,hover,2,OFFBOARD,1,2,10.024
56.78,hover,3,OFFBOARD,1,2,10.084
56.78,hover,4,OFFBOARD,1,2,10.171
56.78,hover,5,OFFBOARD,1,2,9.959
56.78,hover,6,OFFBOARD,1,2,10.024
56.78,hover,7,OFFBOARD,1,2,10.017
56.78,hover,8,OFFBOARD,1,2,9.995
56.78,hover,9,OFFBOARD,1,2,10.035
56.78,hover,10,OFFBOARD,1,2,9.852
56.99,hover,1,OFFBOARD,1,2,9.964
56.99,hover,2,OFFBOARD,1,2,10.019
56.99,hover,3,OFFBOARD,1,2,10.087
56.99,hover,4,OFFBOARD,1,2,10.175
56.99,hover,5,OFFBOARD,1,2,9.973
56.99,hover,6,OFFBOARD,1,2,10.02
56.99,hover,7,OFFBOARD,1,2,10.026
56.99,hover,8,OFFBOARD,1,2,9.997
56.99,hover,9,OFFBOARD,1,2,10.041
56.99,hover,10,OFFBOARD,1,2,9.846
57.19,hover,1,OFFBOARD,1,2,9.952
57.19,hover,2,OFFBOARD,1,2,10.019
57.19,hover,3,OFFBOARD,1,2,10.09
57.19,hover,4,OFFBOARD,1,2,10.18
57.19,hover,5,OFFBOARD,1,2,9.993
57.19,hover,6,OFFBOARD,1,2,10.018
57.19,hover,7,OFFBOARD,1,2,10.022
57.19,hover,8,OFFBOARD,1,2,9.994
57.19,hover,9,OFFBOARD,1,2,10.043
57.19,hover,10,OFFBOARD,1,2,9.842
57.4,hover,1,OFFBOARD,1,2,9.95
57.4,hover,2,OFFBOARD,1,2,10.014
57.4,hover,3,OFFBOARD,1,2,10.088
57.4,hover,4,OFFBOARD,1,2,10.181
57.4,hover,5,OFFBOARD,1,2,10.021
57.4,hover,6,OFFBOARD,1,2,10.021
57.4,hover,7,OFFBOARD,1,2,10.014
57.4,hover,8,OFFBOARD,1,2,9.989
57.4,hover,9,OFFBOARD,1,2,10.032
57.4,hover,10,OFFBOARD,1,2,9.846
57.6,hover,1,OFFBOARD,1,2,9.948
57.6,hover,2,OFFBOARD,1,2,10.007
57.6,hover,3,OFFBOARD,1,2,10.076
57.6,hover,4,OFFBOARD,1,2,10.177
57.6,hover,5,OFFBOARD,1,2,10.043
57.6,hover,6,OFFBOARD,1,2,10.027
57.6,hover,7,OFFBOARD,1,2,9.999
57.6,hover,8,OFFBOARD,1,2,9.985
57.6,hover,9,OFFBOARD,1,2,10.016
57.6,hover,10,OFFBOARD,1,2,9.86
57.82,hover,1,OFFBOARD,1,2,9.938
57.82,hover,2,OFFBOARD,1,2,10.01
57.82,hover,3,OFFBOARD,1,2,10.065
57.82,hover,4,OFFBOARD,1,2,10.169
57.82,hover,5,OFFBOARD,1,2,10.065
57.82,hover,6,OFFBOARD,1,2,10.033
57.82,hover,7,OFFBOARD,1,2,9.994
57.82,hover,8,OFFBOARD,1,2,9.986
57.82,hover,9,OFFBOARD,1,2,10.008
57.82,hover,10,OFFBOARD,1,2,9.875
58.02,hover,1,OFFBOARD,1,2,9.934
58.02,hover,2,OFFBOARD,1,2,10.021
58.02,hover,3,OFFBOARD,1,2,10.061
58.02,hover,4,OFFBOARD,1,2,10.154
58.02,hover,5,OFFBOARD,1,2,10.08
58.02,hover,6,OFFBOARD,1,2,10.042
58.02,hover,7,OFFBOARD,1,2,9.986
58.02,hover,8,OFFBOARD,1,2,9.973
58.02,hover,9,OFFBOARD,1,2,10.004
58.02,hover,10,OFFBOARD,1,2,9.89
58.23,hover,1,OFFBOARD,1,2,9.935
58.23,hover,2,OFFBOARD,1,2,10.022
58.23,hover,3,OFFBOARD,1,2,10.059
58.23,hover,4,OFFBOARD,1,2,10.14
58.23,hover,5,OFFBOARD,1,2,10.094
58.23,hover,6,OFFBOARD,1,2,10.056
58.23,hover,7,OFFBOARD,1,2,9.975
58.23,hover,8,OFFBOARD,1,2,9.958
58.23,hover,9,OFFBOARD,1,2,10.0
58.23,hover,10,OFFBOARD,1,2,9.898
58.44,hover,1,OFFBOARD,1,2,9.926
58.44,hover,2,OFFBOARD,1,2,10.013
58.44,hover,3,OFFBOARD,1,2,10.065
58.44,hover,4,OFFBOARD,1,2,10.133
58.44,hover,5,OFFBOARD,1,2,10.11
58.44,hover,6,OFFBOARD,1,2,10.082
58.44,hover,7,OFFBOARD,1,2,9.964
58.44,hover,8,OFFBOARD,1,2,9.944
58.44,hover,9,OFFBOARD,1,2,9.999
58.44,hover,10,OFFBOARD,1,2,9.9
58.64,hover,1,OFFBOARD,1,2,9.921
58.64,hover,2,OFFBOARD,1,2,10.015
58.64,hover,3,OFFBOARD,1,2,10.076
58.64,hover,4,OFFBOARD,1,2,10.121
58.64,hover,5,OFFBOARD,1,2,10.118
58.64,hover,6,OFFBOARD,1,2,10.088
58.64,hover,7,OFFBOARD,1,2,9.956
58.64,hover,8,OFFBOARD,1,2,9.946
58.64,hover,9,OFFBOARD,1,2,10.002
58.64,hover,10,OFFBOARD,1,2,9.911
58.84,hover,1,OFFBOARD,1,2,9.912
58.84,hover,2,OFFBOARD,1,2,10.018
58.84,hover,3,OFFBOARD,1,2,10.084
58.84,hover,4,OFFBOARD,1,2,10.104
58.84,hover,5,OFFBOARD,1,2,10.119
58.84,hover,6,OFFBOARD,1,2,10.101
58.84,hover,7,OFFBOARD,1,2,9.952
58.84,hover,8,OFFBOARD,1,2,9.958
58.84,hover,9,OFFBOARD,1,2,10.007
58.84,hover,10,OFFBOARD,1,2,9.925
59.05,hover,1,OFFBOARD,1,2,9.908
59.05,hover,2,OFFBOARD,1,2,10.022
59.05,hover,3,OFFBOARD,1,2,10.079
59.05,hover,4,OFFBOARD,1,2,10.108
59.05,hover,5,OFFBOARD,1,2,10.114
59.05,hover,6,OFFBOARD,1,2,10.114
59.05,hover,7,OFFBOARD,1,2,9.962
59.05,hover,8,OFFBOARD,1,2,9.976
59.05,hover,9,OFFBOARD,1,2,9.996
59.05,hover,10,OFFBOARD,1,2,9.927
59.25,hover,1,OFFBOARD,1,2,9.913
59.25,hover,2,OFFBOARD,1,2,10.039
59.25,hover,3,OFFBOARD,1,2,10.066
59.25,hover,4,OFFBOARD,1,2,10.116
59.25,hover,5,OFFBOARD,1,2,10.109
59.25,hover,6,OFFBOARD,1,2,10.117
59.25,hover,7,OFFBOARD,1,2,9.979
59.25,hover,8,OFFBOARD,1,2,9.988
59.25,hover,9,OFFBOARD,1,2,9.979
59.25,hover,10,OFFBOARD,1,2,9.921
59.47,hover,1,OFFBOARD,1,2,9.921
59.47,hover,2,OFFBOARD,1,2,10.048
59.47,hover,3,OFFBOARD,1,2,10.053
59.47,hover,4,OFFBOARD,1,2,10.127
59.47,hover,5,OFFBOARD,1,2,10.112
59.47,hover,6,OFFBOARD,1,2,10.116
59.47,hover,7,OFFBOARD,1,2,9.985
59.47,hover,8,OFFBOARD,1,2,9.999
59.47,hover,9,OFFBOARD,1,2,9.966
59.47,hover,10,OFFBOARD,1,2,9.914
59.68,hover,1,OFFBOARD,1,2,9.916
59.68,hover,2,OFFBOARD,1,2,10.053
59.68,hover,3,OFFBOARD,1,2,10.032
59.68,hover,4,OFFBOARD,1,2,10.135
59.68,hover,5,OFFBOARD,1,2,10.125
59.68,hover,6,OFFBOARD,1,2,10.116
59.68,hover,7,OFFBOARD,1,2,10.006
59.68,hover,8,OFFBOARD,1,2,10.005
59.68,hover,9,OFFBOARD,1,2,9.961
59.68,hover,10,OFFBOARD,1,2,9.911
59.88,hover,1,OFFBOARD,1,2,9.904
59.88,hover,2,OFFBOARD,1,2,10.051
59.88,hover,3,OFFBOARD,1,2,10.015
59.88,hover,4,OFFBOARD,1,2,10.135
59.88,hover,5,OFFBOARD,1,2,10.126
59.88,hover,6,OFFBOARD,1,2,10.112
59.88,hover,7,OFFBOARD,1,2,10.032
59.88,hover,8,OFFBOARD,1,2,10.0
59.88,hover,9,OFFBOARD,1,2,9.971
59.88,hover,10,OFFBOARD,1,2,9.93
60.09,hover,1,OFFBOARD,1,2,9.903
60.09,hover,2,OFFBOARD,1,2,10.043
60.09,hover,3,OFFBOARD,1,2,10.003
60.09,hover,4,OFFBOARD,1,2,10.133
60.09,hover,5,OFFBOARD,1,2,10.112
60.09,hover,6,OFFBOARD,1,2,10.1
60.09,hover,7,OFFBOARD,1,2,10.053
60.09,hover,8,OFFBOARD,1,2,10.004
60.09,hover,9,OFFBOARD,1,2,9.983
60.09,hover,10,OFFBOARD,1,2,9.949
60.29,land,1,OFFBOARD,1,2,9.906
60.29,land,2,OFFBOARD,1,2,10.03
60.29,land,3,OFFBOARD,1,4,9.995
60.29,land,4,OFFBOARD,1,2,10.131
60.29,land,5,OFFBOARD,1,2,10.101
60.29,land,6,OFFBOARD,1,2,10.089
60.29,land,7,OFFBOARD,1,2,10.072
60.29,land,8,OFFBOARD,1,2,10.004
60.29,land,9,OFFBOARD,1,2,9.986
60.29,land,10,OFFBOARD,1,4,9.958
60.52,land,1,OFFBOARD,1,4,9.913
60.52,land,2,OFFBOARD,1,4,10.018
60.52,land,3,OFFBOARD,1,4,9.957
60.52,land,4,OFFBOARD,1,4,10.117
60.52,land,5,OFFBOARD,1,4,10.061
60.52,land,6,OFFBOARD,1,4,10.07
60.52,land,7,OFFBOARD,1,4,10.061
60.52,land,8,OFFBOARD,1,4,9.988
60.52,land,9,OFFBOARD,1,4,9.971
60.52,land,10,OFFBOARD,1,4,9.942
60.73,land,1,OFFBOARD,1,4,9.898
60.73,land,2,AUTO.LAND,1,4,10.006
60.73,land,3,AUTO.LAND,1,4,9.843
60.73,land,4,AUTO.LAND,1,4,10.045
60.73,land,5,AUTO.LAND,1,4,9.97
60.73,land,6,OFFBOARD,1,4,10.037
60.73,land,7,OFFBOARD,1,4,9.972
60.73,land,8,AUTO.LAND,1,4,9.944
60.73,land,9,AUTO.LAND,1,4,9.874
60.73,land,10,AUTO.LAND,1,4,9.882
60.94,land,1,AUTO.LAND,1,4,9.819
60.94,land,2,AUTO.LAND,1,4,9.979
60.94,land,3,AUTO.LAND,1,4,9.695
60.94,land,4,AUTO.LAND,1,4,9.894
60.94,land,5,AUTO.LAND,1,4,9.795
60.94,land,6,AUTO.LAND,1,4,9.968
60.94,land,7,AUTO.LAND,1,4,9.803
60.94,land,8,AUTO.LAND,1,4,9.812
60.94,land,9,AUTO.LAND,1,4,9.7
60.94,land,10,AUTO.LAND,1,4,9.742
61.14,land,1,AUTO.LAND,1,4,9.671
61.14,land,2,AUTO.LAND,1,4,9.888
61.14,land,3,AUTO.LAND,1,4,9.461
61.14,land,4,AUTO.LAND,1,4,9.717
61.14,land,5,AUTO.LAND,1,4,9.569
61.14,land,6,AUTO.LAND,1,4,9.807
61.14,land,7,AUTO.LAND,1,4,9.575
61.14,land,8,AUTO.LAND,1,4,9.593
61.14,land,9,AUTO.LAND,1,4,9.477
61.14,land,10,AUTO.LAND,1,4,9.534
61.35,land,1,AUTO.LAND,1,4,9.49
61.35,land,2,AUTO.LAND,1,4,9.708
61.35,land,3,AUTO.LAND,1,4,9.188
61.35,land,4,AUTO.LAND,1,4,9.471
61.35,land,5,AUTO.LAND,1,4,9.344
61.35,land,6,AUTO.LAND,1,4,9.59
61.35,land,7,AUTO.LAND,1,4,9.357
61.35,land,8,AUTO.LAND,1,4,9.33
61.35,land,9,AUTO.LAND,1,4,9.232
61.35,land,10,AUTO.LAND,1,4,9.327
61.57,land,1,AUTO.LAND,1,4,9.238
61.57,land,2,AUTO.LAND,1,4,9.461
61.57,land,3,AUTO.LAND,1,4,8.902
61.57,land,4,AUTO.LAND,1,4,9.204
61.57,land,5,AUTO.LAND,1,4,9.07
61.57,land,6,AUTO.LAND,1,4,9.378
61.57,land,7,AUTO.LAND,1,4,9.091
61.57,land,8,AUTO.LAND,1,4,9.109
61.57,land,9,AUTO.LAND,1,4,9.014
61.57,land,10,AUTO.LAND,1,4,9.058
61.78,land,1,AUTO.LAND,1,4,8.987
61.78,land,2,AUTO.LAND,1,4,9.2
61.78,land,3,AUTO.LAND,1,4,8.654
61.78,land,4,AUTO.LAND,1,4,8.945
61.78,land,5,AUTO.LAND,1,4,8.8
61.78,land,6,AUTO.LAND,1,4,9.08
61.78,land,7,AUTO.LAND,1,4,8.844
61.78,land,8,AUTO.LAND,1,4,8.829
61.78,land,9,AUTO.LAND,1,4,8.764
61.78,land,10,AUTO.LAND,1,4,8.806
61.98,land,1,AUTO.LAND,1,4,8.753
61.98,land,2,AUTO.LAND,1,4,8.957
61.98,land,3,AUTO.LAND,1,4,8.453
61.98,land,4,AUTO.LAND,1,4,8.741
61.98,land,5,AUTO.LAND,1,4,8.555
61.98,land,6,AUTO.LAND,1,4,8.879
61.98,land,7,AUTO.LAND,1,4,8.624
61.98,land,8,AUTO.LAND,1,4,8.582
61.98,land,9,AUTO.LAND,1,4,8.527
61.98,land,10,AUTO.LAND,1,4,8.567
62.18,land,1,AUTO.LAND,1,4,8.536
62.18,land,2,AUTO.LAND,1,4,8.673
62.18,land,3,AUTO.LAND,1,4,8.219
62.18,land,4,AUTO.LAND,1,4,8.505
62.18,land,5,AUTO.LAND,1,4,8.36
62.18,land,6,AUTO.LAND,1,4,8.639
62.18,land,7,AUTO.LAND,1,4,8.409
62.18,land,8,AUTO.LAND,1,4,8.329
62.18,land,9,AUTO.LAND,1,4,8.277
62.18,land,10,AUTO.LAND,1,4,8.331
62.39,land,1,AUTO.LAND,1,4,8.344
62.39,land,2,AUTO.LAND,1,4,8.423
62.39,land,3,AUTO.LAND,1,4,8.034
62.39,land,4,AUTO.LAND,1,4,8.312
62.39,land,5,AUTO.LAND,1,4,8.13
62.39,land,6,AUTO.LAND,1,4,8.405
62.39,land,7,AUTO.LAND,1,4,8.233
62.39,land,8,AUTO.LAND,1,4,8.112
62.39,land,9,AUTO.LAND,1,4,8.071
62.39,land,10,AUTO.LAND,1,4,8.129
62.59,land,1,AUTO.LAND,1,4,8.11
62.59,land,2,AUTO.LAND,1,4,8.21
62.59,land,3,AUTO.LAND,1,4,7.818
62.59,land,4,AUTO.LAND,1,4,8.074
62.59,land,5,AUTO.LAND,1,4,7.902
62.59,land,6,AUTO.LAND,1,4,8.21
62.59,land,7,AUTO.LAND,1,4,8.012
62.59,land,8,AUTO.LAND,1,4,7.861
62.59,land,9,AUTO.LAND,1,4,7.868
62.59,land,10,AUTO.LAND,1,4,7.898
62.8,land,1,AUTO.LAND,1,4,7.923
62.8,land,2,AUTO.LAND,1,4,7.984
62.8,land,3,AUTO.LAND,1,4,7.587
62.8,land,4,AUTO.LAND,1,4,7.839
62.8,land,5,AUTO.LAND,1,4,7.722
62.8,land,6,AUTO.LAND,1,4,7.97
62.8,land,7,AUTO.LAND,1,4,7.796
62.8,land,8,AUTO.LAND,1,4,7.665
62.8,land,9,AUTO.LAND,1,4,7.633
62.8,land,10,AUTO.LAND,1,4,7.729
63.0,land,1,AUTO.LAND,1,4,7.703
63.0,land,2,AUTO.LAND,1,4,7.782
63.0,land,3,AUTO.LAND,1,4,7.365
63.0,land,4,AUTO.LAND,1,4,7.652
63.0,land,5,AUTO.LAND,1,4,7.486
63.0,land,6,AUTO.LAND,1,4,7.752
63.0,land,7,AUTO.LAND,1,4,7.619
63.0,land,8,AUTO.LAND,1,4,7.442
63.0,land,9,AUTO.LAND,1,4,7.399
63.0,land,10,AUTO.LAND,1,4,7.516
63.22,land,1,AUTO.LAND,1,4,7.481
63.22,land,2,AUTO.LAND,1,4,7.592
63.22,land,3,AUTO.LAND,1,4,7.133
63.22,land,4,AUTO.LAND,1,4,7.434
63.22,land,5,AUTO.LAND,1,4,7.284
63.22,land,6,AUTO.LAND,1,4,7.566
63.22,land,7,AUTO.LAND,1,4,7.409
63.22,land,8,AUTO.LAND,1,4,7.222
63.22,land,9,AUTO.LAND,1,4,7.207
63.22,land,10,AUTO.LAND,1,4,7.336
63.43,land,1,AUTO.LAND,1,4,7.271
63.43,land,2,AUTO.LAND,1,4,7.361
63.43,land,3,AUTO.LAND,1,4,6.931
63.43,land,4,AUTO.LAND,1,4,7.241
63.43,land,5,AUTO.LAND,1,4,7.083
63.43,land,6,AUTO.LAND,1,4,7.358
63.43,land,7,AUTO.LAND,1,4,7.213
63.43,land,8,AUTO.LAND,1,4,7.041
63.43,land,9,AUTO.LAND,1,4,6.976
63.43,land,10,AUTO.LAND,1,4,7.149
63.64,land,1,AUTO.LAND,1,4,7.069
63.64,land,2,AUTO.LAND,1,4,7.15
63.64,land,3,AUTO.LAND,1,4,6.734
63.64,land,4,AUTO.LAND,1,4,7.033
63.64,land,5,AUTO.LAND,1,4,6.882
63.64,land,6,AUTO.LAND,1,4,7.156
63.64,land,7,AUTO.LAND,1,4,7.025
63.64,land,8,AUTO.LAND,1,4,6.834
63.64,land,9,AUTO.LAND,1,4,6.754
63.64,land,10,AUTO.LAND,1,4,6.951
63.86,land,1,AUTO.LAND,1,4,6.859
63.86,land,2,AUTO.LAND,1,4,6.935
63.86,land,3,AUTO.LAND,1,4,6.54
63.86,land,4,AUTO.LAND,1,4,6.825
63.86,land,5,AUTO.LAND,1,4,6.668
63.86,land,6,AUTO.LAND,1,4,6.951
63.86,land,7,AUTO.LAND,1,4,6.857
63.86,land,8,AUTO.LAND,1,4,6.638
63.86,land,9,AUTO.LAND,1,4,6.553
63.86,land,10,AUTO.LAND,1,4,6.759
64.07,land,1,AUTO.LAND,1,4,6.697
64.07,land,2,AUTO.LAND,1,4,6.722
64.07,land,3,AUTO.LAND,1,4,6.389
64.07,land,4,AUTO.LAND,1,4,6.661
64.07,land,5,AUTO.LAND,1,4,6.505
64.07,land,6,AUTO.LAND,1,4,6.777
64.07,land,7,AUTO.LAND,1,4,6.661
64.07,land,8,AUTO.LAND,1,4,6.471
64.07,land,9,AUTO.LAND,1,4,6.369
64.07,land,10,AUTO.LAND,1,4,6.602
64.28,land,1,AUTO.LAND,1,4,6.502
64.28,land,2,AUTO.LAND,1,4,6.513
64.28,land,3,AUTO.LAND,1,4,6.21
64.28,land,4,AUTO.LAND,1,4,6.466
64.28,land,5,AUTO.LAND,1,4,6.324
64.28,land,6,AUTO.LAND,1,4,6.551
64.28,land,7,AUTO.LAND,1,4,6.465
64.28,land,8,AUTO.LAND,1,4,6.283
64.28,land,9,AUTO.LAND,1,4,6.196
64.28,land,10,AUTO.LAND,1,4,6.424
64.49,land,1,AUTO.LAND,1,4,6.306
64.49,land,2,AUTO.LAND,1,4,6.309
64.49,land,3,AUTO.LAND,1,4,6.034
64.49,land,4,AUTO.LAND,1,4,6.276
64.49,land,5,AUTO.LAND,1,4,6.156
64.49,land,6,AUTO.LAND,1,4,6.356
64.49,land,7,AUTO.LAND,1,4,6.283
64.49,land,8,AUTO.LAND,1,4,6.106
64.49,land,9,AUTO.LAND,1,4,6.024
64.49,land,10,AUTO.LAND,1,4,6.243
64.69,land,1,AUTO.LAND,1,4,6.115
64.69,land,2,AUTO.LAND,1,4,6.135
64.69,land,3,AUTO.LAND,1,4,5.862
64.69,land,4,AUTO.LAND,1,4,6.112
64.69,land,5,AUTO.LAND,1,4,5.999
64.69,land,6,AUTO.LAND,1,4,6.199
64.69,land,7,AUTO.LAND,1,4,6.144
64.69,land,8,AUTO.LAND,1,4,5.956
64.69,land,9,AUTO.LAND,1,4,5.884
64.69,land,10,AUTO.LAND,1,4,6.056
64.9,land,1,AUTO.LAND,1,4,5.919
64.9,land,2,AUTO.LAND,1,4,5.938
64.9,land,3,AUTO.LAND,1,4,5.717
64.9,land,4,AUTO.LAND,1,4,5.943
64.9,land,5,AUTO.LAND,1,4,5.821
64.9,land,6,AUTO.LAND,1,4,6.005
64.9,land,7,AUTO.LAND,1,4,5.969
64.9,land,8,AUTO.LAND,1,4,5.791
64.9,land,9,AUTO.LAND,1,4,5.725
64.9,land,10,AUTO.LAND,1,4,5.903
65.1,land,1,AUTO.LAND,1,4,5.775
65.1,land,2,AUTO.LAND,1,4,5.761
65.1,land,3,AUTO.LAND,1,4,5.546
65.1,land,4,AUTO.LAND,1,4,5.813
65.1,land,5,AUTO.LAND,1,4,5.687
65.1,land,6,AUTO.LAND,1,4,5.818
65.1,land,7,AUTO.LAND,1,4,5.8
65.1,land,8,AUTO.LAND,1,4,5.629
65.1,land,9,AUTO.LAND,1,4,5.571
65.1,land,10,AUTO.LAND,1,4,5.716
65.31,land,1,AUTO.LAND,1,4,5.611
65.31,land,2,AUTO.LAND,1,4,5.611
65.31,land,3,AUTO.LAND,1,4,5.384
65.31,land,4,AUTO.LAND,1,4,5.661
65.31,land,5,AUTO.LAND,1,4,5.534
65.31,land,6,AUTO.LAND,1,4,5.667
65.31,land,7,AUTO.LAND,1,4,5.627
65.31,land,8,AUTO.LAND,1,4,5.476
65.31,land,9,AUTO.LAND,1,4,5.425
65.31,land,10,AUTO.LAND,1,4,5.558
65.52,land,1,AUTO.LAND,1,4,5.446
65.52,land,2,AUTO.LAND,1,4,5.44
65.52,land,3,AUTO.LAND,1,4,5.242
65.52,land,4,AUTO.LAND,1,4,5.513
65.52,land,5,AUTO.LAND,1,4,5.382
65.52,land,6,AUTO.LAND,1,4,5.503
65.52,land,7,AUTO.LAND,1,4,5.464
65.52,land,8,AUTO.LAND,1,4,5.35
65.52,land,9,AUTO.LAND,1,4,5.308
65.52,land,10,AUTO.LAND,1,4,5.415
65.73,land,1,AUTO.LAND,1,4,5.299
65.73,land,2,AUTO.LAND,1,4,5.264
65.73,land,3,AUTO.LAND,1,4,5.08
65.73,land,4,AUTO.LAND,1,4,5.367
65.73,land,5,AUTO.LAND,1,4,5.259
65.73,land,6,AUTO.LAND,1,4,5.358
65.73,land,7,AUTO.LAND,1,4,5.339
65.73,land,8,AUTO.LAND,1,4,5.196
65.73,land,9,AUTO.LAND,1,4,5.167
65.73,land,10,AUTO.LAND,1,4,5.264
65.94,land,1,AUTO.LAND,1,4,5.177
65.94,land,2,AUTO.LAND,1,4,5.108
65.94,land,3,AUTO.LAND,1,4,4.917
65.94,land,4,AUTO.LAND,1,4,5.241
65.94,land,5,AUTO.LAND,1,4,5.132
65.94,land,6,AUTO.LAND,1,4,5.207
65.94,land,7,AUTO.LAND,1,4,5.2
65.94,land,8,AUTO.LAND,1,4,5.045
65.94,land,9,AUTO.LAND,1,4,5.022
65.94,land,10,AUTO.LAND,1,4,5.121
66.15,land,1,AUTO.LAND,1,4,5.03
66.15,land,2,AUTO.LAND,1,4,4.994
66.15,land,3,AUTO.LAND,1,4,4.79
66.15,land,4,AUTO.LAND,1,4,5.092
66.15,land,5,AUTO.LAND,1,4,4.998
66.15,land,6,AUTO.LAND,1,4,5.065
66.15,land,7,AUTO.LAND,1,4,5.051
66.15,land,8,AUTO.LAND,1,4,4.915
66.15,land,9,AUTO.LAND,1,4,4.887
66.15,land,10,AUTO.LAND,1,4,4.985
66.35,land,1,AUTO.LAND,1,4,4.896
66.35,land,2,AUTO.LAND,1,4,4.851
66.35,land,3,AUTO.LAND,1,4,4.637
66.35,land,4,AUTO.LAND,1,4,4.95
66.35,land,5,AUTO.LAND,1,4,4.866
66.35,land,6,AUTO.LAND,1,4,4.927
66.35,land,7,AUTO.LAND,1,4,4.918
66.35,land,8,AUTO.LAND,1,4,4.806
66.35,land,9,AUTO.LAND,1,4,4.749
66.35,land,10,AUTO.LAND,1,4,4.841
66.56,land,1,AUTO.LAND,1,4,4.786
66.56,land,2,AUTO.LAND,1,4,4.712
66.56,land,3,AUTO.LAND,1,4,4.486
66.56,land,4,AUTO.LAND,1,4,4.824
66.56,land,5,AUTO.LAND,1,4,4.746
66.56,land,6,AUTO.LAND,1,4,4.792
66.56,land,7,AUTO.LAND,1,4,4.773
66.56,land,8,AUTO.LAND,1,4,4.681
66.56,land,9,AUTO.LAND,1,4,4.622
66.56,land,10,AUTO.LAND,1,4,4.714
66.77,land,1,AUTO.LAND,1,4,4.661
66.77,land,2,AUTO.LAND,1,4,4.598
66.77,land,3,AUTO.LAND,1,4,4.348
66.77,land,4,AUTO.LAND,1,4,4.677
66.77,land,5,AUTO.LAND,1,4,4.608
66.77,land,6,AUTO.LAND,1,4,4.684
66.77,land,7,AUTO.LAND,1,4,4.643
66.77,land,8,AUTO.LAND,1,4,4.54
66.77,land,9,AUTO.LAND,1,4,4.486
66.77,land,10,AUTO.LAND,1,4,4.561
66.97,land,1,AUTO.LAND,1,4,4.532
66.97,land,2,AUTO.LAND,1,4,4.471
66.97,land,3,AUTO.LAND,1,4,4.237
66.97,land,4,AUTO.LAND,1,4,4.526
66.97,land,5,AUTO.LAND,1,4,4.48
66.97,land,6,AUTO.LAND,1,4,4.562
66.97,land,7,AUTO.LAND,1,4,4.528
66.97,land,8,AUTO.LAND,1,4,4.424
66.97,land,9,AUTO.LAND,1,4,4.358
66.97,land,10,AUTO.LAND,1,4,4.414
67.19,land,1,AUTO.LAND,1,4,4.42
67.19,land,2,AUTO.LAND,1,4,4.347
67.19,land,3,AUTO.LAND,1,4,4.114
67.19,land,4,AUTO.LAND,1,4,4.41
67.19,land,5,AUTO.LAND,1,4,4.374
67.19,land,6,AUTO.LAND,1,4,4.437
67.19,land,7,AUTO.LAND,1,4,4.391
67.19,land,8,AUTO.LAND,1,4,4.254
67.19,land,9,AUTO.LAND,1,4,4.251
67.19,land,10,AUTO.LAND,1,4,4.269
67.39,land,1,AUTO.LAND,1,4,4.298
67.39,land,2,AUTO.LAND,1,4,4.214
67.39,land,3,AUTO.LAND,1,4,3.993
67.39,land,4,AUTO.LAND,1,4,4.259
67.39,land,5,AUTO.LAND,1,4,4.247
67.39,land,6,AUTO.LAND,1,4,4.323
67.39,land,7,AUTO.LAND,1,4,4.248
67.39,land,8,AUTO.LAND,1,4,4.105
67.39,land,9,AUTO.LAND,1,4,4.127
67.39,land,10,AUTO.LAND,1,4,4.132
67.61,land,1,AUTO.LAND,1,4,4.181
67.61,land,2,AUTO.LAND,1,4,4.094
67.61,land,3,AUTO.LAND,1,4,3.869
67.61,land,4,AUTO.LAND,1,4,4.106
67.61,land,5,AUTO.LAND,1,4,4.127
67.61,land,6,AUTO.LAND,1,4,4.206
67.61,land,7,AUTO.LAND,1,4,4.106
67.61,land,8,AUTO.LAND,1,4,3.972
67.61,land,9,AUTO.LAND,1,4,3.989
67.61,land,10,AUTO.LAND,1,4,4.025
67.82,land,1,AUTO.LAND,1,4,4.058
67.82,land,2,AUTO.LAND,1,4,3.971
67.82,land,3,AUTO.LAND,1,4,3.741
67.82,land,4,AUTO.LAND,1,4,3.971
67.82,land,5,AUTO.LAND,1,4,3.997
67.82,land,6,AUTO.LAND,1,4,4.085
67.82,land,7,AUTO.LAND,1,4,3.973
67.82,land,8,AUTO.LAND,1,4,3.855
67.82,land,9,AUTO.LAND,1,4,3.861
67.82,land,10,AUTO.LAND,1,4,3.892
68.03,land,1,AUTO.LAND,1,4,3.926
68.03,land,2,AUTO.LAND,1,4,3.84
68.03,land,3,AUTO.LAND,1,4,3.6
68.03,land,4,AUTO.LAND,1,4,3.846
68.03,land,5,AUTO.LAND,1,4,3.881
68.03,land,6,AUTO.LAND,1,4,3.989
68.03,land,7,AUTO.LAND,1,4,3.861
68.03,land,8,AUTO.LAND,1,4,3.749
68.03,land,9,AUTO.LAND,1,4,3.706
68.03,land,10,AUTO.LAND,1,4,3.759
68.24,land,1,AUTO.LAND,1,4,3.813
68.24,land,2,AUTO.LAND,1,4,3.735
68.24,land,3,AUTO.LAND,1,4,3.465
68.24,land,4,AUTO.LAND,1,4,3.724
68.24,land,5,AUTO.LAND,1,4,3.741
68.24,land,6,AUTO.LAND,1,4,3.854
68.24,land,7,AUTO.LAND,1,4,3.737
68.24,land,8,AUTO.LAND,1,4,3.632
68.24,land,9,AUTO.LAND,1,4,3.567
68.24,land,10,AUTO.LAND,1,4,3.625
68.44,land,1,AUTO.LAND,1,4,3.685
68.44,land,2,AUTO.LAND,1,4,3.619
68.44,land,3,AUTO.LAND,1,4,3.359
68.44,land,4,AUTO.LAND,1,4,3.589
68.44,land,5,AUTO.LAND,1,4,3.611
68.44,land,6,AUTO.LAND,1,4,3.726
68.44,land,7,AUTO.LAND,1,4,3.643
68.44,land,8,AUTO.LAND,1,4,3.508
68.44,land,9,AUTO.LAND,1,4,3.412
68.44,land,10,AUTO.LAND,1,4,3.514
68.64,land,1,AUTO.LAND,1,4,3.593
68.64,land,2,AUTO.LAND,1,4,3.518
68.64,land,3,AUTO.LAND,1,4,3.242
68.64,land,4,AUTO.LAND,1,4,3.473
68.64,land,5,AUTO.LAND,1,4,3.471
68.64,land,6,AUTO.LAND,1,4,3.593
68.64,land,7,AUTO.LAND,1,4,3.518
68.64,land,8,AUTO.LAND,1,4,3.383
68.64,land,9,AUTO.LAND,1,4,3.295
68.64,land,10,AUTO.LAND,1,4,3.389
68.85,land,1,AUTO.LAND,1,4,3.477
68.85,land,2,AUTO.LAND,1,4,3.391
68.85,land,3,AUTO.LAND,1,4,3.127
68.85,land,4,AUTO.LAND,1,4,3.34
68.85,land,5,AUTO.LAND,1,4,3.354
68.85,land,6,AUTO.LAND,1,4,3.476
68.85,land,7,AUTO.LAND,1,4,3.388
68.85,land,8,AUTO.LAND,1,4,3.284
68.85,land,9,AUTO.LAND,1,4,3.178
68.85,land,10,AUTO.LAND,1,4,3.263
69.06,land,1,AUTO.LAND,1,4,3.363
69.06,land,2,AUTO.LAND,1,4,3.282
69.06,land,3,AUTO.LAND,1,4,3.023
69.06,land,4,AUTO.LAND,1,4,3.208
69.06,land,5,AUTO.LAND,1,4,3.208
69.06,land,6,AUTO.LAND,1,4,3.339
69.06,land,7,AUTO.LAND,1,4,3.273
69.06,land,8,AUTO.LAND,1,4,3.187
69.06,land,9,AUTO.LAND,1,4,3.096
69.06,land,10,AUTO.LAND,1,4,3.135
69.27,land,1,AUTO.LAND,1,4,3.268
69.27,land,2,AUTO.LAND,1,4,3.148
69.27,land,3,AUTO.LAND,1,4,2.892
69.27,land,4,AUTO.LAND,1,4,3.1
69.27,land,5,AUTO.LAND,1,4,3.111
69.27,land,6,AUTO.LAND,1,4,3.222
69.27,land,7,AUTO.LAND,1,4,3.14
69.27,land,8,AUTO.LAND,1,4,3.082
69.27,land,9,AUTO.LAND,1,4,3.006
69.27,land,10,AUTO.LAND,1,4,3.03
69.47,land,1,AUTO.LAND,1,4,3.142
69.47,land,2,AUTO.LAND,1,4,3.028
69.47,land,3,AUTO.LAND,1,4,2.789
69.47,land,4,AUTO.LAND,1,4,2.98
69.47,land,5,AUTO.LAND,1,4,3.02
69.47,land,6,AUTO.LAND,1,4,3.083
69.47,land,7,AUTO.LAND,1,4,3.02
69.47,land,8,AUTO.LAND,1,4,2.971
69.47,land,9,AUTO.LAND,1,4,2.918
69.47,land,10,AUTO.LAND,1,4,2.912
69.68,land,1,AUTO.LAND,1,4,3.023
69.68,land,2,AUTO.LAND,1,4,2.935
69.68,land,3,AUTO.LAND,1,4,2.671
69.68,land,4,AUTO.LAND,1,4,2.902
69.68,land,5,AUTO.LAND,1,4,2.914
69.68,land,6,AUTO.LAND,1,4,2.96
69.68,land,7,AUTO.LAND,1,4,2.919
69.68,land,8,AUTO.LAND,1,4,2.871
69.68,land,9,AUTO.LAND,1,4,2.821
69.68,land,10,AUTO.LAND,1,4,2.79
69.89,land,1,AUTO.LAND,1,4,2.928
69.89,land,2,AUTO.LAND,1,4,2.82
69.89,land,3,AUTO.LAND,1,4,2.554
69.89,land,4,AUTO.LAND,1,4,2.808
69.89,land,5,AUTO.LAND,1,4,2.817
69.89,land,6,AUTO.LAND,1,4,2.813
69.89,land,7,AUTO.LAND,1,4,2.836
69.89,land,8,AUTO.LAND,1,4,2.762
69.89,land,9,AUTO.LAND,1,4,2.738
69.89,land,10,AUTO.LAND,1,4,2.675
70.09,land,1,AUTO.LAND,1,4,2.811
70.09,land,2,AUTO.LAND,1,4,2.712
70.09,land,3,AUTO.LAND,1,4,2.458
70.09,land,4,AUTO.LAND,1,4,2.718
70.09,land,5,AUTO.LAND,1,4,2.752
70.09,land,6,AUTO.LAND,1,4,2.691
70.09,land,7,AUTO.LAND,1,4,2.76
70.09,land,8,AUTO.LAND,1,4,2.65
70.09,land,9,AUTO.LAND,1,4,2.629
70.09,land,10,AUTO.LAND,1,4,2.579
70.3,land,1,AUTO.LAND,1,4,2.684
70.3,land,2,AUTO.LAND,1,4,2.617
70.3,land,3,AUTO.LAND,1,4,2.344
70.3,land,4,AUTO.LAND,1,4,2.593
70.3,land,5,AUTO.LAND,1,4,2.674
70.3,land,6,AUTO.LAND,1,4,2.589
70.3,land,7,AUTO.LAND,1,4,2.664
70.3,land,8,AUTO.LAND,1,4,2.547
70.3,land,9,AUTO.LAND,1,4,2.515
70.3,land,10,AUTO.LAND,1,4,2.468
70.5,land,1,AUTO.LAND,1,4,2.591
70.5,land,2,AUTO.LAND,1,4,2.518
70.5,land,3,AUTO.LAND,1,4,2.215
70.5,land,4,AUTO.LAND,1,4,2.463
70.5,land,5,AUTO.LAND,1,4,2.592
70.5,land,6,AUTO.LAND,1,4,2.518
70.5,land,7,AUTO.LAND,1,4,2.558
70.5,land,8,AUTO.LAND,1,4,2.416
70.5,land,9,AUTO.LAND,1,4,2.399
70.5,land,10,AUTO.LAND,1,4,2.354
70.71,land,1,AUTO.LAND,1,4,2.48
70.71,land,2,AUTO.LAND,1,4,2.441
70.71,land,3,AUTO.LAND,1,4,2.106
70.71,land,4,AUTO.LAND,1,4,2.352
70.71,land,5,AUTO.LAND,1,4,2.514
70.71,land,6,AUTO.LAND,1,4,2.433
70.71,land,7,AUTO.LAND,1,4,2.426
70.71,land,8,AUTO.LAND,1,4,2.275
70.71,land,9,AUTO.LAND,1,4,2.247
70.71,land,10,AUTO.LAND,1,4,2.238
70.92,land,1,AUTO.LAND,1,4,2.386
70.92,land,2,AUTO.LAND,1,4,2.355
70.92,land,3,AUTO.LAND,1,4,1.959
70.92,land,4,AUTO.LAND,1,4,2.212
70.92,land,5,AUTO.LAND,1,4,2.412
70.92,land,6,AUTO.LAND,1,4,2.366
70.92,land,7,AUTO.LAND,1,4,2.297
70.92,land,8,AUTO.LAND,1,4,2.146
70.92,land,9,AUTO.LAND,1,4,2.107
70.92,land,10,AUTO.LAND,1,4,2.087
71.14,land,1,AUTO.LAND,1,4,2.267
71.14,land,2,AUTO.LAND,1,4,2.25
71.14,land,3,AUTO.LAND,1,4,1.81
71.14,land,4,AUTO.LAND,1,4,2.067
71.14,land,5,AUTO.LAND,1,4,2.318
71.14,land,6,AUTO.LAND,1,4,2.285
71.14,land,7,AUTO.LAND,1,4,2.155
71.14,land,8,AUTO.LAND,1,4,1.978
71.14,land,9,AUTO.LAND,1,4,1.961
71.14,land,10,AUTO.LAND,1,4,1.923
71.35,land,1,AUTO.LAND,1,4,2.148
71.35,land,2,AUTO.LAND,1,4,2.144
71.35,land,3,AUTO.LAND,1,4,1.666
71.35,land,4,AUTO.LAND,1,4,1.92
71.35,land,5,AUTO.LAND,1,4,2.189
71.35,land,6,AUTO.LAND,1,4,2.197
71.35,land,7,AUTO.LAND,1,4,2.009
71.35,land,8,AUTO.LAND,1,4,1.834
71.35,land,9,AUTO.LAND,1,4,1.811
71.35,land,10,AUTO.LAND,1,4,1.757
71.55,land,1,AUTO.LAND,1,4,2.021
71.55,land,2,AUTO.LAND,1,4,2.024
71.55,land,3,AUTO.LAND,1,4,1.542
71.55,land,4,AUTO.LAND,1,4,1.762
71.55,land,5,AUTO.LAND,1,4,2.071
71.55,land,6,AUTO.LAND,1,4,2.102
71.55,land,7,AUTO.LAND,1,4,1.885
71.55,land,8,AUTO.LAND,1,4,1.687
71.55,land,9,AUTO.LAND,1,4,1.686
71.55,land,10,AUTO.LAND,1,4,1.597
71.76,land,1,AUTO.LAND,1,4,1.896
71.76,land,2,AUTO.LAND,1,4,1.891
71.76,land,3,AUTO.LAND,1,4,1.429
71.76,land,4,AUTO.LAND,1,4,1.595
71.76,land,5,AUTO.LAND,1,4,1.949
71.76,land,6,AUTO.LAND,1,4,2.009
71.76,land,7,AUTO.LAND,1,4,1.762
71.76,land,8,AUTO.LAND,1,4,1.547
71.76,land,9,AUTO.LAND,1,4,1.526
71.76,land,10,AUTO.LAND,1,4,1.479
71.97,land,1,AUTO.LAND,1,4,1.754
71.97,land,2,AUTO.LAND,1,4,1.749
71.97,land,3,AUTO.LAND,1,4,1.294
71.97,land,4,AUTO.LAND,1,4,1.416
71.97,land,5,AUTO.LAND,1,4,1.824
71.97,land,6,AUTO.LAND,1,4,1.914
71.97,land,7,AUTO.LAND,1,4,1.645
71.97,land,8,AUTO.LAND,1,4,1.408
71.97,land,9,AUTO.LAND,1,4,1.359
71.97,land,10,AUTO.LAND,1,4,1.305
72.18,land,1,AUTO.LAND,1,4,1.626
72.18,land,2,AUTO.LAND,1,4,1.605
72.18,land,3,AUTO.LAND,1,4,1.154
72.18,land,4,AUTO.LAND,1,4,1.281
72.18,land,5,AUTO.LAND,1,4,1.682
72.18,land,6,AUTO.LAND,1,4,1.805
72.18,land,7,AUTO.LAND,1,4,1.526
72.18,land,8,AUTO.LAND,1,4,1.308
72.18,land,9,AUTO.LAND,1,4,1.206
72.18,land,10,AUTO.LAND,1,4,1.144
72.38,land,1,AUTO.LAND,1,4,1.471
72.38,land,2,AUTO.LAND,1,4,1.472
72.38,land,3,AUTO.LAND,1,4,1.001
72.38,land,4,AUTO.LAND,1,4,1.125
72.38,land,5,AUTO.LAND,1,4,1.546
72.38,land,6,AUTO.LAND,1,4,1.699
72.38,land,7,AUTO.LAND,1,4,1.423
72.38,land,8,AUTO.LAND,1,4,1.191
72.38,land,9,AUTO.LAND,1,4,1.102
72.38,land,10,AUTO.LAND,1,4,1.02
72.59,land,1,AUTO.LAND,1,4,1.315
72.59,land,2,AUTO.LAND,1,4,1.334
72.59,land,3,AUTO.LAND,1,4,0.849
72.59,land,4,AUTO.LAND,1,4,0.984
72.59,land,5,AUTO.LAND,1,4,1.396
72.59,land,6,AUTO.LAND,1,4,1.546
72.59,land,7,AUTO.LAND,1,4,1.307
72.59,land,8,AUTO.LAND,1,4,1.094
72.59,land,9,AUTO.LAND,1,4,1.046
72.59,land,10,AUTO.LAND,1,4,0.878
72.79,land,1,AUTO.LAND,1,4,1.185
72.79,land,2,AUTO.LAND,1,4,1.205
72.79,land,3,AUTO.LAND,1,4,0.739
72.79,land,4,AUTO.LAND,1,4,0.859
72.79,land,5,AUTO.LAND,1,4,1.261
72.79,land,6,AUTO.LAND,1,4,1.388
72.79,land,7,AUTO.LAND,1,4,1.211
72.79,land,8,AUTO.LAND,1,4,0.991
72.79,land,9,AUTO.LAND,1,4,0.985
72.79,land,10,AUTO.LAND,1,4,0.779
72.99,land,1,AUTO.LAND,1,4,1.02
72.99,land,2,AUTO.LAND,1,4,1.049
72.99,land,3,AUTO.LAND,1,4,0.643
72.99,land,4,AUTO.LAND,1,4,0.739
72.99,land,5,AUTO.LAND,1,4,1.145
72.99,land,6,AUTO.LAND,1,4,1.245
72.99,land,7,AUTO.LAND,1,4,1.089
72.99,land,8,AUTO.LAND,1,4,0.922
72.99,land,9,AUTO.LAND,1,4,0.931
72.99,land,10,AUTO.LAND,1,4,0.72
73.2,land,1,AUTO.LAND,1,4,0.853
73.2,land,2,AUTO.LAND,1,4,0.89
73.2,land,3,AUTO.LAND,1,4,0.581
73.2,land,4,AUTO.LAND,1,4,0.653
73.2,land,5,AUTO.LAND,1,4,1.01
73.2,land,6,AUTO.LAND,1,4,1.08
73.2,land,7,AUTO.LAND,1,4,0.982
73.2,land,8,AUTO.LAND,1,4,0.867
73.2,land,9,AUTO.LAND,1,4,0.898
73.2,land,10,AUTO.LAND,1,4,0.643
73.4,land,1,AUTO.LAND,1,4,0.716
73.4,land,2,AUTO.LAND,1,4,0.758
73.4,land,3,AUTO.LAND,1,4,0.509
73.4,land,4,AUTO.LAND,1,4,0.592
73.4,land,5,AUTO.LAND,1,4,0.921
73.4,land,6,AUTO.LAND,1,4,0.936
73.4,land,7,AUTO.LAND,1,4,0.913
73.4,land,8,AUTO.LAND,1,4,0.797
73.4,land,9,AUTO.LAND,1,4,0.882
73.4,land,10,AUTO.LAND,1,4,0.562
73.62,land,1,AUTO.LAND,1,4,0.571
73.62,land,2,AUTO.LAND,1,4,0.613
73.62,land,3,AUTO.LAND,1,4,0.439
73.62,land,4,AUTO.LAND,1,4,0.517
73.62,land,5,AUTO.LAND,1,4,0.849
73.62,land,6,AUTO.LAND,1,4,0.79
73.62,land,7,AUTO.LAND,1,4,0.847
73.62,land,8,AUTO.LAND,1,4,0.712
73.62,land,9,AUTO.LAND,1,4,0.867
73.62,land,10,AUTO.LAND,1,4,0.492
73.83,land,1,AUTO.LAND,1,4,0.464
73.83,land,2,AUTO.LAND,1,4,0.501
73.83,land,3,AUTO.LAND,1,4,0.369
73.83,land,4,AUTO.LAND,1,4,0.449
73.83,land,5,AUTO.LAND,1,4,0.793
73.83,land,6,AUTO.LAND,1,4,0.684
73.83,land,7,AUTO.LAND,1,4,0.769
73.83,land,8,AUTO.LAND,1,4,0.631
73.83,land,9,AUTO.LAND,1,4,0.851
73.83,land,10,AUTO.LAND,1,4,0.425
74.03,land,1,AUTO.LAND,1,4,0.391
74.03,land,2,AUTO.LAND,1,4,0.424
74.03,land,3,AUTO.LAND,1,4,0.311
74.03,land,4,AUTO.LAND,1,4,0.388
74.03,land,5,AUTO.LAND,1,4,0.733
74.03,land,6,AUTO.LAND,1,4,0.605
74.03,land,7,AUTO.LAND,1,4,0.691
74.03,land,8,AUTO.LAND,1,4,0.564
74.03,land,9,AUTO.LAND,1,4,0.827
74.03,land,10,AUTO.LAND,1,4,0.356
74.24,land,1,AUTO.LAND,1,4,0.315
74.24,land,2,AUTO.LAND,1,4,0.332
74.24,land,3,AUTO.LAND,1,4,0.267
74.24,land,4,AUTO.LAND,1,4,0.341
74.24,land,5,AUTO.LAND,1,4,0.674
74.24,land,6,AUTO.LAND,1,4,0.531
74.24,land,7,AUTO.LAND,1,4,0.634
74.24,land,8,AUTO.LAND,1,4,0.51
74.24,land,9,AUTO.LAND,1,4,0.78
74.24,land,10,AUTO.LAND,1,4,0.284
74.45,land,1,AUTO.LAND,1,4,0.241
74.45,land,2,AUTO.LAND,1,4,0.255
74.45,land,3,AUTO.LAND,1,4,0.21
74.45,land,4,AUTO.LAND,1,4,0.292
74.45,land,5,AUTO.LAND,1,4,0.621
74.45,land,6,AUTO.LAND,1,4,0.45
74.45,land,7,AUTO.LAND,1,4,0.577
74.45,land,8,AUTO.LAND,1,4,0.448
74.45,land,9,AUTO.LAND,1,4,0.728
74.45,land,10,AUTO.LAND,1,4,0.223
74.65,land,1,AUTO.LAND,1,4,0.155
74.65,land,2,AUTO.LAND,1,4,0.204
74.65,land,3,AUTO.LAND,1,4,0.161
74.65,land,4,AUTO.LAND,1,4,0.25
74.65,land,5,AUTO.LAND,1,4,0.555
74.65,land,6,AUTO.LAND,1,4,0.381
74.65,land,7,AUTO.LAND,1,4,0.513
74.65,land,8,AUTO.LAND,1,4,0.394
74.65,land,9,AUTO.LAND,1,4,0.676
74.65,land,10,AUTO.LAND,1,4,0.168
74.86,land,1,AUTO.LAND,1,4,0.083
74.86,land,2,AUTO.LAND,1,4,0.137
74.86,land,3,AUTO.LAND,1,4,0.131
74.86,land,4,AUTO.LAND,1,4,0.211
74.86,land,5,AUTO.LAND,1,4,0.498
74.86,land,6,AUTO.LAND,1,4,0.332
74.86,land,7,AUTO.LAND,1,4,0.466
74.86,land,8,AUTO.LAND,1,4,0.351
74.86,land,9,AUTO.LAND,1,4,0.604
74.86,land,10,AUTO.LAND,1,4,0.128
75.07,land,1,AUTO.LAND,1,4,0.006
75.07,land,2,AUTO.LAND,1,4,0.066
75.07,land,3,AUTO.LAND,1,4,0.087
75.07,land,4,AUTO.LAND,1,4,0.169
75.07,land,5,AUTO.LAND,1,4,0.428
75.07,land,6,AUTO.LAND,1,4,0.271
75.07,land,7,AUTO.LAND,1,4,0.415
75.07,land,8,AUTO.LAND,1,4,0.307
75.07,land,9,AUTO.LAND,1,4,0.536
75.07,land,10,AUTO.LAND,1,4,0.092
75.28,land,1,AUTO.LAND,1,4,-0.058
75.28,land,2,AUTO.LAND,1,4,0.006
75.28,land,3,AUTO.LAND,1,4,0.046
75.28,land,4,AUTO.LAND,1,4,0.128
75.28,land,5,AUTO.LAND,1,4,0.356
75.28,land,6,AUTO.LAND,1,4,0.211
75.28,land,7,AUTO.LAND,1,4,0.373
75.28,land,8,AUTO.LAND,1,4,0.267
75.28,land,9,AUTO.LAND,1,4,0.459
75.28,land,10,AUTO.LAND,1,4,0.058
75.48,land,1,AUTO.LAND,1,4,-0.106
75.48,land,2,AUTO.LAND,1,4,-0.055
75.48,land,3,AUTO.LAND,1,4,0.012
75.48,land,4,AUTO.LAND,1,4,0.088
75.48,land,5,AUTO.LAND,1,4,0.301
75.48,land,6,AUTO.LAND,1,4,0.156
75.48,land,7,AUTO.LAND,1,4,0.337
75.48,land,8,AUTO.LAND,1,4,0.243
75.48,land,9,AUTO.LAND,1,4,0.372
75.48,land,10,AUTO.LAND,1,4,0.04
75.69,land,1,AUTO.LAND,1,4,-0.164
75.69,land,2,AUTO.LAND,1,4,-0.117
75.69,land,3,AUTO.LAND,1,4,-0.038
75.69,land,4,AUTO.LAND,1,4,0.045
75.69,land,5,AUTO.LAND,1,4,0.234
75.69,land,6,AUTO.LAND,1,4,0.092
75.69,land,7,AUTO.LAND,1,4,0.297
75.69,land,8,AUTO.LAND,1,4,0.212
75.69,land,9,AUTO.LAND,1,4,0.301
75.69,land,10,AUTO.LAND,1,4,0.025
75.89,land,1,AUTO.LAND,1,4,-0.214
75.89,land,2,AUTO.LAND,1,4,-0.16
75.89,land,3,AUTO.LAND,1,4,-0.066
75.89,land,4,AUTO.LAND,1,4,0.013
75.89,land,5,AUTO.LAND,1,4,0.197
75.89,land,6,AUTO.LAND,1,4,0.025
75.89,land,7,AUTO.LAND,1,4,0.268
75.89,land,8,AUTO.LAND,1,4,0.192
75.89,land,9,AUTO.LAND,1,4,0.221
75.89,land,10,AUTO.LAND,1,4,0.011
76.1,land,1,AUTO.LAND,1,4,-0.268
76.1,land,2,AUTO.LAND,1,4,-0.21
76.1,land,3,AUTO.LAND,1,4,-0.078
76.1,land,4,AUTO.LAND,1,4,-0.018
76.1,land,5,AUTO.LAND,1,4,0.195
76.1,land,6,AUTO.LAND,1,4,-0.028
76.1,land,7,AUTO.LAND,1,4,0.219
76.1,land,8,AUTO.LAND,1,4,0.168
76.1,land,9,AUTO.LAND,1,4,0.148
76.1,land,10,AUTO.LAND,1,4,-0.012
76.3,land,1,AUTO.LAND,1,4,-0.286
76.3,land,2,AUTO.LAND,1,4,-0.262
76.3,land,3,AUTO.LAND,1,4,-0.094
76.3,land,4,AUTO.LAND,1,4,-0.052
76.3,land,5,AUTO.LAND,1,4,0.193
76.3,land,6,AUTO.LAND,1,4,-0.053
76.3,land,7,AUTO.LAND,1,4,0.196
76.3,land,8,AUTO.LAND,1,4,0.167
76.3,land,9,AUTO.LAND,1,4,0.089
76.3,land,10,AUTO.LAND,1,4,-0.034
76.51,land,1,AUTO.LAND,1,4,-0.293
76.51,land,2,AUTO.LAND,1,4,-0.306
76.51,land,3,AUTO.LAND,1,4,-0.111
76.51,land,4,AUTO.LAND,1,4,-0.075
76.51,land,5,AUTO.LAND,1,4,0.19
76.51,land,6,AUTO.LAND,1,4,-0.061
76.51,land,7,AUTO.LAND,1,4,0.227
76.51,land,8,AUTO.LAND,1,4,0.192
76.51,land,9,AUTO.LAND,1,4,0.019
76.51,land,10,AUTO.LAND,1,4,-0.063
76.72,land,1,AUTO.LAND,1,4,-0.296
76.72,land,2,AUTO.LAND,1,4,-0.365
76.72,land,3,AUTO.LAND,1,4,-0.129
76.72,land,4,AUTO.LAND,1,4,-0.099
76.72,land,5,AUTO.LAND,1,4,0.188
76.72,land,6,AUTO.LAND,1,4,-0.068
76.72,land,7,AUTO.LAND,1,4,0.252
76.72,land,8,AUTO.LAND,1,4,0.209
76.72,land,9,AUTO.LAND,1,4,-0.033
76.72,land,10,AUTO.LAND,1,4,-0.101
76.93,land,1,AUTO.LAND,1,4,-0.306
76.93,land,2,AUTO.LAND,1,4,-0.419
76.93,land,3,AUTO.LAND,1,4,-0.141
76.93,land,4,AUTO.LAND,1,4,-0.085
76.93,land,5,AUTO.LAND,1,4,0.179
76.93,land,6,AUTO.LAND,1,4,-0.077
76.93,land,7,AUTO.LAND,1,4,0.278
76.93,land,8,AUTO.LAND,1,4,0.213
76.93,land,9,AUTO.LAND,1,4,-0.093
76.93,land,10,AUTO.LAND,1,4,-0.133
77.13,land,1,AUTO.LAND,1,4,-0.312
77.13,land,2,AUTO.LAND,1,4,-0.466
77.13,land,3,AUTO.LAND,1,4,-0.161
77.13,land,4,AUTO.LAND,1,4,-0.083
77.13,land,5,AUTO.LAND,1,4,0.164
77.13,land,6,AUTO.LAND,1,4,-0.094
77.13,land,7,AUTO.LAND,1,4,0.288
77.13,land,8,AUTO.LAND,1,4,0.214
77.13,land,9,AUTO.LAND,1,4,-0.153
77.13,land,10,AUTO.LAND,1,4,-0.16
77.34,land,1,AUTO.LAND,1,4,-0.304
77.34,land,2,AUTO.LAND,1,4,-0.499
77.34,land,3,AUTO.LAND,1,4,-0.193
77.34,land,4,AUTO.LAND,1,4,-0.084
77.34,land,5,AUTO.LAND,1,4,0.14
77.34,land,6,AUTO.LAND,1,4,-0.114
77.34,land,7,AUTO.LAND,1,4,0.286
77.34,land,8,AUTO.LAND,1,4,0.212
77.34,land,9,AUTO.LAND,1,4,-0.196
77.34,land,10,AUTO.LAND,1,4,-0.181
77.54,land,1,AUTO.LAND,1,4,-0.312
77.54,land,2,AUTO.LAND,1,4,-0.524
77.54,land,3,AUTO.LAND,1,4,-0.225
77.54,land,4,AUTO.LAND,1,4,-0.088
77.54,land,5,AUTO.LAND,1,4,0.115
77.54,land,6,AUTO.LAND,1,4,-0.127
77.54,land,7,AUTO.LAND,1,4,0.283
77.54,land,8,AUTO.LAND,1,4,0.205
77.54,land,9,AUTO.LAND,1,4,-0.234
77.54,land,10,AUTO.LAND,1,4,-0.205
77.74,land,1,AUTO.LAND,1,4,-0.333
77.74,land,2,AUTO.LAND,1,4,-0.544
77.74,land,3,AUTO.LAND,1,4,-0.264
77.74,land,4,AUTO.LAND,1,4,-0.096
77.74,land,5,AUTO.LAND,1,4,0.096
77.74,land,6,AUTO.LAND,1,4,-0.154
77.74,land,7,AUTO.LAND,1,4,0.277
77.74,land,8,AUTO.LAND,1,4,0.193
77.74,land,9,AUTO.LAND,1,4,-0.276
77.74,land,10,AUTO.LAND,1,4,-0.246
77.95,land,1,AUTO.LAND,1,4,-0.363
77.95,land,2,AUTO.LAND,1,4,-0.561
77.95,land,3,AUTO.LAND,1,4,-0.294
77.95,land,4,AUTO.LAND,1,4,-0.109
77.95,land,5,AUTO.LAND,1,4,0.083
77.95,land,6,AUTO.LAND,1,4,-0.183
77.95,land,7,AUTO.LAND,1,4,0.269
77.95,land,8,AUTO.LAND,1,4,0.17
77.95,land,9,AUTO.LAND,1,4,-0.314
77.95,land,10,AUTO.LAND,1,4,-0.286
78.16,land,1,AUTO.LAND,1,4,-0.397
78.16,land,2,AUTO.LAND,1,4,-0.576
78.16,land,3,AUTO.LAND,1,4,-0.319
78.16,land,4,AUTO.LAND,1,4,-0.122
78.16,land,5,AUTO.LAND,1,4,0.069
78.16,land,6,AUTO.LAND,1,4,-0.2
78.16,land,7,AUTO.LAND,1,1,0.259
78.16,land,8,AUTO.LAND,1,4,0.146
78.16,land,9,AUTO.LAND,1,4,-0.347
78.16,land,10,AUTO.LAND,1,4,-0.333
78.36,land,1,AUTO.LAND,1,4,-0.432
78.36,land,2,AUTO.LAND,1,4,-0.605
78.36,land,3,AUTO.LAND,1,4,-0.349
78.36,land,4,AUTO.LAND,1,4,-0.141
78.36,land,5,AUTO.LAND,1,4,0.054
78.36,land,6,AUTO.LAND,1,4,-0.218
78.36,land,7,AUTO.LAND,1,1,0.253
78.36,land,8,AUTO.LAND,1,1,0.113
78.36,land,9,AUTO.LAND,1,4,-0.351
78.36,land,10,AUTO.LAND,1,4,-0.368
78.57,land,1,AUTO.LAND,1,4,-0.461
78.57,land,2,AUTO.LAND,1,4,-0.627
78.57,land,3,AUTO.LAND,1,4,-0.375
78.57,land,4,AUTO.LAND,1,4,-0.153
78.57,land,5,AUTO.LAND,1,1,0.045
78.57,land,6,AUTO.LAND,1,4,-0.233
78.57,land,7,AUTO.LAND,1,1,0.248
78.57,land,8,AUTO.LAND,1,1,0.063
78.57,land,9,AUTO.LAND,1,4,-0.341
78.57,land,10,AUTO.LAND,1,4,-0.398
78.78,land,1,AUTO.LAND,1,4,-0.513
78.78,land,2,AUTO.LAND,1,4,-0.644
78.78,land,3,AUTO.LAND,1,4,-0.401
78.78,land,4,AUTO.LAND,1,4,-0.163
78.78,land,5,AUTO.LAND,1,1,0.034
78.78,land,6,AUTO.LAND,1,4,-0.236
78.78,land,7,AUTO.LAND,1,1,0.238
78.78,land,8,AUTO.LAND,1,1,0.018
78.78,land,9,AUTO.LAND,1,4,-0.085
78.78,land,10,AUTO.LAND,1,4,-0.427
78.98,land,1,AUTO.LAND,1,4,-0.543
78.98,land,2,AUTO.LAND,1,4,-0.662
78.98,land,3,AUTO.LAND,1,4,-0.418
78.98,land,4,AUTO.LAND,1,4,-0.186
78.98,land,5,AUTO.LAND,1,1,0.026
78.98,land,6,AUTO.LAND,1,4,-0.232
78.98,land,7,AUTO.LAND,1,1,0.233
78.98,land,8,AUTO.LAND,1,1,-0.036
78.98,land,9,AUTO.LAND,1,4,0.353
78.98,land,10,AUTO.LAND,1,4,-0.446
79.19,land,1,AUTO.LAND,1,4,-0.573
79.19,land,2,AUTO.LAND,1,4,-0.681
79.19,land,3,AUTO.LAND,1,4,-0.429
79.19,land,4,AUTO.LAND,1,4,-0.198
79.19,land,5,AUTO.LAND,1,1,0.023
79.19,land,6,AUTO.LAND,1,4,-0.233
79.19,land,7,AUTO.LAND,1,1,0.229
79.19,land,8,AUTO.LAND,1,1,-0.082
79.19,land,9,AUTO.LAND,1,4,0.584
79.19,land,10,AUTO.LAND,1,4,-0.461
79.39,land,1,AUTO.LAND,1,4,-0.606
79.39,land,2,AUTO.LAND,1,4,-0.688
79.39,land,3,AUTO.LAND,1,4,-0.434
79.39,land,4,AUTO.LAND,1,1,-0.209
79.39,land,5,AUTO.LAND,1,1,0.014
79.39,land,6,AUTO.LAND,1,4,-0.237
79.39,land,7,AUTO.LAND,1,1,0.218
79.39,land,8,AUTO.LAND,1,1,-0.117
79.39,land,9,AUTO.LAND,1,4,0.646
79.39,land,10,AUTO.LAND,1,4,-0.475
79.6,land,1,AUTO.LAND,1,4,-0.627
79.6,land,2,AUTO.LAND,1,4,-0.698
79.6,land,3,AUTO.LAND,1,4,-0.432
79.6,land,4,AUTO.LAND,1,1,-0.215
79.6,land,5,AUTO.LAND,1,1,-0.005
79.6,land,6,AUTO.LAND,1,4,-0.237
79.6,land,7,AUTO.LAND,1,1,0.2
79.6,land,8,AUTO.LAND,1,1,-0.16
79.6,land,9,AUTO.LAND,1,4,0.711
79.6,land,10,AUTO.LAND,1,4,-0.48
79.81,land,1,AUTO.LAND,1,4,-0.655
79.81,land,2,AUTO.LAND,1,4,-0.721
79.81,land,3,AUTO.LAND,1,4,-0.423
79.81,land,4,AUTO.LAND,1,1,-0.222
79.81,land,5,AUTO.LAND,1,1,-0.03
79.81,land,6,AUTO.LAND,1,4,-0.238
79.81,land,7,AUTO.LAND,1,1,0.172
79.81,land,8,AUTO.LAND,1,1,-0.204
79.81,land,9,AUTO.LAND,1,4,0.712
79.81,land,10,AUTO.LAND,1,4,-0.48
80.02,land,1,AUTO.LAND,1,4,-0.673
80.02,land,2,AUTO.LAND,1,4,-0.736
80.02,land,3,AUTO.LAND,1,4,-0.417
80.02,land,4,AUTO.LAND,1,1,-0.223
80.02,land,5,AUTO.LAND,1,1,-0.064
80.02,land,6,AUTO.LAND,1,4,-0.236
80.02,land,7,AUTO.LAND,1,1,0.144
80.02,land,8,AUTO.LAND,1,1,-0.239
80.02,land,9,AUTO.LAND,1,4,0.705
80.02,land,10,AUTO.LAND,1,4,-0.473
80.23,land,1,AUTO.LAND,1,4,-0.682
80.23,land,2,AUTO.LAND,1,4,-0.753
80.23,land,3,AUTO.LAND,1,4,-0.401
80.23,land,4,AUTO.LAND,1,1,-0.223
80.23,land,5,AUTO.LAND,1,1,-0.112
80.23,land,6,AUTO.LAND,1,1,-0.238
80.23,land,7,AUTO.LAND,1,1,0.119
80.23,land,8,AUTO.LAND,1,1,-0.268
80.23,land,9,AUTO.LAND,1,4,0.695
80.23,land,10,AUTO.LAND,1,4,-0.47
80.43,land,1,AUTO.LAND,1,4,-0.693
80.43,land,2,AUTO.LAND,1,4,-0.767
80.43,land,3,AUTO.LAND,1,1,-0.388
80.43,land,4,AUTO.LAND,1,1,-0.222
80.43,land,5,AUTO.LAND,1,1,-0.143
80.43,land,6,AUTO.LAND,1,1,-0.24
80.43,land,7,AUTO.LAND,1,1,0.102
80.43,land,8,OFFBOARD,0,1,-0.301
80.43,land,9,AUTO.LAND,1,4,0.679
80.43,land,10,AUTO.LAND,1,4,-0.468
80.64,land,1,AUTO.LAND,1,4,-0.7
80.64,land,2,AUTO.LAND,1,4,-0.79
80.64,land,3,AUTO.LAND,1,1,-0.384
80.64,land,4,AUTO.LAND,1,1,-0.228
80.64,land,5,AUTO.LAND,1,1,-0.174
80.64,land,6,AUTO.LAND,1,1,-0.248
80.64,land,7,OFFBOARD,0,1,0.085
80.64,land,8,OFFBOARD,0,1,-0.326
80.64,land,9,AUTO.LAND,1,4,0.666
80.64,land,10,AUTO.LAND,1,4,-0.465
80.84,land,1,AUTO.LAND,1,4,-0.709
80.84,land,2,AUTO.LAND,1,4,-0.8
80.84,land,3,AUTO.LAND,1,1,-0.394
80.84,land,4,AUTO.LAND,1,1,-0.228
80.84,land,5,AUTO.LAND,1,1,-0.195
80.84,land,6,AUTO.LAND,1,1,-0.253
80.84,land,7,OFFBOARD,0,1,0.068
80.84,land,8,OFFBOARD,0,1,-0.352
80.84,land,9,AUTO.LAND,1,4,0.648
80.84,land,10,AUTO.LAND,1,4,-0.465
81.05,land,1,AUTO.LAND,1,4,-0.724
81.05,land,2,AUTO.LAND,1,4,-0.805
81.05,land,3,AUTO.LAND,1,1,-0.401
81.05,land,4,AUTO.LAND,1,1,-0.228
81.05,land,5,AUTO.LAND,1,1,-0.224
81.05,land,6,AUTO.LAND,1,1,-0.257
81.05,land,7,OFFBOARD,0,1,0.054
81.05,land,8,OFFBOARD,0,1,-0.376
81.05,land,9,AUTO.LAND,1,4,0.623
81.05,land,10,AUTO.LAND,1,4,-0.462
81.25,land,1,AUTO.LAND,1,4,-0.731
81.25,land,2,AUTO.LAND,1,4,-0.814
81.25,land,3,AUTO.LAND,1,1,-0.409
81.25,land,4,AUTO.LAND,1,1,-0.231
81.25,land,5,AUTO.LAND,1,1,-0.242
81.25,land,6,AUTO.LAND,1,1,-0.279
81.25,land,7,OFFBOARD,0,1,0.042
81.25,land,8,OFFBOARD,0,1,-0.407
81.25,land,9,AUTO.LAND,1,1,0.607
81.25,land,10,AUTO.LAND,1,1,-0.469
81.47,land,1,AUTO.LAND,1,4,-0.745
81.47,land,2,AUTO.LAND,1,1,-0.827
81.47,land,3,AUTO.LAND,1,1,-0.41
81.47,land,4,AUTO.LAND,1,1,-0.231
81.47,land,5,OFFBOARD,0,1,-0.255
81.47,land,6,AUTO.LAND,1,1,-0.295
81.47,land,7,OFFBOARD,0,1,0.027
81.47,land,8,OFFBOARD,0,1,-0.432
81.47,land,9,AUTO.LAND,1,1,0.584
81.47,land,10,AUTO.LAND,1,1,-0.489
81.68,land,1,AUTO.LAND,1,1,-0.75
81.68,land,2,AUTO.LAND,1,1,-0.839
81.68,land,3,AUTO.LAND,1,1,-0.413
81.68,land,4,AUTO.LAND,1,1,-0.228
81.68,land,5,OFFBOARD,0,1,-0.268
81.68,land,6,AUTO.LAND,1,1,-0.307
81.68,land,7,OFFBOARD,0,1,0.013
81.68,land,8,OFFBOARD,0,1,-0.455
81.68,land,9,AUTO.LAND,1,1,0.557
81.68,land,10,AUTO.LAND,1,1,-0.515
81.89,land,1,AUTO.LAND,1,1,-0.761
81.89,land,2,AUTO.LAND,1,1,-0.844
81.89,land,3,AUTO.LAND,1,1,-0.408
81.89,land,4,AUTO.LAND,1,1,-0.224
81.89,land,5,OFFBOARD,0,1,-0.279
81.89,land,6,AUTO.LAND,1,1,-0.318
81.89,land,7,OFFBOARD,0,1,-0.001
81.89,land,8,OFFBOARD,0,1,-0.473
81.89,land,9,AUTO.LAND,1,1,0.522
81.89,land,10,AUTO.LAND,1,1,-0.534
82.09,land,1,AUTO.LAND,1,1,-0.779
82.09,land,2,AUTO.LAND,1,1,-0.848
82.09,land,3,AUTO.LAND,1,1,-0.401
82.09,land,4,AUTO.LAND,1,1,-0.22
82.09,land,5,OFFBOARD,0,1,-0.294
82.09,land,6,AUTO.LAND,1,1,-0.331
82.09,land,7,OFFBOARD,0,1,-0.02
82.09,land,8,OFFBOARD,0,1,-0.491
82.09,land,9,AUTO.LAND,1,1,0.497
82.09,land,10,AUTO.LAND,1,1,-0.554
82.29,land,1,AUTO.LAND,1,1,-0.797
82.29,land,2,AUTO.LAND,1,1,-0.843
82.29,land,3,AUTO.LAND,1,1,-0.393
82.29,land,4,AUTO.LAND,1,1,-0.219
82.29,land,5,OFFBOARD,0,1,-0.31
82.29,land,6,AUTO.LAND,1,1,-0.34
82.29,land,7,OFFBOARD,0,1,-0.04
82.29,land,8,OFFBOARD,0,1,-0.507
82.29,land,9,AUTO.LAND,1,1,0.48
82.29,land,10,AUTO.LAND,1,1,-0.582
82.5,land,1,AUTO.LAND,1,1,-0.811
82.5,land,2,AUTO.LAND,1,1,-0.843
82.5,land,3,OFFBOARD,0,1,-0.388
82.5,land,4,OFFBOARD,0,1,-0.218
82.5,land,5,OFFBOARD,0,1,-0.324
82.5,land,6,AUTO.LAND,1,1,-0.349
82.5,land,7,OFFBOARD,0,1,-0.058
82.5,land,8,OFFBOARD,0,1,-0.521
82.5,land,9,AUTO.LAND,1,1,0.466
82.5,land,10,AUTO.LAND,1,1,-0.61
82.72,land,1,AUTO.LAND,1,1,-0.826
82.72,land,2,AUTO.LAND,1,1,-0.859
82.72,land,3,OFFBOARD,0,1,-0.385
82.72,land,4,OFFBOARD,0,1,-0.22
82.72,land,5,OFFBOARD,0,1,-0.339
82.72,land,6,OFFBOARD,0,1,-0.356
82.72,land,7,OFFBOARD,0,1,-0.08
82.72,land,8,OFFBOARD,0,1,-0.536
82.72,land,9,AUTO.LAND,1,1,0.46
82.72,land,10,AUTO.LAND,1,1,-0.632
82.92,land,1,AUTO.LAND,1,1,-0.837
82.92,land,2,AUTO.LAND,1,1,-0.88
82.92,land,3,OFFBOARD,0,1,-0.389
82.92,land,4,OFFBOARD,0,1,-0.222
82.92,land,5,OFFBOARD,0,1,-0.352
82.92,land,6,OFFBOARD,0,1,-0.361
82.92,land,7,OFFBOARD,0,1,-0.102
82.92,land,8,OFFBOARD,0,1,-0.549
82.92,land,9,AUTO.LAND,1,1,0.467
82.92,land,10,AUTO.LAND,1,1,-0.651
83.13,land,1,AUTO.LAND,1,1,-0.852
83.13,land,2,AUTO.LAND,1,1,-0.907
83.13,land,3,OFFBOARD,0,1,-0.393
83.13,land,4,OFFBOARD,0,1,-0.222
83.13,land,5,OFFBOARD,0,1,-0.362
83.13,land,6,OFFBOARD,0,1,-0.366
83.13,land,7,OFFBOARD,0,1,-0.123
83.13,land,8,OFFBOARD,0,1,-0.561
83.13,land,9,AUTO.LAND,1,1,0.471
83.13,land,10,AUTO.LAND,1,1,-0.674
83.34,land,1,AUTO.LAND,1,1,-0.879
83.34,land,2,AUTO.LAND,1,1,-0.932
83.34,land,3,OFFBOARD,0,1,-0.389
83.34,land,4,OFFBOARD,0,1,-0.221
83.34,land,5,OFFBOARD,0,1,-0.373
83.34,land,6,OFFBOARD,0,1,-0.369
83.34,land,7,OFFBOARD,0,1,-0.009
83.34,land,8,OFFBOARD,0,1,-0.294
83.34,land,9,AUTO.LAND,1,1,0.475
83.34,land,10,AUTO.LAND,1,1,-0.68
83.54,land,1,AUTO.LAND,1,1,-0.899
83.54,land,2,OFFBOARD,0,1,-0.958
83.54,land,3,OFFBOARD,0,1,-0.387
83.54,land,4,OFFBOARD,0,1,-0.22
83.54,land,5,OFFBOARD,0,1,-0.335
83.54,land,6,OFFBOARD,0,1,-0.373
83.54,land,7,OFFBOARD,0,1,0.072
83.54,land,8,OFFBOARD,0,1,-0.055
83.54,land,9,OFFBOARD,0,1,0.459
83.54,land,10,OFFBOARD,0,1,-0.691
84.75,done,1,OFFBOARD,0,1,-0.993
84.75,done,2,OFFBOARD,0,1,-1.086
84.75,done,3,OFFBOARD,0,1,-0.401
84.75,done,4,OFFBOARD,0,1,-0.009
84.75,done,5,OFFBOARD,0,1,0.166
84.75,done,6,OFFBOARD,0,1,-0.409
84.75,done,7,OFFBOARD,0,1,0.141
84.75,done,8,OFFBOARD,0,1,0.251
84.75,done,9,OFFBOARD,0,1,0.331
84.75,done,10,OFFBOARD,0,1,-0.709
